timestamp,open,high,low,close,volume
2022-12-31 00:00:00,5.477,5.479,5.458,5.459,106204.0
2022-12-31 01:00:00,5.459,5.462,5.383,5.393,309476.0
2022-12-31 02:00:00,5.393,5.441,5.388,5.437,220496.0
2022-12-31 03:00:00,5.437,5.441,5.41,5.422,144758.0
2022-12-31 04:00:00,5.421,5.431,5.413,5.427,76398.0
2022-12-31 05:00:00,5.427,5.44,5.416,5.426,70174.0
2022-12-31 06:00:00,5.426,5.432,5.415,5.429,58226.0
2022-12-31 07:00:00,5.43,5.469,5.426,5.459,215427.0
2022-12-31 08:00:00,5.46,5.482,5.455,5.456,112195.0
2022-12-31 09:00:00,5.456,5.512,5.452,5.492,177106.0
2022-12-31 10:00:00,5.492,5.589,5.487,5.559,303900.0
2022-12-31 11:00:00,5.56,5.586,5.555,5.575,135879.0
2022-12-31 12:00:00,5.575,5.599,5.557,5.587,195093.0
2022-12-31 13:00:00,5.587,5.588,5.562,5.583,174069.0
2022-12-31 14:00:00,5.583,5.628,5.574,5.583,264159.0
2022-12-31 15:00:00,5.583,5.607,5.582,5.587,94024.0
2022-12-31 16:00:00,5.586,5.594,5.556,5.577,122518.0
2022-12-31 17:00:00,5.577,5.582,5.541,5.553,106034.0
2022-12-31 18:00:00,5.554,5.578,5.554,5.565,58558.0
2022-12-31 19:00:00,5.565,5.598,5.561,5.586,47250.0
2022-12-31 20:00:00,5.586,5.603,5.582,5.584,55775.0
2022-12-31 21:00:00,5.585,5.596,5.56,5.563,39478.0
2022-12-31 22:00:00,5.563,5.577,5.544,5.567,77967.0
2022-12-31 23:00:00,5.565,5.579,5.536,5.574,95174.0
2023-01-01 00:00:00,5.575,5.581,5.513,5.525,155881.0
2023-01-01 01:00:00,5.525,5.566,5.523,5.555,108014.0
2023-01-01 02:00:00,5.555,5.566,5.546,5.546,92518.0
2023-01-01 03:00:00,5.546,5.558,5.533,5.552,79702.0
2023-01-01 04:00:00,5.552,5.554,5.504,5.517,158174.0
2023-01-01 05:00:00,5.516,5.546,5.512,5.535,99296.0
2023-01-01 06:00:00,5.536,5.547,5.53,5.545,48606.0
2023-01-01 07:00:00,5.545,5.548,5.517,5.53,69558.0
2023-01-01 08:00:00,5.53,5.539,5.511,5.514,75793.0
2023-01-01 09:00:00,5.514,5.58,5.511,5.576,101083.0
2023-01-01 10:00:00,5.576,5.579,5.555,5.569,105569.0
2023-01-01 11:00:00,5.569,5.591,5.569,5.575,133280.0
2023-01-01 12:00:00,5.575,5.588,5.563,5.572,97671.0
2023-01-01 13:00:00,5.571,5.577,5.55,5.561,94814.0
2023-01-01 14:00:00,5.561,5.577,5.554,5.555,31163.0
2023-01-01 15:00:00,5.554,5.599,5.554,5.595,130469.0
2023-01-01 16:00:00,5.595,5.605,5.582,5.596,113630.0
2023-01-01 17:00:00,5.596,5.62,5.595,5.609,119279.0
2023-01-01 18:00:00,5.609,5.638,5.609,5.617,168808.0
2023-01-01 19:00:00,5.616,5.621,5.599,5.605,96683.0
2023-01-01 20:00:00,5.605,5.64,5.605,5.615,57936.0
2023-01-01 21:00:00,5.615,5.629,5.611,5.628,41922.0
2023-01-01 22:00:00,5.626,5.63,5.605,5.614,53855.0
2023-01-01 23:00:00,5.614,5.631,5.61,5.629,71587.0
2023-01-02 00:00:00,5.629,5.662,5.601,5.603,190372.0
2023-01-02 01:00:00,5.603,5.608,5.546,5.561,369382.0
2023-01-02 02:00:00,5.561,5.594,5.557,5.576,120391.0
2023-01-02 03:00:00,5.576,5.632,5.575,5.626,163827.0
2023-01-02 04:00:00,5.627,5.636,5.599,5.611,71560.0
2023-01-02 05:00:00,5.611,5.638,5.605,5.632,95174.0
2023-01-02 06:00:00,5.634,5.649,5.608,5.614,106974.0
2023-01-02 07:00:00,5.613,5.739,5.612,5.681,712453.0
2023-01-02 08:00:00,5.682,5.722,5.676,5.688,250764.0
2023-01-02 09:00:00,5.689,5.711,5.684,5.694,106133.0
2023-01-02 10:00:00,5.695,5.727,5.683,5.69,139953.0
2023-01-02 11:00:00,5.69,5.699,5.659,5.694,108567.0
2023-01-02 12:00:00,5.694,5.712,5.677,5.684,84197.0
2023-01-02 13:00:00,5.683,5.702,5.654,5.666,135791.0
2023-01-02 14:00:00,5.665,5.685,5.66,5.683,88863.0
2023-01-02 15:00:00,5.678,5.715,5.672,5.7,152315.0
2023-01-02 16:00:00,5.699,5.713,5.688,5.691,63729.0
2023-01-02 17:00:00,5.695,5.727,5.683,5.716,113083.0
2023-01-02 18:00:00,5.716,5.74,5.698,5.699,169465.0
2023-01-02 19:00:00,5.704,5.734,5.698,5.729,105223.0
2023-01-02 20:00:00,5.73,5.731,5.711,5.718,21676.0
2023-01-02 21:00:00,5.72,5.762,5.72,5.745,104064.0
2023-01-02 22:00:00,5.743,5.749,5.682,5.692,112199.0
2023-01-02 23:00:00,5.691,5.712,5.67,5.693,108428.0
2023-01-03 00:00:00,5.691,5.715,5.684,5.701,76913.0
2023-01-03 01:00:00,5.7,5.705,5.639,5.672,155373.0
2023-01-03 02:00:00,5.671,5.682,5.663,5.668,46324.0
2023-01-03 03:00:00,5.668,5.686,5.657,5.679,66108.0
2023-01-03 04:00:00,5.678,5.686,5.648,5.65,94259.0
2023-01-03 05:00:00,5.651,5.696,5.649,5.695,147891.0
2023-01-03 06:00:00,5.695,5.722,5.676,5.683,216309.0
2023-01-03 07:00:00,5.682,5.69,5.666,5.686,98949.0
2023-01-03 08:00:00,5.686,5.694,5.631,5.649,180126.0
2023-01-03 09:00:00,5.649,5.685,5.647,5.674,141631.0
2023-01-03 10:00:00,5.675,5.683,5.667,5.667,77264.0
2023-01-03 11:00:00,5.667,5.678,5.65,5.664,95811.0
2023-01-03 12:00:00,5.664,5.673,5.65,5.658,72553.0
2023-01-03 13:00:00,5.659,5.702,5.656,5.691,157704.0
2023-01-03 14:00:00,5.691,5.712,5.588,5.62,519450.0
2023-01-03 15:00:00,5.62,5.648,5.601,5.633,205762.0
2023-01-03 16:00:00,5.632,5.649,5.595,5.598,149302.0
2023-01-03 17:00:00,5.597,5.621,5.564,5.599,151504.0
2023-01-03 18:00:00,5.598,5.599,5.567,5.594,122603.0
2023-01-03 19:00:00,5.594,5.606,5.578,5.597,69033.0
2023-01-03 20:00:00,5.596,5.613,5.592,5.593,85427.0
2023-01-03 21:00:00,5.594,5.607,5.592,5.606,43876.0
2023-01-03 22:00:00,5.608,5.614,5.571,5.598,73860.0
2023-01-03 23:00:00,5.598,5.629,5.598,5.622,72725.0
2023-01-04 00:00:00,5.622,5.632,5.611,5.626,119430.0
2023-01-04 01:00:00,5.626,5.703,5.622,5.681,296637.0
2023-01-04 02:00:00,5.683,5.751,5.683,5.749,278819.0
2023-01-04 03:00:00,5.751,5.816,5.747,5.79,526164.0
2023-01-04 04:00:00,5.79,5.801,5.76,5.79,133329.0
2023-01-04 05:00:00,5.789,5.81,5.764,5.806,201791.0
2023-01-04 06:00:00,5.807,5.822,5.788,5.815,233909.0
2023-01-04 07:00:00,5.815,5.838,5.787,5.8,354439.0
2023-01-04 08:00:00,5.799,5.824,5.758,5.79,231640.0
2023-01-04 09:00:00,5.79,5.79,5.759,5.77,138388.0
2023-01-04 10:00:00,5.77,5.78,5.764,5.773,110397.0
2023-01-04 11:00:00,5.772,5.775,5.759,5.766,48327.0
2023-01-04 12:00:00,5.767,5.794,5.754,5.763,125715.0
2023-01-04 13:00:00,5.763,5.846,5.762,5.806,317190.0
2023-01-04 14:00:00,5.807,5.814,5.774,5.788,181029.0
2023-01-04 15:00:00,5.79,5.812,5.72,5.812,315585.0
2023-01-04 16:00:00,5.812,5.837,5.79,5.819,344235.0
2023-01-04 17:00:00,5.818,5.857,5.798,5.799,216866.0
2023-01-04 18:00:00,5.801,5.846,5.797,5.814,92140.0
2023-01-04 19:00:00,5.813,5.837,5.745,5.77,348069.0
2023-01-04 20:00:00,5.769,5.77,5.707,5.738,143049.0
2023-01-04 21:00:00,5.737,5.753,5.729,5.748,45293.0
2023-01-04 22:00:00,5.75,5.763,5.736,5.749,50443.0
2023-01-04 23:00:00,5.749,5.815,5.749,5.809,99951.0
2023-01-05 00:00:00,5.808,5.817,5.764,5.765,131639.0
2023-01-05 01:00:00,5.764,5.792,5.741,5.776,158254.0
2023-01-05 02:00:00,5.776,5.782,5.754,5.772,63953.0
2023-01-05 03:00:00,5.773,5.779,5.746,5.762,65809.0
2023-01-05 04:00:00,5.765,5.789,5.761,5.784,157213.0
2023-01-05 05:00:00,5.785,5.802,5.779,5.788,185538.0
2023-01-05 06:00:00,5.788,5.793,5.745,5.758,114320.0
2023-01-05 07:00:00,5.757,5.767,5.729,5.764,128327.0
2023-01-05 08:00:00,5.765,5.765,5.718,5.741,137312.0
2023-01-05 09:00:00,5.741,5.741,5.684,5.717,198572.0
2023-01-05 10:00:00,5.717,5.734,5.707,5.722,119545.0
2023-01-05 11:00:00,5.722,5.728,5.7,5.721,79577.0
2023-01-05 12:00:00,5.72,5.72,5.686,5.707,110135.0
2023-01-05 13:00:00,5.707,5.718,5.662,5.675,245738.0
2023-01-05 14:00:00,5.674,5.715,5.67,5.711,175637.0
2023-01-05 15:00:00,5.711,5.739,5.7,5.716,181331.0
2023-01-05 16:00:00,5.716,5.738,5.704,5.73,95245.0
2023-01-05 17:00:00,5.731,5.746,5.715,5.719,80797.0
2023-01-05 18:00:00,5.721,5.761,5.72,5.759,103115.0
2023-01-05 19:00:00,5.759,5.763,5.742,5.752,98337.0
2023-01-05 20:00:00,5.752,5.758,5.734,5.747,47450.0
2023-01-05 21:00:00,5.747,5.754,5.722,5.735,102123.0
2023-01-05 22:00:00,5.735,5.737,5.602,5.655,335202.0
2023-01-05 23:00:00,5.653,5.674,5.604,5.66,421761.0
2023-01-06 00:00:00,5.66,5.677,5.628,5.67,235417.0
2023-01-06 01:00:00,5.67,5.682,5.637,5.645,119960.0
2023-01-06 02:00:00,5.645,5.659,5.616,5.653,153676.0
2023-01-06 03:00:00,5.653,5.658,5.635,5.636,94697.0
2023-01-06 04:00:00,5.635,5.641,5.583,5.623,236081.0
2023-01-06 05:00:00,5.623,5.626,5.589,5.606,115295.0
2023-01-06 06:00:00,5.605,5.617,5.575,5.613,174349.0
2023-01-06 07:00:00,5.613,5.619,5.604,5.618,69553.0
2023-01-06 08:00:00,5.62,5.63,5.603,5.626,133113.0
2023-01-06 09:00:00,5.627,5.627,5.594,5.622,67307.0
2023-01-06 10:00:00,5.623,5.624,5.594,5.601,37863.0
2023-01-06 11:00:00,5.602,5.613,5.578,5.606,163105.0
2023-01-06 12:00:00,5.606,5.608,5.587,5.597,95792.0
2023-01-06 13:00:00,5.597,5.641,5.517,5.6,898429.0
2023-01-06 14:00:00,5.603,5.628,5.589,5.617,155672.0
2023-01-06 15:00:00,5.618,5.659,5.614,5.652,247356.0
2023-01-06 16:00:00,5.652,5.674,5.631,5.665,187196.0
2023-01-06 17:00:00,5.667,5.675,5.653,5.655,67321.0
2023-01-06 18:00:00,5.659,5.69,5.659,5.674,123385.0
2023-01-06 19:00:00,5.676,5.726,5.659,5.714,226007.0
2023-01-06 20:00:00,5.714,5.727,5.672,5.676,146694.0
2023-01-06 21:00:00,5.677,5.696,5.672,5.687,45028.0
2023-01-06 22:00:00,5.686,5.715,5.686,5.713,68197.0
2023-01-06 23:00:00,5.714,5.729,5.696,5.711,229428.0
2023-01-07 00:00:00,5.712,5.741,5.691,5.734,243983.0
2023-01-07 01:00:00,5.734,5.805,5.733,5.799,468316.0
2023-01-07 02:00:00,5.798,5.804,5.759,5.765,162402.0
2023-01-07 03:00:00,5.765,5.775,5.753,5.769,123666.0
2023-01-07 04:00:00,5.769,5.789,5.76,5.785,62831.0
2023-01-07 05:00:00,5.785,5.788,5.748,5.75,221545.0
2023-01-07 06:00:00,5.75,5.761,5.736,5.756,95908.0
2023-01-07 07:00:00,5.757,5.778,5.753,5.778,99048.0
2023-01-07 08:00:00,5.779,5.779,5.746,5.75,132805.0
2023-01-07 09:00:00,5.751,5.772,5.743,5.765,75127.0
2023-01-07 10:00:00,5.764,5.782,5.762,5.768,128722.0
2023-01-07 11:00:00,5.769,5.777,5.757,5.762,126064.0
2023-01-07 12:00:00,5.763,5.776,5.757,5.766,83972.0
2023-01-07 13:00:00,5.767,5.813,5.766,5.774,257907.0
2023-01-07 14:00:00,5.774,5.795,5.771,5.794,60141.0
2023-01-07 15:00:00,5.794,5.824,5.79,5.816,210797.0
2023-01-07 16:00:00,5.816,5.837,5.781,5.792,312973.0
2023-01-07 17:00:00,5.792,5.8,5.777,5.786,121939.0
2023-01-07 18:00:00,5.786,5.808,5.786,5.791,133970.0
2023-01-07 19:00:00,5.791,5.814,5.79,5.803,65710.0
2023-01-07 20:00:00,5.803,5.812,5.775,5.786,81638.0
2023-01-07 21:00:00,5.785,5.793,5.777,5.781,52666.0
2023-01-07 22:00:00,5.781,5.822,5.774,5.806,130076.0
2023-01-07 23:00:00,5.806,5.845,5.797,5.83,186937.0
2023-01-08 00:00:00,5.83,5.846,5.753,5.784,314177.0
2023-01-08 01:00:00,5.783,5.809,5.763,5.801,204324.0
2023-01-08 02:00:00,5.802,5.808,5.768,5.786,72806.0
2023-01-08 03:00:00,5.787,5.823,5.779,5.82,148099.0
2023-01-08 04:00:00,5.821,5.826,5.812,5.818,99857.0
2023-01-08 05:00:00,5.818,5.884,5.808,5.866,325448.0
2023-01-08 06:00:00,5.866,5.868,5.833,5.839,144275.0
2023-01-08 07:00:00,5.839,5.85,5.823,5.828,124962.0
2023-01-08 08:00:00,5.828,5.862,5.821,5.838,229511.0
2023-01-08 09:00:00,5.838,5.875,5.82,5.829,176023.0
2023-01-08 10:00:00,5.83,5.84,5.807,5.81,92047.0
2023-01-08 11:00:00,5.811,5.82,5.783,5.784,161868.0
2023-01-08 12:00:00,5.784,5.803,5.775,5.784,86036.0
2023-01-08 13:00:00,5.783,5.794,5.777,5.79,94886.0
2023-01-08 14:00:00,5.79,5.843,5.787,5.838,165631.0
2023-01-08 15:00:00,5.838,5.862,5.811,5.849,160949.0
2023-01-08 16:00:00,5.851,5.863,5.789,5.808,176970.0
2023-01-08 17:00:00,5.807,5.816,5.788,5.792,68038.0
2023-01-08 18:00:00,5.791,5.818,5.783,5.816,90515.0
2023-01-08 19:00:00,5.817,5.834,5.811,5.827,72899.0
2023-01-08 20:00:00,5.826,5.881,5.821,5.863,222354.0
2023-01-08 21:00:00,5.863,5.882,5.83,5.831,126328.0
2023-01-08 22:00:00,5.832,5.863,5.826,5.857,59558.0
2023-01-08 23:00:00,5.859,5.998,5.859,5.965,527432.0
2023-01-09 00:00:00,5.963,6.033,5.934,6.027,556914.0
2023-01-09 01:00:00,6.027,6.108,5.996,6.087,767068.0
2023-01-09 02:00:00,6.085,6.139,6.054,6.081,565302.0
2023-01-09 03:00:00,6.082,6.113,6.058,6.09,179864.0
2023-01-09 04:00:00,6.091,6.127,6.091,6.12,162959.0
2023-01-09 05:00:00,6.12,6.141,6.106,6.113,259374.0
2023-01-09 06:00:00,6.113,6.122,6.073,6.08,251051.0
2023-01-09 07:00:00,6.08,6.13,6.08,6.127,146320.0
2023-01-09 08:00:00,6.127,6.18,6.11,6.143,280207.0
2023-01-09 09:00:00,6.142,6.212,6.14,6.184,319385.0
2023-01-09 10:00:00,6.184,6.236,6.16,6.187,538355.0
2023-01-09 11:00:00,6.187,6.214,6.155,6.155,214312.0
2023-01-09 12:00:00,6.157,6.195,6.156,6.172,136823.0
2023-01-09 13:00:00,6.172,6.197,6.079,6.132,320333.0
2023-01-09 14:00:00,6.132,6.193,6.089,6.182,320149.0
2023-01-09 15:00:00,6.183,6.23,6.134,6.204,354467.0
2023-01-09 16:00:00,6.204,6.257,6.163,6.199,400423.0
2023-01-09 17:00:00,6.199,6.237,6.176,6.221,264395.0
2023-01-09 18:00:00,6.222,6.237,6.137,6.165,272716.0
2023-01-09 19:00:00,6.165,6.165,6.103,6.103,113115.0
2023-01-09 20:00:00,6.102,6.111,6.012,6.074,434375.0
2023-01-09 21:00:00,6.075,6.124,6.061,6.099,215649.0
2023-01-09 22:00:00,6.1,6.1,6.022,6.062,241698.0
2023-01-09 23:00:00,6.06,6.082,6.019,6.066,215627.0
2023-01-10 00:00:00,6.067,6.135,6.066,6.133,168499.0
2023-01-10 01:00:00,6.133,6.133,6.081,6.093,186761.0
2023-01-10 02:00:00,6.094,6.122,5.97,6.038,508302.0
2023-01-10 03:00:00,6.04,6.083,6.021,6.081,173101.0
2023-01-10 04:00:00,6.08,6.098,6.058,6.097,208709.0
2023-01-10 05:00:00,6.098,6.109,6.08,6.102,113340.0
2023-01-10 06:00:00,6.104,6.11,6.071,6.093,106459.0
2023-01-10 07:00:00,6.094,6.098,6.062,6.076,117264.0
2023-01-10 08:00:00,6.077,6.112,6.054,6.112,162120.0
2023-01-10 09:00:00,6.11,6.128,6.092,6.115,132378.0
2023-01-10 10:00:00,6.115,6.158,6.109,6.154,116815.0
2023-01-10 11:00:00,6.153,6.17,6.104,6.109,212202.0
2023-01-10 12:00:00,6.108,6.124,6.074,6.082,175495.0
2023-01-10 13:00:00,6.081,6.109,6.062,6.093,170677.0
2023-01-10 14:00:00,6.095,6.162,6.083,6.125,311253.0
2023-01-10 15:00:00,6.127,6.163,6.114,6.14,236251.0
2023-01-10 16:00:00,6.14,6.147,6.114,6.137,119349.0
2023-01-10 17:00:00,6.137,6.188,6.128,6.18,175848.0
2023-01-10 18:00:00,6.18,6.216,6.173,6.208,221845.0
2023-01-10 19:00:00,6.208,6.302,6.196,6.24,565986.0
2023-01-10 20:00:00,6.24,6.245,6.2,6.218,186017.0
2023-01-10 21:00:00,6.217,6.228,6.186,6.192,158868.0
2023-01-10 22:00:00,6.192,6.198,6.106,6.133,289925.0
2023-01-10 23:00:00,6.133,6.169,6.132,6.165,199239.0
2023-01-11 00:00:00,6.165,6.2,6.149,6.184,277886.0
2023-01-11 01:00:00,6.184,6.208,6.14,6.164,212738.0
2023-01-11 02:00:00,6.164,6.165,6.082,6.087,227533.0
2023-01-11 03:00:00,6.086,6.107,6.055,6.1,227933.0
2023-01-11 04:00:00,6.1,6.125,6.068,6.091,150271.0
2023-01-11 05:00:00,6.089,6.13,6.08,6.111,139687.0
2023-01-11 06:00:00,6.111,6.137,6.103,6.13,162368.0
2023-01-11 07:00:00,6.127,6.141,6.12,6.138,116561.0
2023-01-11 08:00:00,6.138,6.141,6.089,6.116,220847.0
2023-01-11 09:00:00,6.115,6.137,6.107,6.125,190863.0
2023-01-11 10:00:00,6.126,6.134,6.114,6.126,73942.0
2023-01-11 11:00:00,6.126,6.126,6.096,6.112,93038.0
2023-01-11 12:00:00,6.111,6.111,6.074,6.093,153085.0
2023-01-11 13:00:00,6.093,6.128,6.065,6.085,181529.0
2023-01-11 14:00:00,6.085,6.092,6.03,6.074,231333.0
2023-01-11 15:00:00,6.075,6.099,6.014,6.04,389218.0
2023-01-11 16:00:00,6.039,6.058,6.013,6.023,184944.0
2023-01-11 17:00:00,6.02,6.061,6.016,6.049,68437.0
2023-01-11 18:00:00,6.049,6.13,6.048,6.108,281244.0
2023-01-11 19:00:00,6.108,6.18,6.097,6.173,241162.0
2023-01-11 20:00:00,6.174,6.194,6.146,6.157,173883.0
2023-01-11 21:00:00,6.158,6.17,6.133,6.155,108359.0
2023-01-11 22:00:00,6.155,6.212,6.133,6.19,130989.0
2023-01-11 23:00:00,6.193,6.303,6.183,6.283,770220.0
2023-01-12 00:00:00,6.283,6.397,6.277,6.392,679480.0
2023-01-12 01:00:00,6.393,6.397,6.311,6.338,332595.0
2023-01-12 02:00:00,6.336,6.378,6.302,6.316,305667.0
2023-01-12 03:00:00,6.316,6.359,6.314,6.341,145075.0
2023-01-12 04:00:00,6.343,6.378,6.343,6.352,170648.0
2023-01-12 05:00:00,6.353,6.378,6.267,6.273,409690.0
2023-01-12 06:00:00,6.274,6.322,6.261,6.3,193791.0
2023-01-12 07:00:00,6.299,6.338,6.294,6.318,224620.0
2023-01-12 08:00:00,6.318,6.319,6.258,6.289,222317.0
2023-01-12 09:00:00,6.29,6.294,6.266,6.278,120727.0
2023-01-12 10:00:00,6.281,6.281,6.236,6.259,201733.0
2023-01-12 11:00:00,6.261,6.271,6.238,6.256,169791.0
2023-01-12 12:00:00,6.255,6.275,6.209,6.252,282469.0
2023-01-12 13:00:00,6.254,6.331,5.992,6.323,1695123.0
2023-01-12 14:00:00,6.323,6.345,6.147,6.187,699950.0
2023-01-12 15:00:00,6.187,6.225,6.169,6.2,224385.0
2023-01-12 16:00:00,6.199,6.24,6.178,6.235,247792.0
2023-01-12 17:00:00,6.233,6.388,6.221,6.384,808079.0
2023-01-12 18:00:00,6.384,6.403,6.322,6.352,436006.0
2023-01-12 19:00:00,6.353,6.415,6.335,6.368,281703.0
2023-01-12 20:00:00,6.369,6.405,6.343,6.402,267722.0
2023-01-12 21:00:00,6.401,6.413,6.339,6.365,252728.0
2023-01-12 22:00:00,6.365,6.38,6.341,6.367,97694.0
2023-01-12 23:00:00,6.366,6.394,6.348,6.388,125196.0
2023-01-13 00:00:00,6.388,6.413,6.307,6.318,261438.0
2023-01-13 01:00:00,6.321,6.347,6.29,6.322,197223.0
2023-01-13 02:00:00,6.322,6.333,6.297,6.333,112450.0
2023-01-13 03:00:00,6.332,6.395,6.329,6.39,173898.0
2023-01-13 04:00:00,6.391,6.402,6.36,6.362,189681.0
2023-01-13 05:00:00,6.365,6.383,6.319,6.326,127721.0
2023-01-13 06:00:00,6.326,6.369,6.321,6.365,120860.0
2023-01-13 07:00:00,6.363,6.365,6.321,6.344,120978.0
2023-01-13 08:00:00,6.344,6.393,6.344,6.382,151949.0
2023-01-13 09:00:00,6.383,6.421,6.374,6.387,239062.0
2023-01-13 10:00:00,6.387,6.4,6.321,6.376,250705.0
2023-01-13 11:00:00,6.375,6.375,6.316,6.329,222737.0
2023-01-13 12:00:00,6.329,6.346,6.264,6.283,232658.0
2023-01-13 13:00:00,6.286,6.31,6.256,6.284,236748.0
2023-01-13 14:00:00,6.287,6.325,6.264,6.302,262034.0
2023-01-13 15:00:00,6.3,6.356,6.292,6.349,307541.0
2023-01-13 16:00:00,6.349,6.355,6.282,6.326,245831.0
2023-01-13 17:00:00,6.324,6.379,6.321,6.373,208632.0
2023-01-13 18:00:00,6.373,6.406,6.346,6.352,264496.0
2023-01-13 19:00:00,6.352,6.401,6.344,6.397,125368.0
2023-01-13 20:00:00,6.397,6.507,6.387,6.483,351433.0
2023-01-13 21:00:00,6.486,6.597,6.451,6.575,721839.0
2023-01-13 22:00:00,6.576,6.618,6.514,6.549,358429.0
2023-01-13 23:00:00,6.549,6.622,6.543,6.606,224382.0
2023-01-14 00:00:00,6.605,6.841,6.588,6.712,1848530.0
2023-01-14 01:00:00,6.712,6.942,6.706,6.888,820897.0
2023-01-14 02:00:00,6.889,6.927,6.837,6.847,481186.0
2023-01-14 03:00:00,6.847,6.868,6.792,6.826,240117.0
2023-01-14 04:00:00,6.824,6.86,6.805,6.834,181255.0
2023-01-14 05:00:00,6.834,6.879,6.774,6.868,311598.0
2023-01-14 06:00:00,6.867,7.034,6.838,7.026,819936.0
2023-01-14 07:00:00,7.024,7.068,6.941,7.001,828973.0
2023-01-14 08:00:00,7.001,7.116,6.978,7.079,462919.0
2023-01-14 09:00:00,7.078,7.085,6.414,6.711,3694039.0
2023-01-14 10:00:00,6.712,6.724,6.564,6.716,576451.0
2023-01-14 11:00:00,6.717,6.776,6.669,6.727,441962.0
2023-01-14 12:00:00,6.725,6.797,6.674,6.769,373484.0
2023-01-14 13:00:00,6.768,6.773,6.687,6.757,333588.0
2023-01-14 14:00:00,6.761,6.911,6.637,6.761,1329152.0
2023-01-14 15:00:00,6.766,6.81,6.718,6.797,584543.0
2023-01-14 16:00:00,6.799,6.829,6.768,6.792,447593.0
2023-01-14 17:00:00,6.79,6.845,6.726,6.749,405210.0
2023-01-14 18:00:00,6.747,6.799,6.718,6.796,289124.0
2023-01-14 19:00:00,6.795,6.828,6.757,6.791,238901.0
2023-01-14 20:00:00,6.79,6.835,6.769,6.821,204794.0
2023-01-14 21:00:00,6.822,6.832,6.763,6.777,206226.0
2023-01-14 22:00:00,6.779,6.864,6.771,6.839,218038.0
2023-01-14 23:00:00,6.84,6.889,6.816,6.861,292040.0
2023-01-15 00:00:00,6.861,6.892,6.664,6.805,960873.0
2023-01-15 01:00:00,6.803,6.825,6.72,6.793,318126.0
2023-01-15 02:00:00,6.792,6.809,6.7,6.715,248912.0
2023-01-15 03:00:00,6.713,6.745,6.682,6.723,276003.0
2023-01-15 04:00:00,6.724,6.78,6.724,6.776,163589.0
2023-01-15 05:00:00,6.779,6.803,6.755,6.782,161061.0
2023-01-15 06:00:00,6.782,6.785,6.731,6.734,111376.0
2023-01-15 07:00:00,6.733,6.744,6.69,6.743,235242.0
2023-01-15 08:00:00,6.743,6.749,6.597,6.626,507573.0
2023-01-15 09:00:00,6.626,6.68,6.599,6.678,268538.0
2023-01-15 10:00:00,6.679,6.68,6.64,6.677,133460.0
2023-01-15 11:00:00,6.675,6.708,6.652,6.703,111512.0
2023-01-15 12:00:00,6.702,6.713,6.662,6.682,87600.0
2023-01-15 13:00:00,6.684,6.767,6.678,6.721,181383.0
2023-01-15 14:00:00,6.72,6.788,6.714,6.787,186941.0
2023-01-15 15:00:00,6.788,6.89,6.786,6.888,366508.0
2023-01-15 16:00:00,6.889,6.898,6.81,6.847,281029.0
2023-01-15 17:00:00,6.848,6.933,6.809,6.838,262653.0
2023-01-15 18:00:00,6.84,6.869,6.756,6.843,412227.0
2023-01-15 19:00:00,6.843,6.848,6.726,6.73,300751.0
2023-01-15 20:00:00,6.73,6.735,6.679,6.717,308502.0
2023-01-15 21:00:00,6.717,6.717,6.669,6.693,213050.0
2023-01-15 22:00:00,6.691,6.714,6.634,6.699,208895.0
2023-01-15 23:00:00,6.699,6.709,6.647,6.698,186429.0
2023-01-16 00:00:00,6.698,6.767,6.63,6.751,399046.0
2023-01-16 01:00:00,6.753,6.842,6.739,6.813,660039.0
2023-01-16 02:00:00,6.819,6.883,6.796,6.827,347654.0
2023-01-16 03:00:00,6.829,6.841,6.765,6.77,308325.0
2023-01-16 04:00:00,6.771,6.847,6.763,6.843,176624.0
2023-01-16 05:00:00,6.843,6.949,6.825,6.939,525075.0
2023-01-16 06:00:00,6.938,6.956,6.837,6.859,558129.0
2023-01-16 07:00:00,6.858,6.866,6.806,6.843,263448.0
2023-01-16 08:00:00,6.845,6.845,6.469,6.613,1673406.0
2023-01-16 09:00:00,6.613,6.656,6.6,6.639,286190.0
2023-01-16 10:00:00,6.638,6.682,6.618,6.645,178340.0
2023-01-16 11:00:00,6.641,6.645,6.582,6.62,406687.0
2023-01-16 12:00:00,6.62,6.644,6.546,6.555,393263.0
2023-01-16 13:00:00,6.556,6.62,6.536,6.577,403479.0
2023-01-16 14:00:00,6.577,6.606,6.519,6.55,296399.0
2023-01-16 15:00:00,6.549,6.592,6.398,6.564,1227234.0
2023-01-16 16:00:00,6.561,6.584,6.526,6.563,280448.0
2023-01-16 17:00:00,6.561,6.639,6.551,6.636,298865.0
2023-01-16 18:00:00,6.638,6.701,6.608,6.7,320453.0
2023-01-16 19:00:00,6.7,6.842,6.69,6.749,805977.0
2023-01-16 20:00:00,6.751,6.785,6.713,6.736,411677.0
2023-01-16 21:00:00,6.74,6.74,6.664,6.703,278873.0
2023-01-16 22:00:00,6.703,6.74,6.674,6.681,152626.0
2023-01-16 23:00:00,6.68,6.696,6.638,6.673,161547.0
2023-01-17 00:00:00,6.673,6.735,6.615,6.662,482689.0
2023-01-17 01:00:00,6.664,6.694,6.537,6.658,589867.0
2023-01-17 02:00:00,6.656,6.673,6.605,6.665,208376.0
2023-01-17 03:00:00,6.665,6.696,6.65,6.675,128677.0
2023-01-17 04:00:00,6.673,6.726,6.652,6.716,218616.0
2023-01-17 05:00:00,6.716,6.738,6.691,6.723,277216.0
2023-01-17 06:00:00,6.722,6.729,6.673,6.679,116444.0
2023-01-17 07:00:00,6.679,6.774,6.668,6.722,245519.0
2023-01-17 08:00:00,6.721,6.75,6.717,6.747,171771.0
2023-01-17 09:00:00,6.745,6.757,6.696,6.711,122487.0
2023-01-17 10:00:00,6.711,6.712,6.657,6.678,139534.0
2023-01-17 11:00:00,6.677,6.73,6.67,6.729,111856.0
2023-01-17 12:00:00,6.728,6.763,6.704,6.718,208599.0
2023-01-17 13:00:00,6.718,6.726,6.677,6.707,127197.0
2023-01-17 14:00:00,6.707,6.824,6.646,6.761,923074.0
2023-01-17 15:00:00,6.761,6.842,6.685,6.717,540514.0
2023-01-17 16:00:00,6.715,6.74,6.667,6.7,398484.0
2023-01-17 17:00:00,6.7,6.712,6.627,6.708,268066.0
2023-01-17 18:00:00,6.708,6.778,6.695,6.775,195468.0
2023-01-17 19:00:00,6.776,6.903,6.747,6.865,473373.0
2023-01-17 20:00:00,6.867,6.938,6.838,6.877,486835.0
2023-01-17 21:00:00,6.879,7.001,6.789,6.976,564493.0
2023-01-17 22:00:00,6.974,6.993,6.866,6.897,540362.0
2023-01-17 23:00:00,6.898,6.899,6.794,6.806,466043.0
2023-01-18 00:00:00,6.805,6.889,6.77,6.831,313705.0
2023-01-18 01:00:00,6.832,6.904,6.805,6.904,229479.0
2023-01-18 02:00:00,6.903,6.985,6.869,6.947,422543.0
2023-01-18 03:00:00,6.946,6.982,6.912,6.923,190537.0
2023-01-18 04:00:00,6.922,6.945,6.897,6.931,183030.0
2023-01-18 05:00:00,6.931,6.935,6.88,6.897,133817.0
2023-01-18 06:00:00,6.897,6.908,6.819,6.849,257140.0
2023-01-18 07:00:00,6.85,6.86,6.817,6.856,148295.0
2023-01-18 08:00:00,6.857,6.859,6.705,6.756,491422.0
2023-01-18 09:00:00,6.756,6.79,6.713,6.759,208472.0
2023-01-18 10:00:00,6.76,6.76,6.696,6.708,150109.0
2023-01-18 11:00:00,6.708,6.765,6.693,6.751,167279.0
2023-01-18 12:00:00,6.751,6.804,6.75,6.789,172411.0
2023-01-18 13:00:00,6.789,6.887,6.714,6.853,752009.0
2023-01-18 14:00:00,6.853,6.93,6.824,6.897,435109.0
2023-01-18 15:00:00,6.898,6.939,6.349,6.544,2226369.0
2023-01-18 16:00:00,6.543,6.543,6.231,6.464,2493215.0
2023-01-18 17:00:00,6.463,6.629,6.431,6.485,1084221.0
2023-01-18 18:00:00,6.486,6.56,6.445,6.484,397194.0
2023-01-18 19:00:00,6.487,6.511,6.452,6.48,198484.0
2023-01-18 20:00:00,6.481,6.494,6.331,6.385,475272.0
2023-01-18 21:00:00,6.387,6.444,6.378,6.403,217808.0
2023-01-18 22:00:00,6.403,6.418,6.33,6.417,156886.0
2023-01-18 23:00:00,6.417,6.422,6.313,6.329,407467.0
2023-01-19 00:00:00,6.33,6.403,6.324,6.357,300408.0
2023-01-19 01:00:00,6.359,6.414,6.354,6.369,181220.0
2023-01-19 02:00:00,6.369,6.431,6.346,6.422,189307.0
2023-01-19 03:00:00,6.422,6.438,6.402,6.412,135707.0
2023-01-19 04:00:00,6.412,6.465,6.41,6.436,134586.0
2023-01-19 05:00:00,6.439,6.459,6.416,6.424,78514.0
2023-01-19 06:00:00,6.427,6.456,6.409,6.447,101371.0
2023-01-19 07:00:00,6.446,6.458,6.423,6.437,138188.0
2023-01-19 08:00:00,6.44,6.46,6.417,6.427,140270.0
2023-01-19 09:00:00,6.426,6.447,6.384,6.44,163967.0
2023-01-19 10:00:00,6.44,6.452,6.398,6.429,131351.0
2023-01-19 11:00:00,6.428,6.43,6.357,6.376,201163.0
2023-01-19 12:00:00,6.376,6.4,6.341,6.375,169668.0
2023-01-19 13:00:00,6.375,6.388,6.315,6.381,240907.0
2023-01-19 14:00:00,6.379,6.402,6.314,6.395,349703.0
2023-01-19 15:00:00,6.396,6.446,6.39,6.405,234614.0
2023-01-19 16:00:00,6.406,6.437,6.375,6.41,200131.0
2023-01-19 17:00:00,6.41,6.436,6.35,6.397,332505.0
2023-01-19 18:00:00,6.398,6.449,6.391,6.446,163596.0
2023-01-19 19:00:00,6.447,6.504,6.436,6.495,168655.0
2023-01-19 20:00:00,6.495,6.543,6.495,6.52,222315.0
2023-01-19 21:00:00,6.522,6.533,6.472,6.472,155980.0
2023-01-19 22:00:00,6.472,6.507,6.469,6.5,61328.0
2023-01-19 23:00:00,6.499,6.529,6.477,6.506,108914.0
2023-01-20 00:00:00,6.507,6.536,6.47,6.482,160049.0
2023-01-20 01:00:00,6.484,6.532,6.46,6.522,135618.0
2023-01-20 02:00:00,6.522,6.552,6.486,6.487,150798.0
2023-01-20 03:00:00,6.487,6.515,6.478,6.486,66852.0
2023-01-20 04:00:00,6.485,6.523,6.435,6.442,171630.0
2023-01-20 05:00:00,6.442,6.478,6.425,6.435,88911.0
2023-01-20 06:00:00,6.437,6.46,6.417,6.428,57854.0
2023-01-20 07:00:00,6.429,6.47,6.42,6.455,47610.0
2023-01-20 08:00:00,6.454,6.468,6.423,6.461,90581.0
2023-01-20 09:00:00,6.462,6.495,6.437,6.489,64968.0
2023-01-20 10:00:00,6.489,6.494,6.455,6.482,85325.0
2023-01-20 11:00:00,6.481,6.491,6.456,6.463,40834.0
2023-01-20 12:00:00,6.464,6.515,6.451,6.503,87593.0
2023-01-20 13:00:00,6.5,6.516,6.472,6.475,115106.0
2023-01-20 14:00:00,6.477,6.527,6.471,6.526,237273.0
2023-01-20 15:00:00,6.527,6.562,6.509,6.531,203558.0
2023-01-20 16:00:00,6.531,6.62,6.518,6.588,259919.0
2023-01-20 17:00:00,6.589,6.635,6.57,6.609,277798.0
2023-01-20 18:00:00,6.609,6.648,6.604,6.638,236994.0
2023-01-20 19:00:00,6.638,6.697,6.629,6.689,159074.0
2023-01-20 20:00:00,6.69,6.86,6.689,6.853,909310.0
2023-01-20 21:00:00,6.851,6.917,6.803,6.862,450689.0
2023-01-20 22:00:00,6.864,6.935,6.835,6.899,200808.0
2023-01-20 23:00:00,6.9,6.976,6.883,6.949,422595.0
2023-01-21 00:00:00,6.949,7.016,6.871,6.957,923002.0
2023-01-21 01:00:00,6.956,7.038,6.928,7.005,355784.0
2023-01-21 02:00:00,7.006,7.047,6.967,6.999,231646.0
2023-01-21 03:00:00,6.999,7.052,6.971,7.04,270146.0
2023-01-21 04:00:00,7.042,7.104,7.037,7.046,237421.0
2023-01-21 05:00:00,7.049,7.054,7.003,7.011,163313.0
2023-01-21 06:00:00,7.01,7.038,6.995,7.022,250418.0
2023-01-21 07:00:00,7.022,7.042,6.992,6.999,175631.0
2023-01-21 08:00:00,7.001,7.048,6.939,6.96,349832.0
2023-01-21 09:00:00,6.963,7.066,6.936,7.049,316841.0
2023-01-21 10:00:00,7.049,7.116,6.799,6.925,1863623.0
2023-01-21 11:00:00,6.924,6.946,6.868,6.946,295735.0
2023-01-21 12:00:00,6.945,6.995,6.936,6.981,278541.0
2023-01-21 13:00:00,6.98,6.984,6.874,6.934,382792.0
2023-01-21 14:00:00,6.933,6.958,6.896,6.925,227337.0
2023-01-21 15:00:00,6.925,6.993,6.882,6.906,541186.0
2023-01-21 16:00:00,6.905,7.026,6.905,6.996,381729.0
2023-01-21 17:00:00,6.993,7.015,6.902,6.949,324752.0
2023-01-21 18:00:00,6.948,7.001,6.931,6.997,144900.0
2023-01-21 19:00:00,7.001,7.026,6.986,7.017,110405.0
2023-01-21 20:00:00,7.019,7.026,6.961,7.007,199117.0
2023-01-21 21:00:00,7.009,7.1,6.995,7.069,289180.0
2023-01-21 22:00:00,7.071,7.08,6.937,6.942,196851.0
2023-01-21 23:00:00,6.941,7.009,6.818,6.853,461685.0
2023-01-22 00:00:00,6.855,6.911,6.84,6.9,297624.0
2023-01-22 01:00:00,6.899,6.903,6.824,6.872,157375.0
2023-01-22 02:00:00,6.871,6.885,6.776,6.815,396383.0
2023-01-22 03:00:00,6.816,6.874,6.816,6.873,122013.0
2023-01-22 04:00:00,6.872,6.922,6.862,6.914,80323.0
2023-01-22 05:00:00,6.913,6.928,6.882,6.913,114393.0
2023-01-22 06:00:00,6.912,6.939,6.903,6.918,79779.0
2023-01-22 07:00:00,6.918,6.921,6.878,6.892,155504.0
2023-01-22 08:00:00,6.892,6.923,6.858,6.918,93420.0
2023-01-22 09:00:00,6.92,6.926,6.866,6.877,119537.0
2023-01-22 10:00:00,6.877,6.917,6.866,6.902,110289.0
2023-01-22 11:00:00,6.903,6.917,6.864,6.876,161460.0
2023-01-22 12:00:00,6.875,6.936,6.828,6.936,255201.0
2023-01-22 13:00:00,6.937,6.973,6.918,6.94,139500.0
2023-01-22 14:00:00,6.939,7.1,6.926,7.076,314862.0
2023-01-22 15:00:00,7.075,7.238,6.916,7.037,1427460.0
2023-01-22 16:00:00,7.039,7.277,6.964,7.154,881320.0
2023-01-22 17:00:00,7.155,7.224,7.14,7.19,362921.0
2023-01-22 18:00:00,7.191,7.213,7.063,7.088,398068.0
2023-01-22 19:00:00,7.089,7.102,7.031,7.065,409575.0
2023-01-22 20:00:00,7.064,7.096,6.817,6.883,1516901.0
2023-01-22 21:00:00,6.883,6.936,6.82,6.92,389771.0
2023-01-22 22:00:00,6.921,6.96,6.894,6.957,109546.0
2023-01-22 23:00:00,6.957,7.002,6.939,6.985,145398.0
2023-01-23 00:00:00,6.986,7.173,6.972,7.118,717358.0
2023-01-23 01:00:00,7.117,7.238,7.116,7.132,470799.0
2023-01-23 02:00:00,7.131,7.178,7.122,7.162,286722.0
2023-01-23 03:00:00,7.163,7.18,7.073,7.083,274039.0
2023-01-23 04:00:00,7.086,7.125,7.085,7.124,77524.0
2023-01-23 05:00:00,7.124,7.133,7.051,7.075,135469.0
2023-01-23 06:00:00,7.075,7.109,7.05,7.097,150934.0
2023-01-23 07:00:00,7.098,7.105,6.983,7.035,424710.0
2023-01-23 08:00:00,7.036,7.082,7.001,7.043,247993.0
2023-01-23 09:00:00,7.044,7.101,7.034,7.092,161525.0
2023-01-23 10:00:00,7.093,7.149,7.085,7.117,196055.0
2023-01-23 11:00:00,7.118,7.144,7.095,7.139,171432.0
2023-01-23 12:00:00,7.139,7.164,7.05,7.137,316622.0
2023-01-23 13:00:00,7.138,7.159,6.955,7.026,671359.0
2023-01-23 14:00:00,7.026,7.142,6.825,6.913,1287705.0
2023-01-23 15:00:00,6.912,7.078,6.82,7.014,890712.0
2023-01-23 16:00:00,7.014,7.06,6.962,7.025,384899.0
2023-01-23 17:00:00,7.025,7.062,6.979,7.06,310582.0
2023-01-23 18:00:00,7.059,7.124,7.044,7.058,328467.0
2023-01-23 19:00:00,7.059,7.066,6.927,6.965,443696.0
2023-01-23 20:00:00,6.965,7.039,6.919,7.036,359221.0
2023-01-23 21:00:00,7.031,7.108,7.016,7.074,313956.0
2023-01-23 22:00:00,7.074,7.086,7.016,7.041,142950.0
2023-01-23 23:00:00,7.04,7.059,7.0,7.015,98946.0
2023-01-24 00:00:00,7.015,7.075,6.956,7.059,283895.0
2023-01-24 01:00:00,7.059,7.147,7.027,7.145,302709.0
2023-01-24 02:00:00,7.145,7.183,7.119,7.121,357921.0
2023-01-24 03:00:00,7.125,7.182,7.125,7.178,153213.0
2023-01-24 04:00:00,7.179,7.18,7.109,7.12,126053.0
2023-01-24 05:00:00,7.12,7.158,7.09,7.131,140928.0
2023-01-24 06:00:00,7.129,7.154,7.114,7.152,57704.0
2023-01-24 07:00:00,7.152,7.176,7.12,7.169,159489.0
2023-01-24 08:00:00,7.171,7.202,7.15,7.155,247720.0
2023-01-24 09:00:00,7.156,7.161,7.059,7.077,509208.0
2023-01-24 10:00:00,7.075,7.13,7.075,7.111,104739.0
2023-01-24 11:00:00,7.11,7.125,7.073,7.124,177724.0
2023-01-24 12:00:00,7.125,7.148,7.096,7.117,134289.0
2023-01-24 13:00:00,7.116,7.145,7.002,7.054,395170.0
2023-01-24 14:00:00,7.052,7.084,6.971,7.028,403827.0
2023-01-24 15:00:00,7.027,7.055,6.983,7.047,194363.0
2023-01-24 16:00:00,7.049,7.061,6.953,6.983,165719.0
2023-01-24 17:00:00,6.981,6.981,6.866,6.947,399722.0
2023-01-24 18:00:00,6.946,6.998,6.925,6.985,112982.0
2023-01-24 19:00:00,6.981,7.0,6.971,6.995,38738.0
2023-01-24 20:00:00,6.992,7.004,6.9,6.95,125450.0
2023-01-24 21:00:00,6.949,6.986,6.778,6.836,659812.0
2023-01-24 22:00:00,6.836,6.858,6.529,6.682,634064.0
2023-01-24 23:00:00,6.681,6.704,6.604,6.661,449301.0
2023-01-25 00:00:00,6.659,6.686,6.572,6.641,309970.0
2023-01-25 01:00:00,6.641,6.65,6.507,6.602,971382.0
2023-01-25 02:00:00,6.602,6.649,6.594,6.648,145207.0
2023-01-25 03:00:00,6.648,6.69,6.635,6.69,87326.0
2023-01-25 04:00:00,6.689,6.737,6.673,6.716,137463.0
2023-01-25 05:00:00,6.716,6.739,6.703,6.725,115894.0
2023-01-25 06:00:00,6.725,6.778,6.694,6.771,154807.0
2023-01-25 07:00:00,6.77,6.8,6.767,6.792,127622.0
2023-01-25 08:00:00,6.792,6.816,6.738,6.746,118537.0
2023-01-25 09:00:00,6.747,6.747,6.679,6.689,185367.0
2023-01-25 10:00:00,6.689,6.716,6.652,6.711,101750.0
2023-01-25 11:00:00,6.71,6.718,6.678,6.699,83172.0
2023-01-25 12:00:00,6.699,6.788,6.695,6.764,204259.0
2023-01-25 13:00:00,6.764,6.78,6.728,6.74,142663.0
2023-01-25 14:00:00,6.739,6.757,6.636,6.649,301424.0
2023-01-25 15:00:00,6.65,6.712,6.613,6.692,304609.0
2023-01-25 16:00:00,6.693,6.746,6.657,6.744,156313.0
2023-01-25 17:00:00,6.744,6.768,6.706,6.751,97276.0
2023-01-25 18:00:00,6.752,6.798,6.73,6.796,81109.0
2023-01-25 19:00:00,6.795,6.832,6.78,6.822,90716.0
2023-01-25 20:00:00,6.823,6.899,6.823,6.869,242321.0
2023-01-25 21:00:00,6.87,7.019,6.807,7.016,597827.0
2023-01-25 22:00:00,7.016,7.1,6.839,6.878,440870.0
2023-01-25 23:00:00,6.876,6.98,6.85,6.955,177138.0
2023-01-26 00:00:00,6.955,7.033,6.944,7.023,191184.0
2023-01-26 01:00:00,7.024,7.035,6.967,6.981,145919.0
2023-01-26 02:00:00,6.981,6.999,6.931,6.955,124713.0
2023-01-26 03:00:00,6.954,6.989,6.929,6.936,125337.0
2023-01-26 04:00:00,6.936,6.983,6.925,6.964,95015.0
2023-01-26 05:00:00,6.963,7.003,6.95,6.994,106742.0
2023-01-26 06:00:00,6.993,7.02,6.882,6.972,390719.0
2023-01-26 07:00:00,6.972,6.972,6.891,6.901,146036.0
2023-01-26 08:00:00,6.903,6.935,6.878,6.907,124070.0
2023-01-26 09:00:00,6.907,6.93,6.843,6.896,119332.0
2023-01-26 10:00:00,6.894,6.904,6.822,6.872,163258.0
2023-01-26 11:00:00,6.871,6.895,6.841,6.888,84925.0
2023-01-26 12:00:00,6.887,6.948,6.882,6.942,92317.0
2023-01-26 13:00:00,6.937,6.997,6.837,6.992,318510.0
2023-01-26 14:00:00,6.994,7.134,6.967,7.012,775198.0
2023-01-26 15:00:00,7.011,7.099,6.934,6.96,459438.0
2023-01-26 16:00:00,6.959,7.045,6.891,7.006,316094.0
2023-01-26 17:00:00,7.005,7.054,6.989,6.999,117122.0
2023-01-26 18:00:00,6.999,7.115,6.97,7.051,242019.0
2023-01-26 19:00:00,7.05,7.133,7.002,7.129,198539.0
2023-01-26 20:00:00,7.128,7.315,7.123,7.243,674818.0
2023-01-26 21:00:00,7.242,7.246,7.142,7.205,305570.0
2023-01-26 22:00:00,7.206,7.231,7.146,7.151,130032.0
2023-01-26 23:00:00,7.152,7.227,7.122,7.171,238118.0
2023-01-27 00:00:00,7.173,7.308,7.05,7.085,668869.0
2023-01-27 01:00:00,7.085,7.114,6.92,6.999,865455.0
2023-01-27 02:00:00,6.998,7.086,6.993,7.056,243108.0
2023-01-27 03:00:00,7.056,7.08,7.023,7.028,162101.0
2023-01-27 04:00:00,7.029,7.095,7.029,7.063,140394.0
2023-01-27 05:00:00,7.06,7.173,7.06,7.165,195894.0
2023-01-27 06:00:00,7.164,7.213,7.139,7.208,169110.0
2023-01-27 07:00:00,7.208,7.277,7.136,7.272,384720.0
2023-01-27 08:00:00,7.271,7.376,7.236,7.256,639400.0
2023-01-27 09:00:00,7.257,7.268,7.217,7.228,227814.0
2023-01-27 10:00:00,7.228,7.242,7.171,7.2,332126.0
2023-01-27 11:00:00,7.201,7.267,7.18,7.219,292424.0
2023-01-27 12:00:00,7.218,7.276,7.205,7.244,252673.0
2023-01-27 13:00:00,7.243,7.247,7.102,7.206,617999.0
2023-01-27 14:00:00,7.206,7.232,7.1,7.19,429389.0
2023-01-27 15:00:00,7.191,7.288,7.173,7.194,420567.0
2023-01-27 16:00:00,7.193,7.297,7.188,7.29,200988.0
2023-01-27 17:00:00,7.288,7.359,7.269,7.348,204941.0
2023-01-27 18:00:00,7.348,7.454,7.346,7.445,433656.0
2023-01-27 19:00:00,7.445,7.445,7.388,7.404,99275.0
2023-01-27 20:00:00,7.404,7.483,7.374,7.415,355769.0
2023-01-27 21:00:00,7.414,7.498,7.401,7.414,226132.0
2023-01-27 22:00:00,7.412,7.418,7.309,7.315,196552.0
2023-01-27 23:00:00,7.316,7.389,7.316,7.382,152462.0
2023-01-28 00:00:00,7.382,7.472,7.354,7.464,192540.0
2023-01-28 01:00:00,7.46,7.495,7.424,7.455,211009.0
2023-01-28 02:00:00,7.452,7.512,7.388,7.393,245235.0
2023-01-28 03:00:00,7.392,7.425,7.372,7.416,150361.0
2023-01-28 04:00:00,7.417,7.448,7.4,7.407,105413.0
2023-01-28 05:00:00,7.408,7.423,7.368,7.401,193442.0
2023-01-28 06:00:00,7.401,7.413,7.325,7.381,142086.0
2023-01-28 07:00:00,7.382,7.389,7.278,7.329,189293.0
2023-01-28 08:00:00,7.33,7.352,7.295,7.326,97063.0
2023-01-28 09:00:00,7.327,7.392,7.312,7.364,191451.0
2023-01-28 10:00:00,7.362,7.386,7.296,7.302,156388.0
2023-01-28 11:00:00,7.301,7.327,7.283,7.305,89645.0
2023-01-28 12:00:00,7.306,7.306,7.222,7.285,290023.0
2023-01-28 13:00:00,7.284,7.29,7.179,7.235,399474.0
2023-01-28 14:00:00,7.236,7.242,7.179,7.182,132686.0
2023-01-28 15:00:00,7.182,7.254,7.155,7.245,165049.0
2023-01-28 16:00:00,7.244,7.274,7.226,7.261,197028.0
2023-01-28 17:00:00,7.264,7.269,7.203,7.213,102706.0
2023-01-28 18:00:00,7.213,7.228,7.188,7.218,79018.0
2023-01-28 19:00:00,7.217,7.248,7.197,7.241,98545.0
2023-01-28 20:00:00,7.243,7.244,7.122,7.134,203177.0
2023-01-28 21:00:00,7.133,7.175,7.119,7.169,97875.0
2023-01-28 22:00:00,7.171,7.188,7.143,7.162,49080.0
2023-01-28 23:00:00,7.163,7.221,7.149,7.212,79387.0
2023-01-29 00:00:00,7.21,7.295,7.145,7.282,295074.0
2023-01-29 01:00:00,7.283,7.417,7.283,7.364,374827.0
2023-01-29 02:00:00,7.363,7.381,7.257,7.281,187486.0
2023-01-29 03:00:00,7.285,7.309,7.259,7.309,61612.0
2023-01-29 04:00:00,7.309,7.349,7.291,7.344,74035.0
2023-01-29 05:00:00,7.348,7.377,7.323,7.353,148159.0
2023-01-29 06:00:00,7.353,7.358,7.321,7.327,94143.0
2023-01-29 07:00:00,7.326,7.346,7.293,7.324,83378.0
2023-01-29 08:00:00,7.324,7.35,7.318,7.326,117336.0
2023-01-29 09:00:00,7.328,7.386,7.323,7.383,156510.0
2023-01-29 10:00:00,7.384,7.428,7.376,7.415,181997.0
2023-01-29 11:00:00,7.416,7.433,7.339,7.388,171063.0
2023-01-29 12:00:00,7.388,7.391,7.316,7.36,254927.0
2023-01-29 13:00:00,7.364,7.393,7.332,7.345,155090.0
2023-01-29 14:00:00,7.345,7.4,7.337,7.395,136654.0
2023-01-29 15:00:00,7.394,7.402,7.35,7.35,98104.0
2023-01-29 16:00:00,7.35,7.366,7.266,7.302,218355.0
2023-01-29 17:00:00,7.305,7.524,7.29,7.334,714632.0
2023-01-29 18:00:00,7.334,7.382,7.315,7.362,200659.0
2023-01-29 19:00:00,7.363,7.466,7.35,7.453,188603.0
2023-01-29 20:00:00,7.453,7.455,7.376,7.394,173923.0
2023-01-29 21:00:00,7.393,7.427,7.368,7.411,48737.0
2023-01-29 22:00:00,7.411,7.419,7.353,7.374,44844.0
2023-01-29 23:00:00,7.373,7.441,7.36,7.375,141563.0
2023-01-30 00:00:00,7.375,7.42,7.345,7.418,195399.0
2023-01-30 01:00:00,7.417,7.439,7.303,7.324,205693.0
2023-01-30 02:00:00,7.323,7.331,7.256,7.299,159524.0
2023-01-30 03:00:00,7.302,7.329,7.297,7.328,73950.0
2023-01-30 04:00:00,7.328,7.371,7.324,7.347,103584.0
2023-01-30 05:00:00,7.348,7.349,7.291,7.322,80362.0
2023-01-30 06:00:00,7.324,7.325,7.25,7.268,142804.0
2023-01-30 07:00:00,7.269,7.277,7.201,7.217,273006.0
2023-01-30 08:00:00,7.217,7.248,7.174,7.194,290308.0
2023-01-30 09:00:00,7.193,7.2,6.968,7.012,1447007.0
2023-01-30 10:00:00,7.011,7.053,6.95,7.033,218634.0
2023-01-30 11:00:00,7.033,7.04,6.954,6.997,319631.0
2023-01-30 12:00:00,6.994,7.022,6.964,7.004,233894.0
2023-01-30 13:00:00,7.003,7.037,6.988,7.0,82697.0
2023-01-30 14:00:00,6.998,7.087,6.984,7.086,130919.0
2023-01-30 15:00:00,7.085,7.093,6.974,7.025,104076.0
2023-01-30 16:00:00,7.021,7.06,7.008,7.032,110886.0
2023-01-30 17:00:00,7.033,7.103,7.022,7.032,157370.0
2023-01-30 18:00:00,7.032,7.066,7.005,7.042,124105.0
2023-01-30 19:00:00,7.04,7.041,6.731,6.894,996659.0
2023-01-30 20:00:00,6.893,6.904,6.782,6.855,266349.0
2023-01-30 21:00:00,6.855,6.882,6.823,6.844,134909.0
2023-01-30 22:00:00,6.844,6.882,6.794,6.882,67732.0
2023-01-30 23:00:00,6.88,6.915,6.865,6.913,112012.0
2023-01-31 00:00:00,6.914,6.968,6.893,6.956,183825.0
2023-01-31 01:00:00,6.955,7.0,6.922,6.977,168390.0
2023-01-31 02:00:00,6.977,7.005,6.961,6.965,113814.0
2023-01-31 03:00:00,6.968,6.974,6.951,6.966,78375.0
2023-01-31 04:00:00,6.967,6.99,6.946,6.986,122980.0
2023-01-31 05:00:00,6.984,6.999,6.911,6.913,144329.0
2023-01-31 06:00:00,6.914,6.979,6.907,6.961,83938.0
2023-01-31 07:00:00,6.961,7.044,6.955,7.034,170769.0
2023-01-31 08:00:00,7.035,7.045,6.943,6.975,204833.0
2023-01-31 09:00:00,6.976,7.0,6.947,6.952,93741.0
2023-01-31 10:00:00,6.951,6.96,6.886,6.908,142862.0
2023-01-31 11:00:00,6.908,6.95,6.897,6.931,145483.0
2023-01-31 12:00:00,6.932,6.945,6.9,6.93,103706.0
2023-01-31 13:00:00,6.926,6.989,6.923,6.989,186804.0
2023-01-31 14:00:00,6.99,7.01,6.968,6.979,121543.0
2023-01-31 15:00:00,6.978,7.012,6.972,6.99,109888.0
2023-01-31 16:00:00,6.993,7.073,6.986,7.028,197483.0
2023-01-31 17:00:00,7.025,7.049,7.012,7.04,36109.0
2023-01-31 18:00:00,7.04,7.062,7.022,7.053,67972.0
2023-01-31 19:00:00,7.053,7.073,7.041,7.059,51925.0
2023-01-31 20:00:00,7.06,7.064,6.977,6.979,107394.0
2023-01-31 21:00:00,6.977,6.989,6.85,6.916,336733.0
2023-01-31 22:00:00,6.916,6.983,6.87,6.949,165515.0
2023-01-31 23:00:00,6.949,6.965,6.916,6.953,87701.0
2023-02-01 00:00:00,6.951,6.98,6.917,6.948,112910.0
2023-02-01 01:00:00,6.946,6.984,6.919,6.967,72715.0
2023-02-01 02:00:00,6.966,6.97,6.935,6.96,67559.0
2023-02-01 03:00:00,6.961,6.963,6.919,6.945,62886.0
2023-02-01 04:00:00,6.943,6.958,6.926,6.937,44048.0
2023-02-01 05:00:00,6.937,6.959,6.903,6.908,83501.0
2023-02-01 06:00:00,6.908,6.913,6.815,6.834,191248.0
2023-02-01 07:00:00,6.833,6.875,6.795,6.859,130570.0
2023-02-01 08:00:00,6.86,6.861,6.773,6.816,139715.0
2023-02-01 09:00:00,6.814,6.834,6.751,6.822,94410.0
2023-02-01 10:00:00,6.822,6.857,6.802,6.835,141279.0
2023-02-01 11:00:00,6.833,6.859,6.828,6.842,95203.0
2023-02-01 12:00:00,6.843,6.848,6.822,6.83,86045.0
2023-02-01 13:00:00,6.832,6.869,6.779,6.855,192763.0
2023-02-01 14:00:00,6.856,6.906,6.835,6.88,185229.0
2023-02-01 15:00:00,6.881,6.897,6.714,6.76,385865.0
2023-02-01 16:00:00,6.76,6.797,6.7,6.749,216836.0
2023-02-01 17:00:00,6.75,6.778,6.667,6.721,184286.0
2023-02-01 18:00:00,6.723,6.803,6.678,6.787,223459.0
2023-02-01 19:00:00,6.79,7.065,6.73,7.006,1129534.0
2023-02-01 20:00:00,7.007,7.146,7.006,7.14,602374.0
2023-02-01 21:00:00,7.141,7.227,7.141,7.224,435158.0
2023-02-01 22:00:00,7.224,7.274,7.217,7.249,180925.0
2023-02-01 23:00:00,7.252,7.279,7.191,7.219,186572.0
2023-02-02 00:00:00,7.218,7.336,7.202,7.313,540700.0
2023-02-02 01:00:00,7.314,7.317,7.262,7.278,163576.0
2023-02-02 02:00:00,7.279,7.294,7.246,7.274,119527.0
2023-02-02 03:00:00,7.274,7.341,7.27,7.307,208235.0
2023-02-02 04:00:00,7.307,7.353,7.304,7.331,149321.0
2023-02-02 05:00:00,7.333,7.357,7.31,7.31,89481.0
2023-02-02 06:00:00,7.311,7.33,7.245,7.258,151064.0
2023-02-02 07:00:00,7.26,7.285,7.221,7.238,83156.0
2023-02-02 08:00:00,7.24,7.282,7.229,7.267,82768.0
2023-02-02 09:00:00,7.266,7.287,7.242,7.286,169073.0
2023-02-02 10:00:00,7.286,7.297,7.253,7.268,54277.0
2023-02-02 11:00:00,7.269,7.304,7.257,7.292,55645.0
2023-02-02 12:00:00,7.292,7.32,7.275,7.317,91793.0
2023-02-02 13:00:00,7.317,7.317,7.24,7.267,202825.0
2023-02-02 14:00:00,7.267,7.326,7.161,7.19,472692.0
2023-02-02 15:00:00,7.192,7.306,7.17,7.292,189429.0
2023-02-02 16:00:00,7.29,7.363,7.281,7.321,242002.0
2023-02-02 17:00:00,7.318,7.408,7.311,7.39,218769.0
2023-02-02 18:00:00,7.388,7.49,7.385,7.442,374237.0
2023-02-02 19:00:00,7.444,7.452,7.26,7.302,303426.0
2023-02-02 20:00:00,7.301,7.343,7.277,7.343,63145.0
2023-02-02 21:00:00,7.342,7.369,7.049,7.066,459212.0
2023-02-02 22:00:00,7.067,7.17,7.034,7.147,208507.0
2023-02-02 23:00:00,7.146,7.169,7.077,7.101,170783.0
2023-02-03 00:00:00,7.105,7.156,7.068,7.145,198421.0
2023-02-03 01:00:00,7.144,7.169,7.075,7.081,210447.0
2023-02-03 02:00:00,7.082,7.095,7.01,7.055,224377.0
2023-02-03 03:00:00,7.053,7.091,7.023,7.09,144884.0
2023-02-03 04:00:00,7.09,7.124,7.073,7.102,105178.0
2023-02-03 05:00:00,7.101,7.132,7.095,7.129,104830.0
2023-02-03 06:00:00,7.128,7.143,7.094,7.105,106370.0
2023-02-03 07:00:00,7.105,7.147,7.077,7.109,164648.0
2023-02-03 08:00:00,7.11,7.163,7.07,7.147,152610.0
2023-02-03 09:00:00,7.148,7.186,7.148,7.178,92855.0
2023-02-03 10:00:00,7.178,7.227,7.157,7.203,144564.0
2023-02-03 11:00:00,7.203,7.224,7.166,7.217,94515.0
2023-02-03 12:00:00,7.221,7.241,7.199,7.208,76245.0
2023-02-03 13:00:00,7.208,7.222,7.07,7.141,483959.0
2023-02-03 14:00:00,7.144,7.29,7.1,7.262,412574.0
2023-02-03 15:00:00,7.262,7.343,7.213,7.288,313385.0
2023-02-03 16:00:00,7.29,7.328,7.257,7.264,151051.0
2023-02-03 17:00:00,7.265,7.323,7.261,7.274,80701.0
2023-02-03 18:00:00,7.274,7.279,7.217,7.254,200206.0
2023-02-03 19:00:00,7.257,7.266,7.211,7.217,49042.0
2023-02-03 20:00:00,7.215,7.248,7.177,7.224,101094.0
2023-02-03 21:00:00,7.226,7.257,7.217,7.25,43761.0
2023-02-03 22:00:00,7.251,7.313,7.247,7.294,95104.0
2023-02-03 23:00:00,7.294,7.308,7.277,7.295,105315.0
2023-02-04 00:00:00,7.295,7.322,7.249,7.26,201004.0
2023-02-04 01:00:00,7.265,7.283,7.203,7.209,171590.0
2023-02-04 02:00:00,7.208,7.225,7.187,7.205,149115.0
2023-02-04 03:00:00,7.206,7.209,7.159,7.176,72028.0
2023-02-04 04:00:00,7.171,7.206,7.161,7.177,107098.0
2023-02-04 05:00:00,7.177,7.177,7.121,7.164,96504.0
2023-02-04 06:00:00,7.162,7.202,7.124,7.194,119604.0
2023-02-04 07:00:00,7.194,7.211,7.182,7.204,85029.0
2023-02-04 08:00:00,7.202,7.217,7.197,7.201,48943.0
2023-02-04 09:00:00,7.201,7.223,7.186,7.209,75961.0
2023-02-04 10:00:00,7.209,7.218,7.188,7.21,56641.0
2023-02-04 11:00:00,7.209,7.235,7.202,7.207,68600.0
2023-02-04 12:00:00,7.211,7.237,7.195,7.232,78705.0
2023-02-04 13:00:00,7.232,7.31,7.232,7.275,238865.0
2023-02-04 14:00:00,7.277,7.281,7.24,7.263,60516.0
2023-02-04 15:00:00,7.263,7.282,7.247,7.264,80464.0
2023-02-04 16:00:00,7.265,7.286,7.218,7.26,76234.0
2023-02-04 17:00:00,7.261,7.367,7.241,7.323,331860.0
2023-02-04 18:00:00,7.32,7.345,7.271,7.325,99448.0
2023-02-04 19:00:00,7.325,7.337,7.3,7.32,73736.0
2023-02-04 20:00:00,7.32,7.343,7.305,7.312,51391.0
2023-02-04 21:00:00,7.309,7.309,7.286,7.303,47719.0
2023-02-04 22:00:00,7.303,7.333,7.288,7.303,62741.0
2023-02-04 23:00:00,7.303,7.325,7.176,7.241,269083.0
2023-02-05 00:00:00,7.24,7.252,7.146,7.175,225607.0
2023-02-05 01:00:00,7.176,7.197,7.159,7.197,88414.0
2023-02-05 02:00:00,7.197,7.216,7.159,7.16,115132.0
2023-02-05 03:00:00,7.16,7.209,7.158,7.208,75401.0
2023-02-05 04:00:00,7.209,7.224,7.191,7.218,63125.0
2023-02-05 05:00:00,7.219,7.231,7.21,7.214,43853.0
2023-02-05 06:00:00,7.214,7.231,7.196,7.224,64702.0
2023-02-05 07:00:00,7.225,7.235,7.197,7.21,51309.0
2023-02-05 08:00:00,7.209,7.245,7.201,7.227,59913.0
2023-02-05 09:00:00,7.225,7.24,7.198,7.202,50705.0
2023-02-05 10:00:00,7.203,7.23,7.2,7.216,34427.0
2023-02-05 11:00:00,7.216,7.22,7.163,7.179,91765.0
2023-02-05 12:00:00,7.179,7.198,6.881,6.983,720426.0
2023-02-05 13:00:00,6.987,7.037,6.942,7.015,293032.0
2023-02-05 14:00:00,7.015,7.052,7.008,7.036,88875.0
2023-02-05 15:00:00,7.037,7.06,6.979,7.001,156702.0
2023-02-05 16:00:00,7.001,7.021,6.961,6.968,136136.0
2023-02-05 17:00:00,6.968,6.997,6.91,6.941,272429.0
2023-02-05 18:00:00,6.94,6.996,6.926,6.964,168580.0
2023-02-05 19:00:00,6.962,6.978,6.919,6.97,169077.0
2023-02-05 20:00:00,6.968,6.977,6.919,6.928,66298.0
2023-02-05 21:00:00,6.931,6.945,6.855,6.93,217121.0
2023-02-05 22:00:00,6.931,6.987,6.911,6.978,53466.0
2023-02-05 23:00:00,6.975,6.998,6.963,6.983,103720.0
2023-02-06 00:00:00,6.984,7.033,6.974,7.023,129229.0
2023-02-06 01:00:00,7.025,7.04,6.987,6.99,135664.0
2023-02-06 02:00:00,6.993,7.008,6.933,6.935,110990.0
2023-02-06 03:00:00,6.934,6.973,6.91,6.955,115863.0
2023-02-06 04:00:00,6.956,6.981,6.95,6.954,78022.0
2023-02-06 05:00:00,6.954,6.968,6.853,6.932,290573.0
2023-02-06 06:00:00,6.933,6.973,6.92,6.956,82055.0
2023-02-06 07:00:00,6.956,7.017,6.934,7.015,152682.0
2023-02-06 08:00:00,7.016,7.029,6.989,6.997,93239.0
2023-02-06 09:00:00,6.996,6.999,6.953,6.963,113682.0
2023-02-06 10:00:00,6.963,6.977,6.932,6.952,54042.0
2023-02-06 11:00:00,6.95,6.984,6.906,6.966,146214.0
2023-02-06 12:00:00,6.966,6.987,6.948,6.967,72752.0
2023-02-06 13:00:00,6.966,6.988,6.94,6.952,101346.0
2023-02-06 14:00:00,6.952,6.983,6.917,6.961,123517.0
2023-02-06 15:00:00,6.96,7.046,6.921,7.042,214293.0
2023-02-06 16:00:00,7.043,7.065,6.948,6.977,465215.0
2023-02-06 17:00:00,6.98,6.997,6.958,6.981,100956.0
2023-02-06 18:00:00,6.982,7.005,6.946,6.971,138150.0
2023-02-06 19:00:00,6.97,7.009,6.967,7.002,77291.0
2023-02-06 20:00:00,7.003,7.003,6.973,6.996,20053.0
2023-02-06 21:00:00,6.996,6.997,6.931,6.945,50902.0
2023-02-06 22:00:00,6.947,6.951,6.902,6.912,52205.0
2023-02-06 23:00:00,6.909,6.914,6.763,6.832,509502.0
2023-02-07 00:00:00,6.83,6.883,6.813,6.882,140793.0
2023-02-07 01:00:00,6.883,6.915,6.878,6.907,130873.0
2023-02-07 02:00:00,6.908,6.936,6.894,6.934,99299.0
2023-02-07 03:00:00,6.937,6.95,6.916,6.935,117992.0
2023-02-07 04:00:00,6.935,6.952,6.922,6.927,78255.0
2023-02-07 05:00:00,6.927,6.961,6.926,6.953,78202.0
2023-02-07 06:00:00,6.955,6.98,6.943,6.943,137445.0
2023-02-07 07:00:00,6.944,6.962,6.928,6.932,70995.0
2023-02-07 08:00:00,6.932,6.978,6.905,6.948,260115.0
2023-02-07 09:00:00,6.948,7.029,6.948,7.018,162313.0
2023-02-07 10:00:00,7.019,7.047,7.005,7.027,98914.0
2023-02-07 11:00:00,7.03,7.048,7.025,7.028,109529.0
2023-02-07 12:00:00,7.029,7.059,7.016,7.051,102224.0
2023-02-07 13:00:00,7.052,7.055,6.988,7.025,123618.0
2023-02-07 14:00:00,7.025,7.047,7.003,7.015,119196.0
2023-02-07 15:00:00,7.017,7.019,6.947,6.973,220861.0
2023-02-07 16:00:00,6.972,7.014,6.951,6.992,147647.0
2023-02-07 17:00:00,6.994,7.145,6.941,7.125,416221.0
2023-02-07 18:00:00,7.131,7.15,6.907,6.965,596093.0
2023-02-07 19:00:00,6.965,7.09,6.964,7.078,165623.0
2023-02-07 20:00:00,7.078,7.178,7.054,7.161,206959.0
2023-02-07 21:00:00,7.158,7.195,7.154,7.17,103939.0
2023-02-07 22:00:00,7.17,7.193,7.146,7.174,94805.0
2023-02-07 23:00:00,7.173,7.213,7.173,7.198,81027.0
2023-02-08 00:00:00,7.197,7.276,7.194,7.248,266279.0
2023-02-08 01:00:00,7.252,7.291,7.218,7.221,155227.0
2023-02-08 02:00:00,7.221,7.236,7.186,7.188,82765.0
2023-02-08 03:00:00,7.188,7.217,7.183,7.207,47595.0
2023-02-08 04:00:00,7.207,7.224,7.198,7.209,62748.0
2023-02-08 05:00:00,7.208,7.224,7.168,7.196,111478.0
2023-02-08 06:00:00,7.196,7.271,7.191,7.255,157059.0
2023-02-08 07:00:00,7.256,7.287,7.221,7.255,138245.0
2023-02-08 08:00:00,7.253,7.258,7.18,7.19,174520.0
2023-02-08 09:00:00,7.189,7.212,7.163,7.186,107630.0
2023-02-08 10:00:00,7.185,7.19,7.156,7.178,55693.0
2023-02-08 11:00:00,7.178,7.237,7.165,7.227,73626.0
2023-02-08 12:00:00,7.227,7.257,7.195,7.214,142036.0
2023-02-08 13:00:00,7.216,7.249,7.174,7.249,224668.0
2023-02-08 14:00:00,7.249,7.303,7.186,7.214,326927.0
2023-02-08 15:00:00,7.214,7.214,7.085,7.09,411000.0
2023-02-08 16:00:00,7.089,7.119,6.947,7.118,566306.0
2023-02-08 17:00:00,7.117,7.169,7.086,7.164,168205.0
2023-02-08 18:00:00,7.162,7.174,7.058,7.088,164027.0
2023-02-08 19:00:00,7.086,7.131,7.059,7.082,156469.0
2023-02-08 20:00:00,7.08,7.081,7.008,7.01,215580.0
2023-02-08 21:00:00,7.008,7.107,7.003,7.098,80500.0
2023-02-08 22:00:00,7.098,7.117,7.085,7.094,39380.0
2023-02-08 23:00:00,7.094,7.142,7.062,7.133,129075.0
2023-02-09 00:00:00,7.134,7.214,7.106,7.206,180589.0
2023-02-09 01:00:00,7.209,7.28,7.181,7.206,375365.0
2023-02-09 02:00:00,7.208,7.235,7.055,7.06,455988.0
2023-02-09 03:00:00,7.06,7.065,6.859,6.942,1146708.0
2023-02-09 04:00:00,6.941,6.978,6.865,6.973,271765.0
2023-02-09 05:00:00,6.973,7.03,6.96,6.985,187460.0
2023-02-09 06:00:00,6.984,7.114,6.967,7.109,382939.0
2023-02-09 07:00:00,7.112,7.471,7.106,7.449,2239723.0
2023-02-09 08:00:00,7.449,7.821,7.412,7.721,4377755.0
2023-02-09 09:00:00,7.721,7.759,7.56,7.661,2360950.0
2023-02-09 10:00:00,7.661,7.675,7.528,7.569,904813.0
2023-02-09 11:00:00,7.57,7.585,7.5,7.527,854282.0
2023-02-09 12:00:00,7.531,7.673,7.501,7.635,1146932.0
2023-02-09 13:00:00,7.633,7.746,7.6,7.656,982322.0
2023-02-09 14:00:00,7.657,7.793,7.626,7.719,1474369.0
2023-02-09 15:00:00,7.72,7.756,7.581,7.599,1300898.0
2023-02-09 16:00:00,7.601,7.725,7.508,7.581,1729244.0
2023-02-09 17:00:00,7.582,7.664,7.509,7.579,860661.0
2023-02-09 18:00:00,7.58,7.636,7.504,7.632,515663.0
2023-02-09 19:00:00,7.632,7.638,7.213,7.323,2930883.0
2023-02-09 20:00:00,7.323,7.388,7.163,7.306,994901.0
2023-02-09 21:00:00,7.312,7.317,6.989,7.093,1643601.0
2023-02-09 22:00:00,7.092,7.145,6.805,6.914,1111480.0
2023-02-09 23:00:00,6.913,7.027,6.888,6.981,646573.0
2023-02-10 00:00:00,6.982,7.12,6.942,7.008,666799.0
2023-02-10 01:00:00,7.007,7.063,6.963,7.007,465230.0
2023-02-10 02:00:00,7.005,7.017,6.91,7.0,591603.0
2023-02-10 03:00:00,6.995,7.009,6.939,6.954,276623.0
2023-02-10 04:00:00,6.95,6.961,6.813,6.847,635725.0
2023-02-10 05:00:00,6.847,6.93,6.769,6.898,754421.0
2023-02-10 06:00:00,6.897,6.97,6.89,6.958,357889.0
2023-02-10 07:00:00,6.958,6.988,6.905,6.965,398137.0
2023-02-10 08:00:00,6.963,6.98,6.931,6.966,371206.0
2023-02-10 09:00:00,6.966,7.008,6.945,6.949,308039.0
2023-02-10 10:00:00,6.954,6.997,6.924,6.964,175691.0
2023-02-10 11:00:00,6.964,6.964,6.88,6.946,675473.0
2023-02-10 12:00:00,6.948,7.039,6.906,6.909,709269.0
2023-02-10 13:00:00,6.909,6.991,6.909,6.944,267726.0
2023-02-10 14:00:00,6.942,6.998,6.917,6.959,426092.0
2023-02-10 15:00:00,6.96,6.996,6.815,6.888,906527.0
2023-02-10 16:00:00,6.892,6.944,6.817,6.858,439318.0
2023-02-10 17:00:00,6.857,6.998,6.853,6.994,517299.0
2023-02-10 18:00:00,6.996,7.003,6.949,6.96,260090.0
2023-02-10 19:00:00,6.961,7.034,6.941,7.003,182123.0
2023-02-10 20:00:00,7.003,7.023,6.978,7.013,176611.0
2023-02-10 21:00:00,7.014,7.024,6.846,6.867,401755.0
2023-02-10 22:00:00,6.867,6.918,6.828,6.861,197598.0
2023-02-10 23:00:00,6.861,6.926,6.841,6.887,368308.0
2023-02-11 00:00:00,6.886,6.937,6.868,6.913,221094.0
2023-02-11 01:00:00,6.912,6.934,6.864,6.885,211122.0
2023-02-11 02:00:00,6.885,6.937,6.873,6.898,205096.0
2023-02-11 03:00:00,6.899,6.955,6.899,6.91,171455.0
2023-02-11 04:00:00,6.911,6.926,6.895,6.916,62959.0
2023-02-11 05:00:00,6.912,6.916,6.859,6.869,94904.0
2023-02-11 06:00:00,6.869,6.9,6.852,6.9,91215.0
2023-02-11 07:00:00,6.899,6.925,6.869,6.916,98403.0
2023-02-11 08:00:00,6.916,6.927,6.897,6.916,122240.0
2023-02-11 09:00:00,6.919,6.93,6.897,6.919,120765.0
2023-02-11 10:00:00,6.924,6.924,6.876,6.899,133174.0
2023-02-11 11:00:00,6.9,6.915,6.887,6.915,89290.0
2023-02-11 12:00:00,6.916,6.946,6.88,6.914,275472.0
2023-02-11 13:00:00,6.915,6.957,6.906,6.952,183479.0
2023-02-11 14:00:00,6.953,6.997,6.942,6.993,264448.0
2023-02-11 15:00:00,6.994,7.004,6.947,6.977,132142.0
2023-02-11 16:00:00,6.979,6.984,6.92,6.93,139120.0
2023-02-11 17:00:00,6.93,6.934,6.896,6.923,136140.0
2023-02-11 18:00:00,6.924,6.949,6.877,6.906,155284.0
2023-02-11 19:00:00,6.907,6.925,6.896,6.92,68035.0
2023-02-11 20:00:00,6.921,6.955,6.904,6.942,89308.0
2023-02-11 21:00:00,6.939,7.015,6.93,7.01,115239.0
2023-02-11 22:00:00,7.012,7.015,6.981,7.003,67653.0
2023-02-11 23:00:00,7.004,7.037,6.991,7.003,92949.0
2023-02-12 00:00:00,7.002,7.017,6.962,6.963,159116.0
2023-02-12 01:00:00,6.963,6.982,6.95,6.953,69689.0
2023-02-12 02:00:00,6.952,6.973,6.936,6.958,175536.0
2023-02-12 03:00:00,6.956,6.964,6.94,6.943,55125.0
2023-02-12 04:00:00,6.943,6.949,6.916,6.942,181622.0
2023-02-12 05:00:00,6.942,6.963,6.933,6.957,128830.0
2023-02-12 06:00:00,6.957,6.961,6.945,6.958,78339.0
2023-02-12 07:00:00,6.958,6.964,6.937,6.94,72270.0
2023-02-12 08:00:00,6.937,6.973,6.927,6.936,129315.0
2023-02-12 09:00:00,6.934,7.018,6.931,6.988,185531.0
2023-02-12 10:00:00,6.989,7.011,6.962,6.996,133104.0
2023-02-12 11:00:00,6.997,6.999,6.968,6.968,93645.0
2023-02-12 12:00:00,6.97,6.99,6.915,6.933,243749.0
2023-02-12 13:00:00,6.933,6.948,6.903,6.93,222906.0
2023-02-12 14:00:00,6.93,6.987,6.919,6.964,190733.0
2023-02-12 15:00:00,6.965,6.997,6.95,6.979,196689.0
2023-02-12 16:00:00,6.98,7.024,6.97,7.01,222121.0
2023-02-12 17:00:00,7.011,7.089,7.0,7.023,370275.0
2023-02-12 18:00:00,7.023,7.042,7.002,7.005,102291.0
2023-02-12 19:00:00,7.003,7.007,6.964,6.987,121077.0
2023-02-12 20:00:00,6.987,7.008,6.964,6.972,39155.0
2023-02-12 21:00:00,6.972,6.977,6.806,6.823,307313.0
2023-02-12 22:00:00,6.822,6.828,6.673,6.817,528094.0
2023-02-12 23:00:00,6.818,6.845,6.778,6.809,157342.0
2023-02-13 00:00:00,6.81,6.847,6.757,6.817,241832.0
2023-02-13 01:00:00,6.816,6.824,6.683,6.705,312807.0
2023-02-13 02:00:00,6.707,6.73,6.597,6.704,755167.0
2023-02-13 03:00:00,6.703,6.727,6.673,6.723,179633.0
2023-02-13 04:00:00,6.724,6.774,6.708,6.735,263485.0
2023-02-13 05:00:00,6.735,6.76,6.727,6.752,148204.0
2023-02-13 06:00:00,6.752,6.765,6.729,6.739,83553.0
2023-02-13 07:00:00,6.739,6.795,6.72,6.775,197848.0
2023-02-13 08:00:00,6.775,6.775,6.612,6.641,374132.0
2023-02-13 09:00:00,6.643,6.668,6.419,6.522,1717867.0
2023-02-13 10:00:00,6.522,6.566,6.463,6.539,377701.0
2023-02-13 11:00:00,6.539,6.571,6.522,6.558,127199.0
2023-02-13 12:00:00,6.559,6.604,6.541,6.579,199250.0
2023-02-13 13:00:00,6.58,6.592,6.547,6.549,186475.0
2023-02-13 14:00:00,6.548,6.614,6.535,6.613,185468.0
2023-02-13 15:00:00,6.611,6.618,6.559,6.562,161675.0
2023-02-13 16:00:00,6.566,6.614,6.472,6.544,548581.0
2023-02-13 17:00:00,6.54,6.56,6.426,6.481,520797.0
2023-02-13 18:00:00,6.48,6.606,6.477,6.581,203729.0
2023-02-13 19:00:00,6.581,6.608,6.564,6.597,90796.0
2023-02-13 20:00:00,6.597,6.614,6.58,6.601,124227.0
2023-02-13 21:00:00,6.601,6.605,6.563,6.577,37318.0
2023-02-13 22:00:00,6.576,6.62,6.565,6.6,119529.0
2023-02-13 23:00:00,6.601,6.681,6.59,6.669,211374.0
2023-02-14 00:00:00,6.67,6.681,6.637,6.646,120774.0
2023-02-14 01:00:00,6.647,6.656,6.618,6.626,79112.0
2023-02-14 02:00:00,6.626,6.66,6.619,6.627,97312.0
2023-02-14 03:00:00,6.627,6.654,6.613,6.618,64277.0
2023-02-14 04:00:00,6.619,6.643,6.605,6.617,70331.0
2023-02-14 05:00:00,6.617,6.644,6.616,6.637,82996.0
2023-02-14 06:00:00,6.639,6.654,6.618,6.632,89705.0
2023-02-14 07:00:00,6.632,6.654,6.625,6.647,52768.0
2023-02-14 08:00:00,6.648,6.653,6.606,6.61,108788.0
2023-02-14 09:00:00,6.61,6.693,6.601,6.659,277999.0
2023-02-14 10:00:00,6.666,6.679,6.637,6.642,113762.0
2023-02-14 11:00:00,6.642,6.65,6.617,6.625,76711.0
2023-02-14 12:00:00,6.625,6.663,6.621,6.644,83803.0
2023-02-14 13:00:00,6.643,6.682,6.528,6.623,975469.0
2023-02-14 14:00:00,6.619,6.759,6.534,6.746,706588.0
2023-02-14 15:00:00,6.749,6.825,6.681,6.751,677704.0
2023-02-14 16:00:00,6.752,6.773,6.655,6.696,324354.0
2023-02-14 17:00:00,6.695,6.757,6.693,6.742,133300.0
2023-02-14 18:00:00,6.741,6.777,6.737,6.761,112075.0
2023-02-14 19:00:00,6.761,6.811,6.747,6.802,190280.0
2023-02-14 20:00:00,6.802,6.831,6.791,6.807,135745.0
2023-02-14 21:00:00,6.805,6.809,6.763,6.791,124128.0
2023-02-14 22:00:00,6.793,6.8,6.784,6.8,54975.0
2023-02-14 23:00:00,6.799,6.822,6.787,6.806,82259.0
2023-02-15 00:00:00,6.806,6.821,6.745,6.751,189087.0
2023-02-15 01:00:00,6.753,6.776,6.745,6.753,97566.0
2023-02-15 02:00:00,6.755,6.763,6.726,6.734,95992.0
2023-02-15 03:00:00,6.734,6.806,6.732,6.782,134109.0
2023-02-15 04:00:00,6.782,6.788,6.76,6.764,113636.0
2023-02-15 05:00:00,6.765,6.8,6.762,6.784,119720.0
2023-02-15 06:00:00,6.783,6.796,6.756,6.764,80131.0
2023-02-15 07:00:00,6.769,6.792,6.762,6.774,81548.0
2023-02-15 08:00:00,6.772,6.785,6.745,6.764,120575.0
2023-02-15 09:00:00,6.763,6.784,6.759,6.78,97394.0
2023-02-15 10:00:00,6.782,6.818,6.775,6.799,111091.0
2023-02-15 11:00:00,6.799,6.855,6.786,6.847,296364.0
2023-02-15 12:00:00,6.849,6.936,6.849,6.908,605034.0
2023-02-15 13:00:00,6.908,6.922,6.885,6.891,235494.0
2023-02-15 14:00:00,6.891,6.912,6.848,6.87,249976.0
2023-02-15 15:00:00,6.869,6.929,6.854,6.916,206564.0
2023-02-15 16:00:00,6.915,6.959,6.889,6.895,253732.0
2023-02-15 17:00:00,6.895,6.924,6.886,6.92,69010.0
2023-02-15 18:00:00,6.918,6.976,6.913,6.958,135957.0
2023-02-15 19:00:00,6.958,7.073,6.939,7.072,315992.0
2023-02-15 20:00:00,7.074,7.226,7.063,7.173,797814.0
2023-02-15 21:00:00,7.174,7.241,7.124,7.177,346346.0
2023-02-15 22:00:00,7.177,7.207,7.165,7.173,136786.0
2023-02-15 23:00:00,7.172,7.315,7.172,7.284,655191.0
2023-02-16 00:00:00,7.284,7.392,7.242,7.294,849077.0
2023-02-16 01:00:00,7.297,7.361,7.285,7.349,242002.0
2023-02-16 02:00:00,7.349,7.374,7.33,7.341,220354.0
2023-02-16 03:00:00,7.341,7.371,7.321,7.343,250621.0
2023-02-16 04:00:00,7.343,7.348,7.26,7.281,396690.0
2023-02-16 05:00:00,7.28,7.304,7.271,7.298,229378.0
2023-02-16 06:00:00,7.297,7.345,7.297,7.306,214904.0
2023-02-16 07:00:00,7.305,7.317,7.236,7.286,316228.0
2023-02-16 08:00:00,7.284,7.294,7.257,7.26,120822.0
2023-02-16 09:00:00,7.259,7.306,7.252,7.306,123259.0
2023-02-16 10:00:00,7.304,7.328,7.278,7.284,138492.0
2023-02-16 11:00:00,7.284,7.288,7.227,7.256,116296.0
2023-02-16 12:00:00,7.256,7.297,7.22,7.291,130024.0
2023-02-16 13:00:00,7.29,7.303,7.14,7.183,565064.0
2023-02-16 14:00:00,7.183,7.235,7.138,7.225,346590.0
2023-02-16 15:00:00,7.225,7.394,7.212,7.385,672101.0
2023-02-16 16:00:00,7.385,7.493,7.211,7.435,1282388.0
2023-02-16 17:00:00,7.435,7.459,7.384,7.395,289650.0
2023-02-16 18:00:00,7.395,7.418,7.366,7.4,185442.0
2023-02-16 19:00:00,7.399,7.406,7.289,7.312,373171.0
2023-02-16 20:00:00,7.315,7.318,7.188,7.229,541089.0
2023-02-16 21:00:00,7.228,7.242,7.145,7.194,266708.0
2023-02-16 22:00:00,7.192,7.209,7.01,7.017,595429.0
2023-02-16 23:00:00,7.014,7.1,6.986,7.012,613685.0
2023-02-17 00:00:00,7.014,7.126,6.97,7.114,406559.0
2023-02-17 01:00:00,7.116,7.191,7.101,7.177,194101.0
2023-02-17 02:00:00,7.177,7.194,7.151,7.163,148434.0
2023-02-17 03:00:00,7.163,7.227,7.163,7.194,240087.0
2023-02-17 04:00:00,7.195,7.232,7.154,7.209,248444.0
2023-02-17 05:00:00,7.209,7.211,7.157,7.175,170885.0
2023-02-17 06:00:00,7.175,7.216,7.158,7.216,157069.0
2023-02-17 07:00:00,7.215,7.277,7.203,7.205,374930.0
2023-02-17 08:00:00,7.207,7.255,7.181,7.255,379307.0
2023-02-17 09:00:00,7.254,7.266,7.202,7.216,314974.0
2023-02-17 10:00:00,7.222,7.299,7.195,7.259,306642.0
2023-02-17 11:00:00,7.258,7.297,7.252,7.29,165107.0
2023-02-17 12:00:00,7.289,7.342,7.28,7.319,253585.0
2023-02-17 13:00:00,7.32,7.354,7.263,7.302,325249.0
2023-02-17 14:00:00,7.301,7.372,7.226,7.277,724085.0
2023-02-17 15:00:00,7.277,7.371,7.276,7.329,301641.0
2023-02-17 16:00:00,7.329,7.388,7.279,7.35,476207.0
2023-02-17 17:00:00,7.348,7.591,7.348,7.436,1164193.0
2023-02-17 18:00:00,7.436,7.478,7.396,7.43,325043.0
2023-02-17 19:00:00,7.429,7.498,7.396,7.487,200437.0
2023-02-17 20:00:00,7.488,7.56,7.471,7.557,321948.0
2023-02-17 21:00:00,7.557,7.61,7.491,7.511,388114.0
2023-02-17 22:00:00,7.509,7.628,7.396,7.589,443175.0
2023-02-17 23:00:00,7.589,7.72,7.58,7.656,524048.0
2023-02-18 00:00:00,7.654,7.733,7.588,7.592,412871.0
2023-02-18 01:00:00,7.592,7.741,7.58,7.706,339507.0
2023-02-18 02:00:00,7.705,7.734,7.641,7.675,219042.0
2023-02-18 03:00:00,7.673,7.673,7.607,7.614,149361.0
2023-02-18 04:00:00,7.615,7.674,7.613,7.641,85877.0
2023-02-18 05:00:00,7.639,7.678,7.626,7.656,93092.0
2023-02-18 06:00:00,7.656,7.694,7.618,7.63,162808.0
2023-02-18 07:00:00,7.629,7.645,7.559,7.593,215735.0
2023-02-18 08:00:00,7.597,7.62,7.558,7.608,152483.0
2023-02-18 09:00:00,7.606,7.627,7.571,7.59,123045.0
2023-02-18 10:00:00,7.591,7.601,7.502,7.519,434268.0
2023-02-18 11:00:00,7.52,7.645,7.519,7.639,315938.0
2023-02-18 12:00:00,7.638,8.149,7.633,8.13,2944514.0
2023-02-18 13:00:00,8.129,8.23,8.034,8.123,2151285.0
2023-02-18 14:00:00,8.124,8.258,8.119,8.16,1255512.0
2023-02-18 15:00:00,8.162,8.22,8.101,8.188,633149.0
2023-02-18 16:00:00,8.186,8.258,8.143,8.2,983523.0
2023-02-18 17:00:00,8.2,8.209,8.106,8.132,330541.0
2023-02-18 18:00:00,8.132,8.164,8.036,8.047,506976.0
2023-02-18 19:00:00,8.044,8.079,7.942,8.045,418884.0
2023-02-18 20:00:00,8.045,8.063,7.985,8.01,185106.0
2023-02-18 21:00:00,8.01,8.04,7.975,8.03,143702.0
2023-02-18 22:00:00,8.033,8.088,8.023,8.055,148787.0
2023-02-18 23:00:00,8.054,8.074,7.986,7.989,202637.0
2023-02-19 00:00:00,7.99,8.08,7.941,8.053,443080.0
2023-02-19 01:00:00,8.053,8.058,7.969,8.05,409382.0
2023-02-19 02:00:00,8.047,8.051,7.969,8.004,193659.0
2023-02-19 03:00:00,8.005,8.054,7.991,8.02,167247.0
2023-02-19 04:00:00,8.02,8.03,7.961,7.986,231200.0
2023-02-19 05:00:00,7.986,8.066,7.978,7.994,310516.0
2023-02-19 06:00:00,7.994,8.195,7.977,8.088,768514.0
2023-02-19 07:00:00,8.086,8.286,8.076,8.12,936240.0
2023-02-19 08:00:00,8.117,8.257,8.095,8.143,423178.0
2023-02-19 09:00:00,8.144,8.159,8.059,8.071,277531.0
2023-02-19 10:00:00,8.069,8.103,8.031,8.068,323406.0
2023-02-19 11:00:00,8.068,8.172,8.064,8.168,281631.0
2023-02-19 12:00:00,8.167,8.295,8.128,8.15,861908.0
2023-02-19 13:00:00,8.15,8.182,8.089,8.107,318119.0
2023-02-19 14:00:00,8.108,8.21,8.102,8.166,621003.0
2023-02-19 15:00:00,8.167,8.215,8.063,8.144,475724.0
2023-02-19 16:00:00,8.145,8.223,7.931,8.056,1034990.0
2023-02-19 17:00:00,8.055,8.089,7.857,7.895,921578.0
2023-02-19 18:00:00,7.899,7.982,7.897,7.945,252439.0
2023-02-19 19:00:00,7.938,7.963,7.87,7.888,143166.0
2023-02-19 20:00:00,7.889,7.942,7.818,7.939,413211.0
2023-02-19 21:00:00,7.937,7.955,7.915,7.944,131475.0
2023-02-19 22:00:00,7.944,7.951,7.899,7.937,67007.0
2023-02-19 23:00:00,7.941,8.05,7.908,8.019,436709.0
2023-02-20 00:00:00,8.015,8.083,7.953,7.955,463202.0
2023-02-20 01:00:00,7.958,7.965,7.724,7.885,810719.0
2023-02-20 02:00:00,7.886,7.993,7.867,7.981,205130.0
2023-02-20 03:00:00,7.981,8.017,7.946,8.009,116511.0
2023-02-20 04:00:00,8.01,8.187,8.007,8.176,390896.0
2023-02-20 05:00:00,8.179,8.229,8.132,8.164,500432.0
2023-02-20 06:00:00,8.163,8.165,8.106,8.135,223937.0
2023-02-20 07:00:00,8.134,8.386,8.103,8.371,909398.0
2023-02-20 08:00:00,8.37,8.42,8.176,8.184,830308.0
2023-02-20 09:00:00,8.184,8.216,8.062,8.201,953289.0
2023-02-20 10:00:00,8.201,8.235,8.124,8.153,453670.0
2023-02-20 11:00:00,8.153,8.193,8.118,8.138,259254.0
2023-02-20 12:00:00,8.138,8.168,8.068,8.111,307962.0
2023-02-20 13:00:00,8.112,8.173,8.108,8.16,222341.0
2023-02-20 14:00:00,8.159,8.195,8.11,8.18,674651.0
2023-02-20 15:00:00,8.179,8.198,8.118,8.129,210569.0
2023-02-20 16:00:00,8.129,8.132,7.945,8.028,571247.0
2023-02-20 17:00:00,8.029,8.051,7.984,8.018,213026.0
2023-02-20 18:00:00,8.022,8.041,7.98,8.009,223881.0
2023-02-20 19:00:00,8.009,8.042,7.997,8.027,125721.0
2023-02-20 20:00:00,8.029,8.042,7.973,7.979,367295.0
2023-02-20 21:00:00,7.979,8.036,7.963,7.972,171331.0
2023-02-20 22:00:00,7.974,7.993,7.912,7.959,155210.0
2023-02-20 23:00:00,7.958,8.023,7.957,8.017,148498.0
2023-02-21 00:00:00,8.018,8.047,7.969,8.015,198830.0
2023-02-21 01:00:00,8.015,8.059,7.995,7.997,164216.0
2023-02-21 02:00:00,7.994,8.082,7.98,7.995,230332.0
2023-02-21 03:00:00,7.994,8.016,7.95,7.964,147186.0
2023-02-21 04:00:00,7.964,7.98,7.901,7.935,142368.0
2023-02-21 05:00:00,7.937,7.961,7.917,7.954,86399.0
2023-02-21 06:00:00,7.955,8.016,7.946,8.014,114153.0
2023-02-21 07:00:00,8.013,8.015,7.956,7.976,118391.0
2023-02-21 08:00:00,7.976,8.019,7.743,7.784,951993.0
2023-02-21 09:00:00,7.782,7.858,7.755,7.835,352768.0
2023-02-21 10:00:00,7.834,7.835,7.757,7.79,218731.0
2023-02-21 11:00:00,7.791,7.802,7.724,7.76,328383.0
2023-02-21 12:00:00,7.76,7.808,7.754,7.792,206431.0
2023-02-21 13:00:00,7.789,7.812,7.662,7.731,439988.0
2023-02-21 14:00:00,7.73,7.782,7.685,7.741,336834.0
2023-02-21 15:00:00,7.74,7.768,7.667,7.742,211111.0
2023-02-21 16:00:00,7.743,7.75,7.624,7.672,296640.0
2023-02-21 17:00:00,7.672,7.754,7.653,7.753,209145.0
2023-02-21 18:00:00,7.753,7.776,7.714,7.743,116103.0
2023-02-21 19:00:00,7.743,7.744,7.652,7.694,181207.0
2023-02-21 20:00:00,7.695,7.706,7.6,7.623,427032.0
2023-02-21 21:00:00,7.626,7.636,7.5,7.554,586909.0
2023-02-21 22:00:00,7.554,7.612,7.543,7.609,139371.0
2023-02-21 23:00:00,7.61,7.651,7.586,7.642,107112.0
2023-02-22 00:00:00,7.643,7.663,7.575,7.637,158727.0
2023-02-22 01:00:00,7.635,7.733,7.471,7.534,855496.0
2023-02-22 02:00:00,7.534,7.547,7.365,7.517,898975.0
2023-02-22 03:00:00,7.515,7.563,7.5,7.545,174496.0
2023-02-22 04:00:00,7.545,7.559,7.495,7.544,176444.0
2023-02-22 05:00:00,7.543,7.544,7.458,7.495,151263.0
2023-02-22 06:00:00,7.496,7.507,7.407,7.417,279713.0
2023-02-22 07:00:00,7.416,7.494,7.38,7.483,266825.0
2023-02-22 08:00:00,7.483,7.486,7.313,7.376,457181.0
2023-02-22 09:00:00,7.378,7.469,7.347,7.442,321236.0
2023-02-22 10:00:00,7.439,7.478,7.435,7.461,135438.0
2023-02-22 11:00:00,7.46,7.479,7.425,7.47,171656.0
2023-02-22 12:00:00,7.469,7.557,7.461,7.531,266879.0
2023-02-22 13:00:00,7.532,7.543,7.467,7.522,202282.0
2023-02-22 14:00:00,7.522,7.522,7.422,7.436,266709.0
2023-02-22 15:00:00,7.436,7.456,7.312,7.362,533876.0
2023-02-22 16:00:00,7.361,7.396,7.295,7.354,312864.0
2023-02-22 17:00:00,7.353,7.45,7.344,7.442,157399.0
2023-02-22 18:00:00,7.441,7.547,7.424,7.512,291032.0
2023-02-22 19:00:00,7.514,7.602,7.483,7.571,580836.0
2023-02-22 20:00:00,7.57,7.618,7.53,7.564,157459.0
2023-02-22 21:00:00,7.567,7.614,7.546,7.602,94032.0
2023-02-22 22:00:00,7.605,7.683,7.605,7.683,134263.0
2023-02-22 23:00:00,7.683,7.72,7.675,7.716,118701.0
2023-02-23 00:00:00,7.718,7.766,7.672,7.678,294489.0
2023-02-23 01:00:00,7.678,7.729,7.673,7.723,104144.0
2023-02-23 02:00:00,7.725,7.847,7.723,7.846,324390.0
2023-02-23 03:00:00,7.846,7.968,7.841,7.888,1042972.0
2023-02-23 04:00:00,7.889,7.947,7.88,7.931,334357.0
2023-02-23 05:00:00,7.928,7.948,7.858,7.88,348488.0
2023-02-23 06:00:00,7.881,7.956,7.874,7.941,333883.0
2023-02-23 07:00:00,7.941,7.976,7.914,7.919,291650.0
2023-02-23 08:00:00,7.916,7.975,7.908,7.938,199113.0
2023-02-23 09:00:00,7.936,8.073,7.921,7.991,1074564.0
2023-02-23 10:00:00,7.99,8.041,7.96,7.994,348143.0
2023-02-23 11:00:00,7.994,8.056,7.784,7.856,1399690.0
2023-02-23 12:00:00,7.855,8.076,7.761,8.058,743010.0
2023-02-23 13:00:00,8.058,8.213,8.058,8.115,1616564.0
2023-02-23 14:00:00,8.116,8.15,7.954,8.022,984663.0
2023-02-23 15:00:00,8.023,8.091,7.95,7.972,553246.0
2023-02-23 16:00:00,7.972,8.029,7.886,7.901,697335.0
2023-02-23 17:00:00,7.902,7.943,7.761,7.784,490846.0
2023-02-23 18:00:00,7.785,7.81,7.709,7.777,344449.0
2023-02-23 19:00:00,7.777,7.924,7.763,7.893,303234.0
2023-02-23 20:00:00,7.893,7.925,7.866,7.884,168654.0
2023-02-23 21:00:00,7.883,7.923,7.818,7.823,99865.0
2023-02-23 22:00:00,7.824,7.908,7.785,7.897,121842.0
2023-02-23 23:00:00,7.897,7.969,7.892,7.935,165096.0
2023-02-24 00:00:00,7.935,7.99,7.875,7.964,329306.0
2023-02-24 01:00:00,7.963,7.99,7.921,7.927,212698.0
2023-02-24 02:00:00,7.927,7.994,7.919,7.95,194756.0
2023-02-24 03:00:00,7.95,8.035,7.95,8.023,287061.0
2023-02-24 04:00:00,8.023,8.042,7.979,7.985,184230.0
2023-02-24 05:00:00,7.987,8.06,7.932,7.988,368792.0
2023-02-24 06:00:00,7.989,8.12,7.964,8.095,415050.0
2023-02-24 07:00:00,8.093,8.154,8.028,8.102,656915.0
2023-02-24 08:00:00,8.102,8.135,8.03,8.059,266050.0
2023-02-24 09:00:00,8.059,8.083,7.988,8.001,188880.0
2023-02-24 10:00:00,8.002,8.023,7.932,8.003,280118.0
2023-02-24 11:00:00,8.005,8.007,7.867,7.885,345752.0
2023-02-24 12:00:00,7.885,7.921,7.816,7.834,437557.0
2023-02-24 13:00:00,7.834,7.861,7.789,7.804,415982.0
2023-02-24 14:00:00,7.805,7.819,7.723,7.751,306863.0
2023-02-24 15:00:00,7.749,7.763,7.545,7.59,957754.0
2023-02-24 16:00:00,7.59,7.592,7.411,7.511,1154221.0
2023-02-24 17:00:00,7.508,7.584,7.499,7.551,317502.0
2023-02-24 18:00:00,7.552,7.585,7.51,7.58,165779.0
2023-02-24 19:00:00,7.581,7.695,7.554,7.675,468154.0
2023-02-24 20:00:00,7.676,7.717,7.578,7.6,359893.0
2023-02-24 21:00:00,7.602,7.686,7.558,7.641,334944.0
2023-02-24 22:00:00,7.641,7.67,7.195,7.36,874290.0
2023-02-24 23:00:00,7.362,7.47,7.346,7.465,340728.0
2023-02-25 00:00:00,7.466,7.494,7.363,7.399,290057.0
2023-02-25 01:00:00,7.399,7.478,7.398,7.466,133805.0
2023-02-25 02:00:00,7.466,7.479,7.385,7.414,120688.0
2023-02-25 03:00:00,7.415,7.442,7.379,7.384,148741.0
2023-02-25 04:00:00,7.386,7.425,7.367,7.392,118649.0
2023-02-25 05:00:00,7.392,7.41,7.315,7.323,200021.0
2023-02-25 06:00:00,7.325,7.418,7.324,7.418,141522.0
2023-02-25 07:00:00,7.415,7.423,7.376,7.408,77263.0
2023-02-25 08:00:00,7.408,7.439,7.398,7.408,106154.0
2023-02-25 09:00:00,7.411,7.412,7.358,7.38,116586.0
2023-02-25 10:00:00,7.381,7.401,7.338,7.363,151725.0
2023-02-25 11:00:00,7.364,7.421,7.36,7.368,211422.0
2023-02-25 12:00:00,7.369,7.371,7.25,7.353,490693.0
2023-02-25 13:00:00,7.352,7.366,7.31,7.331,112401.0
2023-02-25 14:00:00,7.331,7.371,7.329,7.339,140006.0
2023-02-25 15:00:00,7.338,7.362,7.318,7.35,82691.0
2023-02-25 16:00:00,7.348,7.401,7.332,7.341,200073.0
2023-02-25 17:00:00,7.339,7.378,7.326,7.329,91850.0
2023-02-25 18:00:00,7.33,7.336,7.203,7.251,286901.0
2023-02-25 19:00:00,7.251,7.334,7.22,7.321,308013.0
2023-02-25 20:00:00,7.32,7.333,7.169,7.261,686315.0
2023-02-25 21:00:00,7.26,7.284,7.181,7.281,161110.0
2023-02-25 22:00:00,7.279,7.365,7.272,7.355,151830.0
2023-02-25 23:00:00,7.354,7.396,7.346,7.376,179498.0
2023-02-26 00:00:00,7.375,7.38,7.316,7.325,121615.0
2023-02-26 01:00:00,7.326,7.347,7.295,7.338,89936.0
2023-02-26 02:00:00,7.338,7.395,7.297,7.385,135410.0
2023-02-26 03:00:00,7.387,7.423,7.374,7.417,144015.0
2023-02-26 04:00:00,7.417,7.42,7.367,7.371,106241.0
2023-02-26 05:00:00,7.373,7.398,7.371,7.374,68112.0
2023-02-26 06:00:00,7.373,7.4,7.353,7.4,82491.0
2023-02-26 07:00:00,7.4,7.43,7.385,7.405,93507.0
2023-02-26 08:00:00,7.406,7.43,7.367,7.411,225427.0
2023-02-26 09:00:00,7.411,7.441,7.404,7.415,125298.0
2023-02-26 10:00:00,7.416,7.434,7.397,7.413,70713.0
2023-02-26 11:00:00,7.415,7.44,7.401,7.437,64570.0
2023-02-26 12:00:00,7.436,7.443,7.362,7.375,122252.0
2023-02-26 13:00:00,7.374,7.407,7.361,7.406,52438.0
2023-02-26 14:00:00,7.406,7.437,7.378,7.383,129890.0
2023-02-26 15:00:00,7.383,7.4,7.365,7.381,89467.0
2023-02-26 16:00:00,7.381,7.385,7.335,7.341,96825.0
2023-02-26 17:00:00,7.343,7.362,7.303,7.362,135321.0
2023-02-26 18:00:00,7.363,7.464,7.355,7.459,152993.0
2023-02-26 19:00:00,7.46,7.492,7.422,7.485,97722.0
2023-02-26 20:00:00,7.482,7.521,7.464,7.506,154503.0
2023-02-26 21:00:00,7.506,7.546,7.469,7.495,236949.0
2023-02-26 22:00:00,7.497,7.501,7.405,7.441,146033.0
2023-02-26 23:00:00,7.44,7.504,7.435,7.498,117310.0
2023-02-27 00:00:00,7.497,7.498,7.443,7.462,96938.0
2023-02-27 01:00:00,7.463,7.496,7.42,7.493,152645.0
2023-02-27 02:00:00,7.494,7.509,7.446,7.457,93840.0
2023-02-27 03:00:00,7.458,7.487,7.425,7.432,123050.0
2023-02-27 04:00:00,7.432,7.439,7.375,7.384,153164.0
2023-02-27 05:00:00,7.384,7.405,7.327,7.339,217801.0
2023-02-27 06:00:00,7.339,7.365,7.326,7.347,106737.0
2023-02-27 07:00:00,7.348,7.374,7.326,7.335,112552.0
2023-02-27 08:00:00,7.332,7.349,7.233,7.254,419718.0
2023-02-27 09:00:00,7.255,7.295,7.22,7.277,257746.0
2023-02-27 10:00:00,7.276,7.284,7.223,7.257,97574.0
2023-02-27 11:00:00,7.257,7.298,7.252,7.29,114130.0
2023-02-27 12:00:00,7.291,7.293,7.24,7.253,87840.0
2023-02-27 13:00:00,7.253,7.43,7.251,7.418,343183.0
2023-02-27 14:00:00,7.418,7.44,7.389,7.417,208253.0
2023-02-27 15:00:00,7.416,7.469,7.333,7.368,335370.0
2023-02-27 16:00:00,7.37,7.39,7.231,7.309,480921.0
2023-02-27 17:00:00,7.307,7.312,7.23,7.247,156025.0
2023-02-27 18:00:00,7.246,7.255,7.122,7.191,454248.0
2023-02-27 19:00:00,7.191,7.226,7.167,7.197,122036.0
2023-02-27 20:00:00,7.191,7.213,7.141,7.211,226145.0
2023-02-27 21:00:00,7.212,7.229,7.2,7.216,73926.0
2023-02-27 22:00:00,7.216,7.26,7.198,7.242,71572.0
2023-02-27 23:00:00,7.244,7.294,7.234,7.276,109578.0
2023-02-28 00:00:00,7.276,7.299,7.244,7.276,127062.0
2023-02-28 01:00:00,7.276,7.293,7.225,7.252,115160.0
2023-02-28 02:00:00,7.253,7.27,7.219,7.27,125170.0
2023-02-28 03:00:00,7.27,7.31,7.268,7.294,158727.0
2023-02-28 04:00:00,7.297,7.299,7.226,7.256,126050.0
2023-02-28 05:00:00,7.256,7.362,7.251,7.318,473098.0
2023-02-28 06:00:00,7.319,7.36,7.299,7.329,158941.0
2023-02-28 07:00:00,7.329,7.34,7.26,7.263,354904.0
2023-02-28 08:00:00,7.262,7.299,7.232,7.248,183781.0
2023-02-28 09:00:00,7.247,7.273,7.22,7.253,146567.0
2023-02-28 10:00:00,7.253,7.324,7.23,7.307,165099.0
2023-02-28 11:00:00,7.307,7.332,7.259,7.327,130584.0
2023-02-28 12:00:00,7.323,7.372,7.323,7.363,206418.0
2023-02-28 13:00:00,7.362,7.383,7.326,7.37,188406.0
2023-02-28 14:00:00,7.372,7.417,7.326,7.37,364954.0
2023-02-28 15:00:00,7.37,7.421,7.343,7.408,235047.0
2023-02-28 16:00:00,7.408,7.424,7.332,7.343,183220.0
2023-02-28 17:00:00,7.343,7.401,7.343,7.387,81544.0
2023-02-28 18:00:00,7.388,7.404,7.335,7.348,101700.0
2023-02-28 19:00:00,7.347,7.353,7.244,7.261,214704.0
2023-02-28 20:00:00,7.261,7.3,7.231,7.27,180484.0
2023-02-28 21:00:00,7.27,7.272,7.079,7.197,591067.0
2023-02-28 22:00:00,7.196,7.274,7.189,7.249,142631.0
2023-02-28 23:00:00,7.249,7.255,7.179,7.198,140909.0
2023-03-01 00:00:00,7.199,7.23,7.143,7.18,224103.0
2023-03-01 01:00:00,7.178,7.238,7.163,7.216,135049.0
2023-03-01 02:00:00,7.217,7.268,7.214,7.268,112798.0
2023-03-01 03:00:00,7.269,7.357,7.256,7.352,359226.0
2023-03-01 04:00:00,7.354,7.419,7.328,7.41,254038.0
2023-03-01 05:00:00,7.41,7.42,7.37,7.387,179101.0
2023-03-01 06:00:00,7.389,7.431,7.369,7.392,161939.0
2023-03-01 07:00:00,7.393,7.423,7.385,7.397,118145.0
2023-03-01 08:00:00,7.396,7.466,7.381,7.427,219276.0
2023-03-01 09:00:00,7.425,7.453,7.398,7.433,166300.0
2023-03-01 10:00:00,7.434,7.482,7.406,7.467,169162.0
2023-03-01 11:00:00,7.467,7.504,7.45,7.474,227001.0
2023-03-01 12:00:00,7.474,7.496,7.434,7.453,210492.0
2023-03-01 13:00:00,7.453,7.469,7.402,7.426,179398.0
2023-03-01 14:00:00,7.426,7.509,7.406,7.435,229887.0
2023-03-01 15:00:00,7.438,7.461,7.393,7.429,219094.0
2023-03-01 16:00:00,7.429,7.439,7.353,7.404,175171.0
2023-03-01 17:00:00,7.403,7.437,7.389,7.429,58289.0
2023-03-01 18:00:00,7.429,7.447,7.411,7.437,49165.0
2023-03-01 19:00:00,7.436,7.447,7.335,7.358,283562.0
2023-03-01 20:00:00,7.356,7.448,7.336,7.437,165386.0
2023-03-01 21:00:00,7.438,7.531,7.413,7.514,167747.0
2023-03-01 22:00:00,7.513,7.519,7.47,7.487,89409.0
2023-03-01 23:00:00,7.485,7.549,7.47,7.538,195682.0
2023-03-02 00:00:00,7.537,7.584,7.497,7.501,230766.0
2023-03-02 01:00:00,7.501,7.517,7.427,7.461,181491.0
2023-03-02 02:00:00,7.461,7.476,7.395,7.438,210468.0
2023-03-02 03:00:00,7.438,7.444,7.35,7.392,242846.0
2023-03-02 04:00:00,7.392,7.449,7.386,7.439,97595.0
2023-03-02 05:00:00,7.44,7.452,7.358,7.366,104426.0
2023-03-02 06:00:00,7.365,7.39,7.332,7.371,227005.0
2023-03-02 07:00:00,7.37,7.375,7.307,7.356,144933.0
2023-03-02 08:00:00,7.356,7.369,7.299,7.355,157528.0
2023-03-02 09:00:00,7.353,7.356,7.296,7.299,94527.0
2023-03-02 10:00:00,7.299,7.313,7.264,7.287,165365.0
2023-03-02 11:00:00,7.29,7.332,7.285,7.324,82068.0
2023-03-02 12:00:00,7.325,7.332,7.235,7.257,234117.0
2023-03-02 13:00:00,7.256,7.266,7.2,7.212,245898.0
2023-03-02 14:00:00,7.212,7.23,7.163,7.222,338946.0
2023-03-02 15:00:00,7.221,7.254,7.199,7.229,141785.0
2023-03-02 16:00:00,7.227,7.231,7.168,7.177,105124.0
2023-03-02 17:00:00,7.175,7.218,7.173,7.188,116347.0
2023-03-02 18:00:00,7.189,7.261,7.176,7.261,113032.0
2023-03-02 19:00:00,7.261,7.3,7.24,7.275,163788.0
2023-03-02 20:00:00,7.275,7.281,7.235,7.239,67386.0
2023-03-02 21:00:00,7.239,7.253,7.229,7.23,48216.0
2023-03-02 22:00:00,7.23,7.282,7.228,7.259,60635.0
2023-03-02 23:00:00,7.259,7.284,7.242,7.275,84249.0
2023-03-03 00:00:00,7.275,7.275,7.221,7.236,145464.0
2023-03-03 01:00:00,7.235,7.239,6.633,6.725,2961278.0
2023-03-03 02:00:00,6.722,6.815,6.704,6.798,665904.0
2023-03-03 03:00:00,6.797,6.845,6.773,6.812,273328.0
2023-03-03 04:00:00,6.812,6.871,6.791,6.865,206801.0
2023-03-03 05:00:00,6.866,6.885,6.835,6.836,156967.0
2023-03-03 06:00:00,6.836,6.867,6.823,6.836,115051.0
2023-03-03 07:00:00,6.836,6.875,6.828,6.867,80669.0
2023-03-03 08:00:00,6.867,6.89,6.849,6.89,103949.0
2023-03-03 09:00:00,6.89,6.902,6.878,6.889,95437.0
2023-03-03 10:00:00,6.889,6.914,6.883,6.884,102152.0
2023-03-03 11:00:00,6.885,6.904,6.863,6.895,93745.0
2023-03-03 12:00:00,6.893,6.9,6.85,6.866,149850.0
2023-03-03 13:00:00,6.869,6.929,6.849,6.924,214530.0
2023-03-03 14:00:00,6.923,6.954,6.918,6.933,141977.0
2023-03-03 15:00:00,6.933,6.94,6.882,6.899,150025.0
2023-03-03 16:00:00,6.9,6.914,6.884,6.907,130729.0
2023-03-03 17:00:00,6.908,6.937,6.908,6.934,53577.0
2023-03-03 18:00:00,6.934,6.946,6.868,6.895,221219.0
2023-03-03 19:00:00,6.895,6.934,6.884,6.923,36875.0
2023-03-03 20:00:00,6.923,6.936,6.894,6.897,41934.0
2023-03-03 21:00:00,6.895,6.923,6.855,6.91,148083.0
2023-03-03 22:00:00,6.909,6.949,6.904,6.949,40240.0
2023-03-03 23:00:00,6.947,6.963,6.939,6.958,86255.0
2023-03-04 00:00:00,6.959,7.003,6.945,6.984,114092.0
2023-03-04 01:00:00,6.985,7.011,6.91,6.914,164393.0
2023-03-04 02:00:00,6.914,6.946,6.911,6.927,105178.0
2023-03-04 03:00:00,6.927,6.93,6.913,6.918,44693.0
2023-03-04 04:00:00,6.918,6.938,6.881,6.902,125677.0
2023-03-04 05:00:00,6.903,6.913,6.857,6.878,80223.0
2023-03-04 06:00:00,6.879,6.921,6.866,6.911,64081.0
2023-03-04 07:00:00,6.911,6.932,6.902,6.912,51045.0
2023-03-04 08:00:00,6.912,6.936,6.894,6.921,127241.0
2023-03-04 09:00:00,6.921,6.952,6.921,6.928,76713.0
2023-03-04 10:00:00,6.928,6.948,6.894,6.919,89325.0
2023-03-04 11:00:00,6.919,6.974,6.906,6.972,144806.0
2023-03-04 12:00:00,6.973,6.974,6.933,6.964,105384.0
2023-03-04 13:00:00,6.964,6.965,6.912,6.917,153384.0
2023-03-04 14:00:00,6.915,6.936,6.903,6.933,65842.0
2023-03-04 15:00:00,6.933,6.964,6.917,6.927,161018.0
2023-03-04 16:00:00,6.926,6.949,6.916,6.93,101203.0
2023-03-04 17:00:00,6.93,6.934,6.88,6.891,59236.0
2023-03-04 18:00:00,6.89,6.908,6.853,6.906,109407.0
2023-03-04 19:00:00,6.906,6.911,6.816,6.837,173914.0
2023-03-04 20:00:00,6.84,6.844,6.756,6.832,266813.0
2023-03-04 21:00:00,6.834,6.834,6.723,6.741,379459.0
2023-03-04 22:00:00,6.74,6.863,6.707,6.818,224225.0
2023-03-04 23:00:00,6.817,6.861,6.81,6.86,70782.0
2023-03-05 00:00:00,6.86,6.883,6.808,6.881,146364.0
2023-03-05 01:00:00,6.881,6.994,6.862,6.989,344934.0
2023-03-05 02:00:00,6.99,7.0,6.837,6.921,364542.0
2023-03-05 03:00:00,6.924,6.952,6.923,6.943,185861.0
2023-03-05 04:00:00,6.944,6.976,6.943,6.966,89734.0
2023-03-05 05:00:00,6.969,6.978,6.934,6.935,88869.0
2023-03-05 06:00:00,6.935,6.953,6.917,6.927,60443.0
2023-03-05 07:00:00,6.926,6.941,6.905,6.92,109770.0
2023-03-05 08:00:00,6.92,6.928,6.892,6.902,98583.0
2023-03-05 09:00:00,6.903,6.957,6.9,6.935,112803.0
2023-03-05 10:00:00,6.935,6.967,6.927,6.967,69358.0
2023-03-05 11:00:00,6.966,6.967,6.925,6.933,64246.0
2023-03-05 12:00:00,6.933,6.96,6.928,6.953,51450.0
2023-03-05 13:00:00,6.953,6.978,6.946,6.971,67643.0
2023-03-05 14:00:00,6.972,6.977,6.937,6.948,38231.0
2023-03-05 15:00:00,6.947,6.969,6.944,6.952,38802.0
2023-03-05 16:00:00,6.951,6.966,6.94,6.958,46601.0
2023-03-05 17:00:00,6.958,6.96,6.916,6.917,51657.0
2023-03-05 18:00:00,6.919,6.958,6.916,6.95,49414.0
2023-03-05 19:00:00,6.95,6.963,6.931,6.962,60376.0
2023-03-05 20:00:00,6.962,6.99,6.956,6.982,59641.0
2023-03-05 21:00:00,6.981,7.021,6.945,6.991,164519.0
2023-03-05 22:00:00,6.99,6.995,6.953,6.965,95311.0
2023-03-05 23:00:00,6.964,6.964,6.903,6.95,144238.0
2023-03-06 00:00:00,6.949,6.973,6.908,6.939,162517.0
2023-03-06 01:00:00,6.939,6.957,6.855,6.872,295207.0
2023-03-06 02:00:00,6.871,6.883,6.819,6.873,318119.0
2023-03-06 03:00:00,6.874,6.884,6.851,6.872,93759.0
2023-03-06 04:00:00,6.873,6.895,6.844,6.852,93439.0
2023-03-06 05:00:00,6.852,6.871,6.825,6.869,126361.0
2023-03-06 06:00:00,6.871,6.897,6.866,6.892,64687.0
2023-03-06 07:00:00,6.892,6.903,6.874,6.884,49030.0
2023-03-06 08:00:00,6.884,6.9,6.843,6.893,83572.0
2023-03-06 09:00:00,6.892,6.898,6.873,6.89,60300.0
2023-03-06 10:00:00,6.89,6.914,6.881,6.907,50078.0
2023-03-06 11:00:00,6.908,6.912,6.869,6.877,56542.0
2023-03-06 12:00:00,6.876,6.9,6.845,6.886,57322.0
2023-03-06 13:00:00,6.886,6.916,6.877,6.912,46250.0
2023-03-06 14:00:00,6.913,6.928,6.887,6.916,109527.0
2023-03-06 15:00:00,6.918,6.968,6.913,6.965,140828.0
2023-03-06 16:00:00,6.966,6.983,6.932,6.956,134216.0
2023-03-06 17:00:00,6.954,6.966,6.94,6.941,77860.0
2023-03-06 18:00:00,6.941,6.955,6.927,6.941,51842.0
2023-03-06 19:00:00,6.942,6.945,6.877,6.894,160373.0
2023-03-06 20:00:00,6.893,6.911,6.869,6.872,92248.0
2023-03-06 21:00:00,6.873,6.924,6.864,6.896,51423.0
2023-03-06 22:00:00,6.899,6.927,6.87,6.881,119019.0
2023-03-06 23:00:00,6.882,6.888,6.846,6.858,174928.0
2023-03-07 00:00:00,6.858,6.911,6.833,6.911,181289.0
2023-03-07 01:00:00,6.911,6.955,6.91,6.941,153382.0
2023-03-07 02:00:00,6.941,6.964,6.938,6.963,114210.0
2023-03-07 03:00:00,6.962,6.975,6.94,6.945,90755.0
2023-03-07 04:00:00,6.946,6.963,6.944,6.961,66022.0
2023-03-07 05:00:00,6.962,6.962,6.94,6.944,42722.0
2023-03-07 06:00:00,6.944,6.948,6.913,6.922,76456.0
2023-03-07 07:00:00,6.924,6.934,6.899,6.902,63917.0
2023-03-07 08:00:00,6.9,6.904,6.871,6.892,100785.0
2023-03-07 09:00:00,6.89,6.896,6.825,6.831,121682.0
2023-03-07 10:00:00,6.831,6.861,6.77,6.789,155568.0
2023-03-07 11:00:00,6.789,6.826,6.77,6.806,130785.0
2023-03-07 12:00:00,6.805,6.852,6.799,6.845,105032.0
2023-03-07 13:00:00,6.844,6.857,6.777,6.8,190153.0
2023-03-07 14:00:00,6.801,6.812,6.754,6.781,201120.0
2023-03-07 15:00:00,6.781,6.861,6.68,6.81,833763.0
2023-03-07 16:00:00,6.809,6.826,6.715,6.733,235297.0
2023-03-07 17:00:00,6.732,6.804,6.727,6.783,128084.0
2023-03-07 18:00:00,6.784,6.796,6.742,6.746,90633.0
2023-03-07 19:00:00,6.744,6.765,6.7,6.711,91735.0
2023-03-07 20:00:00,6.705,6.733,6.663,6.719,134733.0
2023-03-07 21:00:00,6.72,6.768,6.693,6.747,97324.0
2023-03-07 22:00:00,6.747,6.788,6.701,6.786,83254.0
2023-03-07 23:00:00,6.786,6.899,6.78,6.884,258924.0
2023-03-08 00:00:00,6.886,6.951,6.879,6.913,365782.0
2023-03-08 01:00:00,6.914,6.926,6.881,6.9,150533.0
2023-03-08 02:00:00,6.901,6.928,6.876,6.878,144971.0
2023-03-08 03:00:00,6.88,6.891,6.85,6.876,114962.0
2023-03-08 04:00:00,6.878,6.915,6.878,6.913,96225.0
2023-03-08 05:00:00,6.914,6.916,6.788,6.829,318068.0
2023-03-08 06:00:00,6.828,6.866,6.815,6.858,126419.0
2023-03-08 07:00:00,6.858,6.864,6.768,6.787,241247.0
2023-03-08 08:00:00,6.79,6.807,6.753,6.782,141939.0
2023-03-08 09:00:00,6.781,6.829,6.781,6.822,137744.0
2023-03-08 10:00:00,6.823,6.848,6.783,6.829,131842.0
2023-03-08 11:00:00,6.829,6.837,6.791,6.798,92973.0
2023-03-08 12:00:00,6.798,6.817,6.742,6.767,191557.0
2023-03-08 13:00:00,6.765,6.777,6.661,6.681,282918.0
2023-03-08 14:00:00,6.681,6.681,6.605,6.617,361173.0
2023-03-08 15:00:00,6.618,6.763,6.588,6.716,521339.0
2023-03-08 16:00:00,6.716,6.739,6.646,6.681,177234.0
2023-03-08 17:00:00,6.682,6.688,6.623,6.624,120302.0
2023-03-08 18:00:00,6.625,6.64,6.563,6.611,268216.0
2023-03-08 19:00:00,6.611,6.648,6.595,6.611,76678.0
2023-03-08 20:00:00,6.611,6.675,6.585,6.673,83135.0
2023-03-08 21:00:00,6.672,6.71,6.598,6.697,249745.0
2023-03-08 22:00:00,6.696,6.696,6.486,6.552,420321.0
2023-03-08 23:00:00,6.551,6.632,6.541,6.577,363472.0
2023-03-09 00:00:00,6.578,6.592,6.531,6.572,218939.0
2023-03-09 01:00:00,6.573,6.6,6.542,6.591,118250.0
2023-03-09 02:00:00,6.592,6.633,6.589,6.62,89522.0
2023-03-09 03:00:00,6.621,6.629,6.589,6.611,87909.0
2023-03-09 04:00:00,6.612,6.629,6.598,6.616,48496.0
2023-03-09 05:00:00,6.617,6.627,6.586,6.596,62151.0
2023-03-09 06:00:00,6.596,6.65,6.59,6.638,78832.0
2023-03-09 07:00:00,6.637,6.64,6.588,6.599,101959.0
2023-03-09 08:00:00,6.6,6.611,6.535,6.598,206643.0
2023-03-09 09:00:00,6.598,6.607,6.57,6.596,80086.0
2023-03-09 10:00:00,6.597,6.599,6.548,6.582,90760.0
2023-03-09 11:00:00,6.585,6.607,6.573,6.604,118639.0
2023-03-09 12:00:00,6.604,6.608,6.574,6.591,89786.0
2023-03-09 13:00:00,6.591,6.655,6.58,6.653,200493.0
2023-03-09 14:00:00,6.652,6.693,6.638,6.642,201234.0
2023-03-09 15:00:00,6.643,6.666,6.6,6.604,107537.0
2023-03-09 16:00:00,6.604,6.63,6.527,6.544,288832.0
2023-03-09 17:00:00,6.544,6.555,6.505,6.523,175828.0
2023-03-09 18:00:00,6.522,6.526,6.314,6.345,1081006.0
2023-03-09 19:00:00,6.342,6.354,6.259,6.299,607541.0
2023-03-09 20:00:00,6.298,6.3,6.0,6.027,1749043.0
2023-03-09 21:00:00,6.028,6.15,6.028,6.068,441201.0
2023-03-09 22:00:00,6.067,6.165,6.065,6.083,225164.0
2023-03-09 23:00:00,6.082,6.168,6.067,6.156,207721.0
2023-03-10 00:00:00,6.157,6.168,6.072,6.108,261253.0
2023-03-10 01:00:00,6.107,6.175,6.046,6.167,565937.0
2023-03-10 02:00:00,6.167,6.18,6.15,6.168,202058.0
2023-03-10 03:00:00,6.168,6.189,6.157,6.168,105219.0
2023-03-10 04:00:00,6.167,6.168,6.128,6.147,147300.0
2023-03-10 05:00:00,6.149,6.192,6.127,6.186,166484.0
2023-03-10 06:00:00,6.185,6.201,6.11,6.129,236680.0
2023-03-10 07:00:00,6.13,6.206,6.103,6.17,371189.0
2023-03-10 08:00:00,6.171,6.181,6.093,6.119,204854.0
2023-03-10 09:00:00,6.117,6.126,6.013,6.035,368010.0
2023-03-10 10:00:00,6.037,6.064,5.883,5.98,1041767.0
2023-03-10 11:00:00,5.984,6.072,5.984,6.061,355313.0
2023-03-10 12:00:00,6.061,6.111,6.038,6.098,277680.0
2023-03-10 13:00:00,6.095,6.261,6.082,6.224,912683.0
2023-03-10 14:00:00,6.225,6.227,6.054,6.104,406314.0
2023-03-10 15:00:00,6.105,6.223,6.105,6.212,175681.0
2023-03-10 16:00:00,6.21,6.267,6.17,6.194,301323.0
2023-03-10 17:00:00,6.193,6.224,6.141,6.177,211173.0
2023-03-10 18:00:00,6.181,6.207,6.143,6.151,107156.0
2023-03-10 19:00:00,6.15,6.244,6.15,6.222,111179.0
2023-03-10 20:00:00,6.229,6.248,6.206,6.208,178470.0
2023-03-10 21:00:00,6.21,6.227,6.145,6.209,106271.0
2023-03-10 22:00:00,6.211,6.241,6.19,6.23,183274.0
2023-03-10 23:00:00,6.227,6.261,6.196,6.214,204554.0
2023-03-11 00:00:00,6.213,6.257,6.195,6.227,234785.0
2023-03-11 01:00:00,6.227,6.389,6.227,6.361,443024.0
2023-03-11 02:00:00,6.361,6.373,6.282,6.294,343517.0
2023-03-11 03:00:00,6.294,6.297,6.234,6.239,261928.0
2023-03-11 04:00:00,6.239,6.241,6.181,6.202,278178.0
2023-03-11 05:00:00,6.203,6.232,6.186,6.207,153318.0
2023-03-11 06:00:00,6.207,6.213,6.145,6.181,205725.0
2023-03-11 07:00:00,6.182,6.191,5.956,6.001,710180.0
2023-03-11 08:00:00,5.997,6.126,5.963,6.048,526297.0
2023-03-11 09:00:00,6.049,6.087,6.008,6.053,201325.0
2023-03-11 10:00:00,6.051,6.066,5.992,6.001,183057.0
2023-03-11 11:00:00,6.001,6.031,5.948,6.021,302642.0
2023-03-11 12:00:00,6.021,6.046,5.994,6.0,138939.0
2023-03-11 13:00:00,5.999,6.053,5.996,6.005,121354.0
2023-03-11 14:00:00,6.004,6.041,5.996,6.01,170731.0
2023-03-11 15:00:00,6.01,6.024,5.932,5.968,266441.0
2023-03-11 16:00:00,5.967,6.045,5.924,6.015,509836.0
2023-03-11 17:00:00,6.017,6.086,5.997,6.073,382319.0
2023-03-11 18:00:00,6.072,6.095,6.056,6.073,361600.0
2023-03-11 19:00:00,6.071,6.112,6.064,6.104,656952.0
2023-03-11 20:00:00,6.104,6.169,6.095,6.155,789263.0
2023-03-11 21:00:00,6.155,6.168,6.108,6.13,323345.0
2023-03-11 22:00:00,6.13,6.156,6.122,6.131,94761.0
2023-03-11 23:00:00,6.131,6.185,6.131,6.176,155964.0
2023-03-12 00:00:00,6.176,6.184,6.13,6.153,121652.0
2023-03-12 01:00:00,6.152,6.19,6.123,6.147,66238.0
2023-03-12 02:00:00,6.152,6.178,6.134,6.174,88105.0
2023-03-12 03:00:00,6.177,6.197,6.148,6.171,111046.0
2023-03-12 04:00:00,6.172,6.186,6.152,6.172,49020.0
2023-03-12 05:00:00,6.172,6.198,6.157,6.165,100222.0
2023-03-12 06:00:00,6.168,6.18,6.154,6.163,65654.0
2023-03-12 07:00:00,6.164,6.193,6.138,6.169,103087.0
2023-03-12 08:00:00,6.17,6.173,6.132,6.158,137756.0
2023-03-12 09:00:00,6.158,6.179,6.105,6.132,240148.0
2023-03-12 10:00:00,6.133,6.161,6.123,6.151,75146.0
2023-03-12 11:00:00,6.15,6.168,6.133,6.142,93427.0
2023-03-12 12:00:00,6.141,6.142,6.08,6.111,203414.0
2023-03-12 13:00:00,6.11,6.156,6.102,6.121,94607.0
2023-03-12 14:00:00,6.12,6.148,6.101,6.114,162536.0
2023-03-12 15:00:00,6.111,6.145,6.083,6.116,147992.0
2023-03-12 16:00:00,6.115,6.145,6.102,6.127,137211.0
2023-03-12 17:00:00,6.129,6.28,6.117,6.265,546327.0
2023-03-12 18:00:00,6.265,6.364,6.242,6.336,528376.0
2023-03-12 19:00:00,6.333,6.361,6.255,6.262,210422.0
2023-03-12 20:00:00,6.263,6.417,6.255,6.404,213286.0
2023-03-12 21:00:00,6.405,6.438,6.37,6.434,150758.0
2023-03-12 22:00:00,6.433,6.535,6.379,6.469,732179.0
2023-03-12 23:00:00,6.468,6.586,6.468,6.564,637316.0
2023-03-13 00:00:00,6.564,6.695,6.535,6.65,807340.0
2023-03-13 01:00:00,6.651,6.665,6.609,6.632,369702.0
2023-03-13 02:00:00,6.633,6.72,6.592,6.628,471037.0
2023-03-13 03:00:00,6.627,6.636,6.58,6.581,221225.0
2023-03-13 04:00:00,6.581,6.641,6.578,6.6,236988.0
2023-03-13 05:00:00,6.598,6.639,6.593,6.622,99315.0
2023-03-13 06:00:00,6.622,6.649,6.596,6.641,166709.0
2023-03-13 07:00:00,6.643,6.664,6.622,6.635,208116.0
2023-03-13 08:00:00,6.636,6.644,6.537,6.539,236604.0
2023-03-13 09:00:00,6.538,6.581,6.433,6.447,367603.0
2023-03-13 10:00:00,6.447,6.518,6.432,6.508,161821.0
2023-03-13 11:00:00,6.509,6.514,6.456,6.468,145765.0
2023-03-13 12:00:00,6.469,6.486,6.394,6.436,197205.0
2023-03-13 13:00:00,6.438,6.553,6.428,6.5,494422.0
2023-03-13 14:00:00,6.499,6.751,6.487,6.731,1075868.0
2023-03-13 15:00:00,6.734,6.888,6.727,6.763,962187.0
2023-03-13 16:00:00,6.765,6.809,6.692,6.728,406589.0
2023-03-13 17:00:00,6.727,6.757,6.682,6.751,191831.0
2023-03-13 18:00:00,6.752,6.777,6.716,6.763,146966.0
2023-03-13 19:00:00,6.763,6.792,6.722,6.736,119904.0
2023-03-13 20:00:00,6.737,6.748,6.693,6.723,112577.0
2023-03-13 21:00:00,6.724,6.763,6.721,6.748,42168.0
2023-03-13 22:00:00,6.748,6.799,6.748,6.799,89593.0
2023-03-13 23:00:00,6.798,6.802,6.702,6.764,251769.0
2023-03-14 00:00:00,6.763,6.777,6.695,6.706,231922.0
2023-03-14 01:00:00,6.708,6.762,6.681,6.749,206433.0
2023-03-14 02:00:00,6.752,6.774,6.707,6.711,150726.0
2023-03-14 03:00:00,6.712,6.759,6.701,6.755,87835.0
2023-03-14 04:00:00,6.756,6.76,6.707,6.739,86631.0
2023-03-14 05:00:00,6.738,6.801,6.679,6.73,347359.0
2023-03-14 06:00:00,6.73,6.75,6.703,6.721,82062.0
2023-03-14 07:00:00,6.72,6.739,6.653,6.685,160855.0
2023-03-14 08:00:00,6.687,6.745,6.61,6.673,397459.0
2023-03-14 09:00:00,6.673,6.702,6.649,6.699,121833.0
2023-03-14 10:00:00,6.696,6.724,6.688,6.713,131628.0
2023-03-14 11:00:00,6.714,6.725,6.655,6.68,184034.0
2023-03-14 12:00:00,6.68,6.969,6.642,6.956,1499329.0
2023-03-14 13:00:00,6.956,7.106,6.926,7.086,991371.0
2023-03-14 14:00:00,7.088,7.142,7.033,7.098,449181.0
2023-03-14 15:00:00,7.097,7.206,7.089,7.152,441947.0
2023-03-14 16:00:00,7.151,7.164,7.031,7.102,450647.0
2023-03-14 17:00:00,7.101,7.118,7.028,7.095,277673.0
2023-03-14 18:00:00,7.095,7.128,6.97,6.98,380380.0
2023-03-14 19:00:00,6.979,7.07,6.819,6.996,770226.0
2023-03-14 20:00:00,6.998,7.02,6.886,6.922,256824.0
2023-03-14 21:00:00,6.921,6.922,6.743,6.88,388395.0
2023-03-14 22:00:00,6.88,6.942,6.849,6.936,125826.0
2023-03-14 23:00:00,6.936,6.981,6.915,6.96,154806.0
2023-03-15 00:00:00,6.96,6.998,6.879,6.969,277486.0
2023-03-15 01:00:00,6.965,7.059,6.953,7.021,261268.0
2023-03-15 02:00:00,7.023,7.052,6.994,7.039,137883.0
2023-03-15 03:00:00,7.04,7.067,6.992,7.048,170154.0
2023-03-15 04:00:00,7.049,7.072,7.026,7.065,91287.0
2023-03-15 05:00:00,7.066,7.095,7.038,7.047,176996.0
2023-03-15 06:00:00,7.048,7.091,7.01,7.079,183289.0
2023-03-15 07:00:00,7.083,7.115,7.043,7.086,185225.0
2023-03-15 08:00:00,7.086,7.087,7.006,7.025,180903.0
2023-03-15 09:00:00,7.025,7.025,6.928,6.939,204571.0
2023-03-15 10:00:00,6.938,6.968,6.86,6.861,247048.0
2023-03-15 11:00:00,6.861,6.867,6.691,6.814,517557.0
2023-03-15 12:00:00,6.813,6.898,6.7,6.815,576994.0
2023-03-15 13:00:00,6.815,6.903,6.744,6.749,391637.0
2023-03-15 14:00:00,6.748,6.817,6.626,6.726,480673.0
2023-03-15 15:00:00,6.725,6.729,6.549,6.581,450059.0
2023-03-15 16:00:00,6.581,6.596,6.382,6.424,813389.0
2023-03-15 17:00:00,6.417,6.505,6.392,6.498,295708.0
2023-03-15 18:00:00,6.497,6.545,6.418,6.544,293941.0
2023-03-15 19:00:00,6.546,6.579,6.479,6.548,168558.0
2023-03-15 20:00:00,6.548,6.627,6.525,6.599,151485.0
2023-03-15 21:00:00,6.6,6.619,6.563,6.578,114863.0
2023-03-15 22:00:00,6.578,6.616,6.487,6.504,433590.0
2023-03-15 23:00:00,6.502,6.556,6.494,6.549,175214.0
2023-03-16 00:00:00,6.549,6.585,6.492,6.496,195703.0
2023-03-16 01:00:00,6.493,6.536,6.447,6.511,331901.0
2023-03-16 02:00:00,6.511,6.598,6.508,6.596,245176.0
2023-03-16 03:00:00,6.597,6.608,6.535,6.57,183393.0
2023-03-16 04:00:00,6.571,6.582,6.499,6.528,250941.0
2023-03-16 05:00:00,6.528,6.611,6.511,6.585,118937.0
2023-03-16 06:00:00,6.585,6.64,6.568,6.606,178531.0
2023-03-16 07:00:00,6.604,6.644,6.59,6.619,162075.0
2023-03-16 08:00:00,6.62,6.63,6.584,6.607,128910.0
2023-03-16 09:00:00,6.607,6.663,6.538,6.609,217115.0
2023-03-16 10:00:00,6.611,6.665,6.575,6.64,199671.0
2023-03-16 11:00:00,6.641,6.658,6.609,6.636,153653.0
2023-03-16 12:00:00,6.636,6.639,6.517,6.544,281059.0
2023-03-16 13:00:00,6.543,6.595,6.466,6.587,267891.0
2023-03-16 14:00:00,6.588,6.64,6.531,6.601,197163.0
2023-03-16 15:00:00,6.601,6.636,6.567,6.624,111667.0
2023-03-16 16:00:00,6.621,6.64,6.581,6.599,153043.0
2023-03-16 17:00:00,6.598,6.604,6.548,6.563,87157.0
2023-03-16 18:00:00,6.563,6.597,6.549,6.593,115756.0
2023-03-16 19:00:00,6.594,6.681,6.588,6.643,199429.0
2023-03-16 20:00:00,6.639,6.652,6.52,6.539,127968.0
2023-03-16 21:00:00,6.54,6.655,6.534,6.612,89937.0
2023-03-16 22:00:00,6.611,6.653,6.607,6.65,61176.0
2023-03-16 23:00:00,6.652,6.677,6.641,6.655,86073.0
2023-03-17 00:00:00,6.654,6.674,6.605,6.626,80820.0
2023-03-17 01:00:00,6.627,6.787,6.598,6.777,318621.0
2023-03-17 02:00:00,6.778,6.863,6.759,6.783,295979.0
2023-03-17 03:00:00,6.783,6.917,6.775,6.917,208041.0
2023-03-17 04:00:00,6.918,6.93,6.833,6.86,193480.0
2023-03-17 05:00:00,6.86,6.884,6.814,6.851,102464.0
2023-03-17 06:00:00,6.852,6.958,6.846,6.947,223669.0
2023-03-17 07:00:00,6.947,6.948,6.877,6.917,145346.0
2023-03-17 08:00:00,6.915,6.938,6.881,6.901,77357.0
2023-03-17 09:00:00,6.902,6.962,6.902,6.952,264152.0
2023-03-17 10:00:00,6.951,7.058,6.95,7.041,278785.0
2023-03-17 11:00:00,7.042,7.13,7.033,7.125,229270.0
2023-03-17 12:00:00,7.127,7.205,7.07,7.09,701256.0
2023-03-17 13:00:00,7.089,7.127,7.062,7.101,274244.0
2023-03-17 14:00:00,7.101,7.149,6.957,7.012,424344.0
2023-03-17 15:00:00,7.009,7.051,6.964,6.999,247317.0
2023-03-17 16:00:00,7.0,7.067,6.97,7.005,189777.0
2023-03-17 17:00:00,7.005,7.089,7.003,7.052,219862.0
2023-03-17 18:00:00,7.054,7.077,6.991,7.077,185811.0
2023-03-17 19:00:00,7.077,7.117,7.054,7.075,253970.0
2023-03-17 20:00:00,7.076,7.108,7.029,7.053,81897.0
2023-03-17 21:00:00,7.054,7.135,7.042,7.113,192561.0
2023-03-17 22:00:00,7.112,7.238,7.076,7.176,315512.0
2023-03-17 23:00:00,7.177,7.26,7.176,7.21,261281.0
2023-03-18 00:00:00,7.209,7.266,7.089,7.254,384046.0
2023-03-18 01:00:00,7.254,7.303,7.202,7.223,317787.0
2023-03-18 02:00:00,7.224,7.278,7.194,7.212,219737.0
2023-03-18 03:00:00,7.21,7.279,7.201,7.249,248531.0
2023-03-18 04:00:00,7.249,7.258,7.184,7.202,183436.0
2023-03-18 05:00:00,7.202,7.233,7.173,7.22,119138.0
2023-03-18 06:00:00,7.22,7.223,7.179,7.216,69554.0
2023-03-18 07:00:00,7.217,7.278,7.182,7.251,161840.0
2023-03-18 08:00:00,7.25,7.271,7.144,7.21,334213.0
2023-03-18 09:00:00,7.212,7.236,7.164,7.221,139573.0
2023-03-18 10:00:00,7.221,7.243,7.198,7.209,132166.0
2023-03-18 11:00:00,7.209,7.234,7.169,7.227,186018.0
2023-03-18 12:00:00,7.227,7.26,7.162,7.248,274687.0
2023-03-18 13:00:00,7.248,7.261,7.167,7.194,224457.0
2023-03-18 14:00:00,7.196,7.216,7.135,7.15,190081.0
2023-03-18 15:00:00,7.149,7.159,6.96,7.027,614326.0
2023-03-18 16:00:00,7.027,7.067,6.839,7.043,804661.0
2023-03-18 17:00:00,7.043,7.062,6.922,7.008,244049.0
2023-03-18 18:00:00,7.008,7.096,6.991,7.058,169295.0
2023-03-18 19:00:00,7.059,7.076,7.022,7.034,113375.0
2023-03-18 20:00:00,7.035,7.103,7.018,7.066,88038.0
2023-03-18 21:00:00,7.065,7.069,6.992,7.004,63721.0
2023-03-18 22:00:00,7.004,7.048,6.966,6.979,130372.0
2023-03-18 23:00:00,6.978,6.986,6.883,6.924,193596.0
2023-03-19 00:00:00,6.921,7.052,6.918,7.029,154943.0
2023-03-19 01:00:00,7.028,7.086,7.01,7.043,141605.0
2023-03-19 02:00:00,7.044,7.097,7.035,7.052,111859.0
2023-03-19 03:00:00,7.054,7.101,7.038,7.092,68212.0
2023-03-19 04:00:00,7.091,7.111,7.047,7.056,70492.0
2023-03-19 05:00:00,7.056,7.066,7.028,7.051,48275.0
2023-03-19 06:00:00,7.051,7.069,7.013,7.025,104852.0
2023-03-19 07:00:00,7.027,7.048,6.967,7.048,109668.0
2023-03-19 08:00:00,7.05,7.094,7.009,7.048,137598.0
2023-03-19 09:00:00,7.051,7.095,7.04,7.084,148482.0
2023-03-19 10:00:00,7.085,7.12,7.04,7.052,180639.0
2023-03-19 11:00:00,7.048,7.126,7.001,7.1,258569.0
2023-03-19 12:00:00,7.102,7.13,7.045,7.057,153108.0
2023-03-19 13:00:00,7.057,7.118,7.046,7.085,137558.0
2023-03-19 14:00:00,7.084,7.14,7.072,7.124,197981.0
2023-03-19 15:00:00,7.124,7.199,7.122,7.151,331876.0
2023-03-19 16:00:00,7.147,7.257,7.142,7.217,329037.0
2023-03-19 17:00:00,7.218,7.231,7.166,7.174,180784.0
2023-03-19 18:00:00,7.174,7.233,7.159,7.232,108699.0
2023-03-19 19:00:00,7.234,7.287,7.202,7.211,253227.0
2023-03-19 20:00:00,7.212,7.231,7.058,7.08,378390.0
2023-03-19 21:00:00,7.081,7.145,7.068,7.092,107175.0
2023-03-19 22:00:00,7.094,7.162,7.085,7.149,116329.0
2023-03-19 23:00:00,7.147,7.184,7.043,7.083,215483.0
2023-03-20 00:00:00,7.084,7.115,7.027,7.056,290081.0
2023-03-20 01:00:00,7.054,7.136,7.016,7.129,199419.0
2023-03-20 02:00:00,7.13,7.203,7.055,7.163,468611.0
2023-03-20 03:00:00,7.163,7.167,6.962,6.987,542593.0
2023-03-20 04:00:00,6.985,6.996,6.902,6.972,416036.0
2023-03-20 05:00:00,6.973,7.058,6.965,7.053,185237.0
2023-03-20 06:00:00,7.054,7.086,7.005,7.032,207170.0
2023-03-20 07:00:00,7.033,7.181,7.032,7.169,229159.0
2023-03-20 08:00:00,7.171,7.205,7.114,7.157,267718.0
2023-03-20 09:00:00,7.16,7.246,7.122,7.231,321018.0
2023-03-20 10:00:00,7.231,7.395,7.18,7.36,1009877.0
2023-03-20 11:00:00,7.359,7.4,7.278,7.29,414133.0
2023-03-20 12:00:00,7.29,7.413,7.284,7.337,279167.0
2023-03-20 13:00:00,7.339,7.376,7.213,7.25,498808.0
2023-03-20 14:00:00,7.255,7.383,7.23,7.34,402355.0
2023-03-20 15:00:00,7.34,7.429,7.317,7.351,608410.0
2023-03-20 16:00:00,7.347,7.446,7.228,7.249,961496.0
2023-03-20 17:00:00,7.25,7.289,7.135,7.138,330219.0
2023-03-20 18:00:00,7.139,7.235,7.103,7.186,266887.0
2023-03-20 19:00:00,7.187,7.203,7.043,7.109,283542.0
2023-03-20 20:00:00,7.11,7.201,7.101,7.187,159524.0
2023-03-20 21:00:00,7.185,7.223,7.162,7.181,82735.0
2023-03-20 22:00:00,7.183,7.196,7.086,7.096,216550.0
2023-03-20 23:00:00,7.096,7.145,6.999,7.054,368402.0
2023-03-21 00:00:00,7.053,7.199,7.01,7.164,314266.0
2023-03-21 01:00:00,7.165,7.194,7.075,7.186,212269.0
2023-03-21 02:00:00,7.185,7.192,7.101,7.107,138799.0
2023-03-21 03:00:00,7.107,7.146,7.087,7.117,104683.0
2023-03-21 04:00:00,7.117,7.16,7.11,7.128,159897.0
2023-03-21 05:00:00,7.126,7.126,7.029,7.055,234479.0
2023-03-21 06:00:00,7.056,7.08,7.019,7.027,195058.0
2023-03-21 07:00:00,7.027,7.039,6.858,6.886,799241.0
2023-03-21 08:00:00,6.886,6.925,6.834,6.907,313877.0
2023-03-21 09:00:00,6.905,7.018,6.891,6.981,240799.0
2023-03-21 10:00:00,6.979,7.071,6.968,7.069,279197.0
2023-03-21 11:00:00,7.07,7.12,7.056,7.099,303495.0
2023-03-21 12:00:00,7.099,7.33,7.084,7.309,408245.0
2023-03-21 13:00:00,7.31,7.344,7.243,7.321,447001.0
2023-03-21 14:00:00,7.323,7.368,7.242,7.268,381642.0
2023-03-21 15:00:00,7.27,7.307,7.246,7.263,204155.0
2023-03-21 16:00:00,7.263,7.347,7.248,7.29,285761.0
2023-03-21 17:00:00,7.29,7.305,7.189,7.236,357314.0
2023-03-21 18:00:00,7.237,7.25,7.165,7.197,165208.0
2023-03-21 19:00:00,7.198,7.292,7.187,7.279,104287.0
2023-03-21 20:00:00,7.282,7.335,7.266,7.308,163747.0
2023-03-21 21:00:00,7.306,7.474,7.299,7.401,451278.0
2023-03-21 22:00:00,7.4,7.436,7.331,7.39,203732.0
2023-03-21 23:00:00,7.392,7.415,7.36,7.38,219309.0
2023-03-22 00:00:00,7.378,7.419,7.273,7.362,367158.0
2023-03-22 01:00:00,7.364,7.484,7.313,7.411,463091.0
2023-03-22 02:00:00,7.409,7.455,7.384,7.425,256739.0
2023-03-22 03:00:00,7.427,7.506,7.411,7.463,277416.0
2023-03-22 04:00:00,7.462,7.497,7.404,7.446,266757.0
2023-03-22 05:00:00,7.447,7.499,7.423,7.489,182871.0
2023-03-22 06:00:00,7.489,7.57,7.441,7.563,547879.0
2023-03-22 07:00:00,7.563,7.573,7.457,7.479,485688.0
2023-03-22 08:00:00,7.48,7.516,7.407,7.413,462230.0
2023-03-22 09:00:00,7.415,7.473,7.386,7.415,348779.0
2023-03-22 10:00:00,7.415,7.574,7.408,7.553,387185.0
2023-03-22 11:00:00,7.554,7.571,7.469,7.483,295680.0
2023-03-22 12:00:00,7.482,7.69,7.461,7.669,927342.0
2023-03-22 13:00:00,7.669,7.716,7.594,7.606,764150.0
2023-03-22 14:00:00,7.606,7.663,7.535,7.576,692617.0
2023-03-22 15:00:00,7.576,7.656,7.556,7.6,439000.0
2023-03-22 16:00:00,7.6,7.616,7.467,7.488,395634.0
2023-03-22 17:00:00,7.49,7.519,7.409,7.443,396411.0
2023-03-22 18:00:00,7.443,7.578,7.245,7.406,1396624.0
2023-03-22 19:00:00,7.405,7.418,7.012,7.04,1324132.0
2023-03-22 20:00:00,7.04,7.166,7.002,7.154,382893.0
2023-03-22 21:00:00,7.154,7.17,7.087,7.087,232887.0
2023-03-22 22:00:00,7.087,7.137,7.019,7.122,224753.0
2023-03-22 23:00:00,7.121,7.192,7.117,7.171,210907.0
2023-03-23 00:00:00,7.174,7.202,7.124,7.153,260515.0
2023-03-23 01:00:00,7.152,7.161,7.088,7.09,235489.0
2023-03-23 02:00:00,7.089,7.178,7.089,7.165,150968.0
2023-03-23 03:00:00,7.17,7.192,7.13,7.133,146477.0
2023-03-23 04:00:00,7.136,7.17,7.121,7.14,96503.0
2023-03-23 05:00:00,7.144,7.239,7.136,7.23,161647.0
2023-03-23 06:00:00,7.23,7.26,7.21,7.226,145943.0
2023-03-23 07:00:00,7.224,7.286,7.212,7.276,127792.0
2023-03-23 08:00:00,7.275,7.386,7.275,7.382,224193.0
2023-03-23 09:00:00,7.381,7.45,7.349,7.359,432943.0
2023-03-23 10:00:00,7.36,7.375,7.334,7.341,170043.0
2023-03-23 11:00:00,7.344,7.359,7.3,7.343,196330.0
2023-03-23 12:00:00,7.343,7.367,7.306,7.338,181123.0
2023-03-23 13:00:00,7.335,7.424,7.31,7.378,387901.0
2023-03-23 14:00:00,7.383,7.515,7.339,7.508,385393.0
2023-03-23 15:00:00,7.511,7.629,7.499,7.576,763952.0
2023-03-23 16:00:00,7.58,7.637,7.528,7.545,353572.0
2023-03-23 17:00:00,7.546,7.571,7.494,7.553,212682.0
2023-03-23 18:00:00,7.555,7.582,7.421,7.46,254028.0
2023-03-23 19:00:00,7.46,7.534,7.414,7.52,254219.0
2023-03-23 20:00:00,7.519,7.583,7.481,7.545,270491.0
2023-03-23 21:00:00,7.544,7.581,7.5,7.579,94624.0
2023-03-23 22:00:00,7.577,7.595,7.521,7.572,106321.0
2023-03-23 23:00:00,7.568,7.637,7.564,7.608,179213.0
2023-03-24 00:00:00,7.607,7.655,7.554,7.565,269453.0
2023-03-24 01:00:00,7.567,7.616,7.513,7.595,246952.0
2023-03-24 02:00:00,7.596,7.615,7.513,7.516,143042.0
2023-03-24 03:00:00,7.515,7.537,7.509,7.52,56648.0
2023-03-24 04:00:00,7.519,7.538,7.461,7.48,104767.0
2023-03-24 05:00:00,7.481,7.537,7.48,7.504,105246.0
2023-03-24 06:00:00,7.503,7.509,7.47,7.479,92769.0
2023-03-24 07:00:00,7.482,7.496,7.445,7.478,109636.0
2023-03-24 08:00:00,7.476,7.478,7.329,7.347,360285.0
2023-03-24 09:00:00,7.347,7.384,7.275,7.307,313123.0
2023-03-24 10:00:00,7.308,7.317,7.252,7.316,253158.0
2023-03-24 11:00:00,7.315,7.35,7.198,7.242,462006.0
2023-03-24 12:00:00,7.241,7.364,7.23,7.342,347152.0
2023-03-24 13:00:00,7.343,7.354,7.24,7.313,254034.0
2023-03-24 14:00:00,7.313,7.416,7.268,7.341,325811.0
2023-03-24 15:00:00,7.343,7.35,7.268,7.328,249311.0
2023-03-24 16:00:00,7.328,7.348,7.285,7.301,151272.0
2023-03-24 17:00:00,7.303,7.349,7.141,7.203,530028.0
2023-03-24 18:00:00,7.203,7.289,7.197,7.272,214292.0
2023-03-24 19:00:00,7.271,7.307,7.254,7.286,146526.0
2023-03-24 20:00:00,7.288,7.293,7.198,7.231,203412.0
2023-03-24 21:00:00,7.233,7.233,7.101,7.199,325460.0
2023-03-24 22:00:00,7.197,7.216,7.187,7.196,103330.0
2023-03-24 23:00:00,7.194,7.247,7.183,7.196,60372.0
2023-03-25 00:00:00,7.196,7.242,7.156,7.242,122416.0
2023-03-25 01:00:00,7.241,7.245,7.185,7.195,84828.0
2023-03-25 02:00:00,7.193,7.243,7.181,7.236,79933.0
2023-03-25 03:00:00,7.235,7.253,7.208,7.217,59943.0
2023-03-25 04:00:00,7.218,7.238,7.194,7.212,75590.0
2023-03-25 05:00:00,7.211,7.235,7.147,7.156,102569.0
2023-03-25 06:00:00,7.156,7.195,7.137,7.173,80968.0
2023-03-25 07:00:00,7.173,7.19,7.146,7.148,72670.0
2023-03-25 08:00:00,7.148,7.154,7.09,7.117,173471.0
2023-03-25 09:00:00,7.117,7.128,7.054,7.121,206783.0
2023-03-25 10:00:00,7.119,7.141,7.09,7.11,85866.0
2023-03-25 11:00:00,7.11,7.14,7.097,7.114,92471.0
2023-03-25 12:00:00,7.114,7.124,7.061,7.098,82709.0
2023-03-25 13:00:00,7.099,7.141,7.043,7.111,147445.0
2023-03-25 14:00:00,7.111,7.126,7.073,7.077,87385.0
2023-03-25 15:00:00,7.077,7.15,7.063,7.132,92238.0
2023-03-25 16:00:00,7.131,7.15,7.094,7.096,88133.0
2023-03-25 17:00:00,7.097,7.108,7.026,7.051,103111.0
2023-03-25 18:00:00,7.051,7.089,7.031,7.059,99537.0
2023-03-25 19:00:00,7.061,7.061,6.972,6.993,264800.0
2023-03-25 20:00:00,6.987,7.065,6.971,7.046,90788.0
2023-03-25 21:00:00,7.046,7.046,6.994,7.003,50696.0
2023-03-25 22:00:00,7.0,7.062,6.995,7.048,64133.0
2023-03-25 23:00:00,7.048,7.086,7.028,7.074,44684.0
2023-03-26 00:00:00,7.074,7.15,7.048,7.13,210247.0
2023-03-26 01:00:00,7.132,7.157,7.106,7.146,130987.0
2023-03-26 02:00:00,7.146,7.171,7.138,7.151,62468.0
2023-03-26 03:00:00,7.151,7.158,7.115,7.132,63433.0
2023-03-26 04:00:00,7.131,7.144,7.12,7.143,55248.0
2023-03-26 05:00:00,7.144,7.178,7.117,7.172,57297.0
2023-03-26 06:00:00,7.172,7.19,7.154,7.155,65904.0
2023-03-26 07:00:00,7.156,7.162,7.133,7.14,52972.0
2023-03-26 08:00:00,7.142,7.241,7.129,7.214,214780.0
2023-03-26 09:00:00,7.213,7.248,7.198,7.23,135053.0
2023-03-26 10:00:00,7.23,7.237,7.182,7.211,73847.0
2023-03-26 11:00:00,7.211,7.223,7.173,7.216,73580.0
2023-03-26 12:00:00,7.218,7.235,7.205,7.224,63892.0
2023-03-26 13:00:00,7.224,7.282,7.194,7.279,146076.0
2023-03-26 14:00:00,7.279,7.289,7.156,7.188,207608.0
2023-03-26 15:00:00,7.189,7.226,7.176,7.186,72842.0
2023-03-26 16:00:00,7.186,7.202,7.132,7.144,91135.0
2023-03-26 17:00:00,7.146,7.239,7.144,7.239,83239.0
2023-03-26 18:00:00,7.238,7.244,7.211,7.228,53068.0
2023-03-26 19:00:00,7.227,7.254,7.221,7.235,43543.0
2023-03-26 20:00:00,7.237,7.252,7.181,7.21,66980.0
2023-03-26 21:00:00,7.208,7.234,7.204,7.233,36494.0
2023-03-26 22:00:00,7.234,7.275,7.228,7.269,65128.0
2023-03-26 23:00:00,7.272,7.289,7.254,7.263,94399.0
2023-03-27 00:00:00,7.261,7.273,7.223,7.235,92751.0
2023-03-27 01:00:00,7.237,7.245,7.156,7.159,101017.0
2023-03-27 02:00:00,7.159,7.184,7.134,7.172,89835.0
2023-03-27 03:00:00,7.171,7.189,7.155,7.172,71541.0
2023-03-27 04:00:00,7.172,7.19,7.164,7.183,37019.0
2023-03-27 05:00:00,7.182,7.188,7.111,7.132,85604.0
2023-03-27 06:00:00,7.133,7.164,7.115,7.157,97394.0
2023-03-27 07:00:00,7.157,7.166,7.102,7.128,101757.0
2023-03-27 08:00:00,7.125,7.154,7.11,7.146,74795.0
2023-03-27 09:00:00,7.148,7.166,7.128,7.154,64651.0
2023-03-27 10:00:00,7.155,7.188,7.148,7.177,63771.0
2023-03-27 11:00:00,7.177,7.209,7.163,7.175,117532.0
2023-03-27 12:00:00,7.177,7.205,7.131,7.144,118149.0
2023-03-27 13:00:00,7.145,7.159,7.103,7.108,160997.0
2023-03-27 14:00:00,7.109,7.112,6.901,6.906,615969.0
2023-03-27 15:00:00,6.905,6.909,6.747,6.882,848434.0
2023-03-27 16:00:00,6.885,6.93,6.838,6.851,276316.0
2023-03-27 17:00:00,6.85,6.864,6.824,6.831,150640.0
2023-03-27 18:00:00,6.831,6.89,6.831,6.877,133337.0
2023-03-27 19:00:00,6.878,6.887,6.807,6.819,123869.0
2023-03-27 20:00:00,6.821,6.841,6.78,6.811,151991.0
2023-03-27 21:00:00,6.811,6.856,6.802,6.856,59068.0
2023-03-27 22:00:00,6.856,6.856,6.806,6.829,113286.0
2023-03-27 23:00:00,6.83,6.881,6.823,6.869,107558.0
2023-03-28 00:00:00,6.868,6.882,6.776,6.796,282403.0
2023-03-28 01:00:00,6.799,6.887,6.768,6.837,190824.0
2023-03-28 02:00:00,6.837,6.853,6.792,6.822,98179.0
2023-03-28 03:00:00,6.82,6.833,6.791,6.818,94712.0
2023-03-28 04:00:00,6.82,6.849,6.813,6.849,66326.0
2023-03-28 05:00:00,6.849,6.869,6.831,6.869,83648.0
2023-03-28 06:00:00,6.87,6.917,6.869,6.912,153544.0
2023-03-28 07:00:00,6.913,6.918,6.855,6.862,68548.0
2023-03-28 08:00:00,6.863,6.868,6.823,6.841,98592.0
2023-03-28 09:00:00,6.841,6.843,6.76,6.767,182088.0
2023-03-28 10:00:00,6.764,6.811,6.75,6.785,313805.0
2023-03-28 11:00:00,6.786,6.874,6.772,6.855,249312.0
2023-03-28 12:00:00,6.855,6.879,6.832,6.872,212324.0
2023-03-28 13:00:00,6.869,6.872,6.805,6.838,185527.0
2023-03-28 14:00:00,6.84,6.885,6.828,6.854,125751.0
2023-03-28 15:00:00,6.856,6.889,6.838,6.86,101344.0
2023-03-28 16:00:00,6.858,6.868,6.807,6.81,110909.0
2023-03-28 17:00:00,6.809,6.828,6.773,6.805,164787.0
2023-03-28 18:00:00,6.803,6.942,6.791,6.935,269996.0
2023-03-28 19:00:00,6.937,7.044,6.921,7.011,380346.0
2023-03-28 20:00:00,7.014,7.029,6.959,6.968,131711.0
2023-03-28 21:00:00,6.968,6.979,6.894,6.909,94299.0
2023-03-28 22:00:00,6.91,6.928,6.899,6.926,84698.0
2023-03-28 23:00:00,6.926,6.989,6.921,6.947,140415.0
2023-03-29 00:00:00,6.949,6.973,6.926,6.932,147593.0
2023-03-29 01:00:00,6.933,6.996,6.933,6.97,133012.0
2023-03-29 02:00:00,6.972,6.997,6.962,6.981,99401.0
2023-03-29 03:00:00,6.981,6.993,6.973,6.987,122771.0
2023-03-29 04:00:00,6.988,7.077,6.98,7.073,311017.0
2023-03-29 05:00:00,7.075,7.102,7.063,7.072,196526.0
2023-03-29 06:00:00,7.071,7.181,7.05,7.153,413340.0
2023-03-29 07:00:00,7.158,7.18,7.127,7.167,184726.0
2023-03-29 08:00:00,7.169,7.301,7.159,7.288,538578.0
2023-03-29 09:00:00,7.289,7.359,7.285,7.307,304336.0
2023-03-29 10:00:00,7.31,7.325,7.244,7.256,212115.0
2023-03-29 11:00:00,7.255,7.297,7.229,7.293,92655.0
2023-03-29 12:00:00,7.292,7.336,7.257,7.322,221284.0
2023-03-29 13:00:00,7.322,7.351,7.289,7.327,264193.0
2023-03-29 14:00:00,7.328,7.369,7.227,7.257,425511.0
2023-03-29 15:00:00,7.258,7.379,7.238,7.356,358184.0
2023-03-29 16:00:00,7.356,7.362,7.277,7.282,241650.0
2023-03-29 17:00:00,7.281,7.353,7.281,7.339,148784.0
2023-03-29 18:00:00,7.34,7.376,7.326,7.372,134425.0
2023-03-29 19:00:00,7.371,7.387,7.329,7.364,152283.0
2023-03-29 20:00:00,7.366,7.42,7.359,7.414,221280.0
2023-03-29 21:00:00,7.414,7.496,7.378,7.378,344360.0
2023-03-29 22:00:00,7.379,7.398,7.334,7.386,165100.0
2023-03-29 23:00:00,7.387,7.42,7.371,7.385,239448.0
2023-03-30 00:00:00,7.386,7.437,7.303,7.328,460890.0
2023-03-30 01:00:00,7.327,7.372,7.29,7.354,323682.0
2023-03-30 02:00:00,7.355,7.559,7.344,7.517,581593.0
2023-03-30 03:00:00,7.516,7.533,7.27,7.397,862397.0
2023-03-30 04:00:00,7.396,7.486,7.388,7.475,244066.0
2023-03-30 05:00:00,7.474,7.532,7.443,7.485,321116.0
2023-03-30 06:00:00,7.481,7.508,7.388,7.4,396507.0
2023-03-30 07:00:00,7.4,7.436,7.371,7.381,326713.0
2023-03-30 08:00:00,7.381,7.403,7.328,7.329,134821.0
2023-03-30 09:00:00,7.329,7.351,7.282,7.346,214653.0
2023-03-30 10:00:00,7.346,7.399,7.338,7.395,190528.0
2023-03-30 11:00:00,7.396,7.413,7.362,7.38,188316.0
2023-03-30 12:00:00,7.38,7.388,7.328,7.359,227050.0
2023-03-30 13:00:00,7.359,7.359,7.293,7.311,201539.0
2023-03-30 14:00:00,7.313,7.321,7.255,7.283,347277.0
2023-03-30 15:00:00,7.283,7.318,7.24,7.264,213960.0
2023-03-30 16:00:00,7.266,7.267,7.2,7.217,326084.0
2023-03-30 17:00:00,7.218,7.234,7.13,7.164,393752.0
2023-03-30 18:00:00,7.162,7.193,7.152,7.191,141143.0
2023-03-30 19:00:00,7.191,7.231,7.183,7.226,95938.0
2023-03-30 20:00:00,7.228,7.25,7.188,7.224,152317.0
2023-03-30 21:00:00,7.224,7.239,7.194,7.224,103298.0
2023-03-30 22:00:00,7.224,7.281,7.193,7.196,247462.0
2023-03-30 23:00:00,7.196,7.243,7.19,7.233,118201.0
2023-03-31 00:00:00,7.232,7.315,7.226,7.295,221216.0
2023-03-31 01:00:00,7.296,7.363,7.275,7.296,207713.0
2023-03-31 02:00:00,7.296,7.368,7.294,7.358,197340.0
2023-03-31 03:00:00,7.356,7.39,7.347,7.386,146335.0
2023-03-31 04:00:00,7.386,7.42,7.363,7.385,188679.0
2023-03-31 05:00:00,7.388,7.389,7.319,7.334,179395.0
2023-03-31 06:00:00,7.334,7.392,7.309,7.386,146187.0
2023-03-31 07:00:00,7.386,7.536,7.296,7.514,869276.0
2023-03-31 08:00:00,7.516,7.591,7.393,7.428,619877.0
2023-03-31 09:00:00,7.431,7.473,7.4,7.417,156564.0
2023-03-31 10:00:00,7.418,7.456,7.409,7.425,150641.0
2023-03-31 11:00:00,7.424,7.514,7.408,7.48,244586.0
2023-03-31 12:00:00,7.481,7.597,7.466,7.597,473112.0
2023-03-31 13:00:00,7.596,7.673,7.556,7.617,594328.0
2023-03-31 14:00:00,7.617,7.65,7.601,7.618,230338.0
2023-03-31 15:00:00,7.619,7.668,7.558,7.579,392823.0
2023-03-31 16:00:00,7.579,7.6,7.514,7.57,318091.0
2023-03-31 17:00:00,7.568,7.621,7.538,7.562,278412.0
2023-03-31 18:00:00,7.564,7.616,7.554,7.596,99060.0
2023-03-31 19:00:00,7.597,7.643,7.585,7.609,175657.0
2023-03-31 20:00:00,7.61,7.666,7.61,7.631,116785.0
2023-03-31 21:00:00,7.633,7.665,7.611,7.62,106778.0
2023-03-31 22:00:00,7.622,7.666,7.595,7.659,125399.0
2023-03-31 23:00:00,7.659,7.661,7.583,7.59,98750.0
2023-04-01 00:00:00,7.589,7.634,7.557,7.572,169932.0
2023-04-01 01:00:00,7.573,7.589,7.549,7.587,102110.0
2023-04-01 02:00:00,7.587,7.636,7.567,7.61,125264.0
2023-04-01 03:00:00,7.61,7.611,7.54,7.576,97726.0
2023-04-01 04:00:00,7.576,7.606,7.566,7.591,46959.0
2023-04-01 05:00:00,7.592,7.595,7.547,7.578,88626.0
2023-04-01 06:00:00,7.577,7.581,7.481,7.558,200150.0
2023-04-01 07:00:00,7.558,7.579,7.525,7.568,87498.0
2023-04-01 08:00:00,7.568,7.568,7.518,7.544,99027.0
2023-04-01 09:00:00,7.545,7.58,7.536,7.548,145852.0
2023-04-01 10:00:00,7.547,7.6,7.536,7.588,112613.0
2023-04-01 11:00:00,7.586,7.59,7.512,7.521,103513.0
2023-04-01 12:00:00,7.521,7.55,7.507,7.533,76137.0
2023-04-01 13:00:00,7.533,7.54,7.511,7.531,58847.0
2023-04-01 14:00:00,7.531,7.533,7.455,7.483,137902.0
2023-04-01 15:00:00,7.483,7.507,7.456,7.496,127578.0
2023-04-01 16:00:00,7.495,7.527,7.43,7.457,189810.0
2023-04-01 17:00:00,7.457,7.476,7.447,7.464,80326.0
2023-04-01 18:00:00,7.465,7.493,7.458,7.492,69732.0
2023-04-01 19:00:00,7.491,7.506,7.471,7.497,46986.0
2023-04-01 20:00:00,7.497,7.558,7.497,7.52,209587.0
2023-04-01 21:00:00,7.52,7.534,7.497,7.519,60903.0
2023-04-01 22:00:00,7.516,7.559,7.513,7.549,44994.0
2023-04-01 23:00:00,7.548,7.556,7.537,7.549,46098.0
2023-04-02 00:00:00,7.55,7.55,7.467,7.474,99639.0
2023-04-02 01:00:00,7.472,7.494,7.466,7.466,79037.0
2023-04-02 02:00:00,7.466,7.48,7.444,7.472,80786.0
2023-04-02 03:00:00,7.47,7.505,7.466,7.505,61465.0
2023-04-02 04:00:00,7.505,7.514,7.479,7.483,68913.0
2023-04-02 05:00:00,7.485,7.526,7.482,7.521,58745.0
2023-04-02 06:00:00,7.523,7.527,7.487,7.502,99064.0
2023-04-02 07:00:00,7.502,7.528,7.5,7.508,74897.0
2023-04-02 08:00:00,7.508,7.518,7.444,7.458,117347.0
2023-04-02 09:00:00,7.458,7.5,7.456,7.487,57749.0
2023-04-02 10:00:00,7.486,7.489,7.447,7.449,76642.0
2023-04-02 11:00:00,7.449,7.46,7.433,7.44,100299.0
2023-04-02 12:00:00,7.44,7.444,7.384,7.398,252034.0
2023-04-02 13:00:00,7.4,7.409,7.355,7.387,185909.0
2023-04-02 14:00:00,7.388,7.413,7.361,7.374,78464.0
2023-04-02 15:00:00,7.373,7.375,7.26,7.325,411378.0
2023-04-02 16:00:00,7.322,7.328,7.28,7.29,125588.0
2023-04-02 17:00:00,7.289,7.373,7.281,7.348,115755.0
2023-04-02 18:00:00,7.346,7.351,7.294,7.299,49478.0
2023-04-02 19:00:00,7.297,7.301,7.201,7.235,163098.0
2023-04-02 20:00:00,7.235,7.281,7.22,7.279,83577.0
2023-04-02 21:00:00,7.279,7.291,7.249,7.266,93534.0
2023-04-02 22:00:00,7.265,7.283,7.204,7.277,149563.0
2023-04-02 23:00:00,7.277,7.287,7.193,7.253,156892.0
2023-04-03 00:00:00,7.254,7.269,7.209,7.254,109812.0
2023-04-03 01:00:00,7.253,7.266,7.061,7.13,406293.0
2023-04-03 02:00:00,7.13,7.164,7.106,7.133,124602.0
2023-04-03 03:00:00,7.134,7.151,7.119,7.145,91743.0
2023-04-03 04:00:00,7.145,7.161,7.116,7.161,98914.0
2023-04-03 05:00:00,7.161,7.21,7.149,7.171,120612.0
2023-04-03 06:00:00,7.17,7.221,7.163,7.219,88672.0
2023-04-03 07:00:00,7.22,7.256,7.207,7.254,103700.0
2023-04-03 08:00:00,7.254,7.363,7.25,7.347,384990.0
2023-04-03 09:00:00,7.351,7.386,7.335,7.337,296194.0
2023-04-03 10:00:00,7.337,7.35,7.296,7.3,188783.0
2023-04-03 11:00:00,7.3,7.308,7.282,7.298,80273.0
2023-04-03 12:00:00,7.298,7.313,7.258,7.302,148905.0
2023-04-03 13:00:00,7.302,7.374,7.288,7.333,185826.0
2023-04-03 14:00:00,7.333,7.355,7.237,7.24,317510.0
2023-04-03 15:00:00,7.243,7.289,7.214,7.279,122320.0
2023-04-03 16:00:00,7.281,7.281,7.221,7.229,127640.0
2023-04-03 17:00:00,7.226,7.311,7.207,7.297,188712.0
2023-04-03 18:00:00,7.296,7.438,7.263,7.41,440849.0
2023-04-03 19:00:00,7.412,7.436,7.346,7.359,188834.0
2023-04-03 20:00:00,7.363,7.376,7.085,7.115,707035.0
2023-04-03 21:00:00,7.113,7.152,7.024,7.151,317829.0
2023-04-03 22:00:00,7.15,7.257,7.145,7.24,142429.0
2023-04-03 23:00:00,7.241,7.286,7.227,7.243,170048.0
2023-04-04 00:00:00,7.243,7.299,7.201,7.255,237762.0
2023-04-04 01:00:00,7.256,7.283,7.223,7.266,179955.0
2023-04-04 02:00:00,7.265,7.308,7.263,7.272,155473.0
2023-04-04 03:00:00,7.272,7.302,7.25,7.251,85510.0
2023-04-04 04:00:00,7.251,7.271,7.23,7.242,100096.0
2023-04-04 05:00:00,7.24,7.284,7.235,7.243,85454.0
2023-04-04 06:00:00,7.243,7.305,7.232,7.283,152958.0
2023-04-04 07:00:00,7.282,7.318,7.241,7.254,199882.0
2023-04-04 08:00:00,7.257,7.303,7.239,7.289,97135.0
2023-04-04 09:00:00,7.291,7.319,7.28,7.31,159870.0
2023-04-04 10:00:00,7.31,7.366,7.305,7.351,235229.0
2023-04-04 11:00:00,7.351,7.433,7.331,7.398,468935.0
2023-04-04 12:00:00,7.4,7.409,7.352,7.377,219146.0
2023-04-04 13:00:00,7.378,7.423,7.332,7.349,189199.0
2023-04-04 14:00:00,7.352,7.407,7.352,7.362,149046.0
2023-04-04 15:00:00,7.362,7.385,7.316,7.364,237078.0
2023-04-04 16:00:00,7.365,7.382,7.336,7.37,163992.0
2023-04-04 17:00:00,7.369,7.415,7.358,7.394,156920.0
2023-04-04 18:00:00,7.397,7.435,7.388,7.405,86641.0
2023-04-04 19:00:00,7.408,7.418,7.375,7.418,114910.0
2023-04-04 20:00:00,7.419,7.477,7.415,7.457,170897.0
2023-04-04 21:00:00,7.459,7.466,7.397,7.414,74551.0
2023-04-04 22:00:00,7.415,7.435,7.39,7.397,65404.0
2023-04-04 23:00:00,7.402,7.412,7.348,7.369,103188.0
2023-04-05 00:00:00,7.37,7.522,7.334,7.516,341767.0
2023-04-05 01:00:00,7.518,7.553,7.488,7.523,180925.0
2023-04-05 02:00:00,7.522,7.601,7.522,7.545,375852.0
2023-04-05 03:00:00,7.546,7.601,7.541,7.595,114509.0
2023-04-05 04:00:00,7.6,7.606,7.549,7.55,114974.0
2023-04-05 05:00:00,7.55,7.594,7.548,7.591,74654.0
2023-04-05 06:00:00,7.592,7.607,7.572,7.598,99772.0
2023-04-05 07:00:00,7.599,7.599,7.533,7.55,140124.0
2023-04-05 08:00:00,7.551,7.564,7.5,7.507,139730.0
2023-04-05 09:00:00,7.507,7.527,7.485,7.485,96811.0
2023-04-05 10:00:00,7.486,7.51,7.474,7.482,126261.0
2023-04-05 11:00:00,7.482,7.484,7.449,7.473,264575.0
2023-04-05 12:00:00,7.473,7.5,7.385,7.429,530158.0
2023-04-05 13:00:00,7.427,7.444,7.364,7.403,303741.0
2023-04-05 14:00:00,7.404,7.416,7.264,7.288,612813.0
2023-04-05 15:00:00,7.287,7.34,7.215,7.295,377165.0
2023-04-05 16:00:00,7.296,7.312,7.247,7.271,200204.0
2023-04-05 17:00:00,7.269,7.32,7.259,7.296,105448.0
2023-04-05 18:00:00,7.293,7.306,7.249,7.293,123911.0
2023-04-05 19:00:00,7.291,7.343,7.264,7.321,137023.0
2023-04-05 20:00:00,7.319,7.328,7.29,7.295,71835.0
2023-04-05 21:00:00,7.294,7.313,7.293,7.313,45185.0
2023-04-05 22:00:00,7.312,7.33,7.295,7.322,61073.0
2023-04-05 23:00:00,7.319,7.355,7.308,7.319,136721.0
2023-04-06 00:00:00,7.318,7.333,7.246,7.265,248968.0
2023-04-06 01:00:00,7.265,7.291,7.205,7.278,234151.0
2023-04-06 02:00:00,7.277,7.294,7.263,7.281,74290.0
2023-04-06 03:00:00,7.282,7.315,7.274,7.311,51821.0
2023-04-06 04:00:00,7.309,7.31,7.263,7.263,72524.0
2023-04-06 05:00:00,7.264,7.292,7.243,7.268,116431.0
2023-04-06 06:00:00,7.267,7.303,7.258,7.298,74413.0
2023-04-06 07:00:00,7.299,7.31,7.241,7.244,137006.0
2023-04-06 08:00:00,7.245,7.299,7.218,7.271,266524.0
2023-04-06 09:00:00,7.271,7.289,7.205,7.216,124370.0
2023-04-06 10:00:00,7.217,7.219,7.157,7.19,288229.0
2023-04-06 11:00:00,7.19,7.243,7.181,7.238,90817.0
2023-04-06 12:00:00,7.238,7.247,7.194,7.21,122152.0
2023-04-06 13:00:00,7.21,7.24,7.165,7.224,132791.0
2023-04-06 14:00:00,7.224,7.242,7.214,7.231,102841.0
2023-04-06 15:00:00,7.23,7.289,7.225,7.272,167147.0
2023-04-06 16:00:00,7.274,7.285,7.245,7.251,104894.0
2023-04-06 17:00:00,7.253,7.258,7.215,7.223,75011.0
2023-04-06 18:00:00,7.223,7.223,7.167,7.167,70895.0
2023-04-06 19:00:00,7.167,7.205,7.146,7.197,93558.0
2023-04-06 20:00:00,7.197,7.207,7.113,7.137,143644.0
2023-04-06 21:00:00,7.137,7.157,7.116,7.141,74181.0
2023-04-06 22:00:00,7.141,7.177,7.131,7.17,75980.0
2023-04-06 23:00:00,7.17,7.204,7.17,7.201,58854.0
2023-04-07 00:00:00,7.201,7.223,7.171,7.22,104057.0
2023-04-07 01:00:00,7.22,7.229,7.186,7.187,75269.0
2023-04-07 02:00:00,7.188,7.213,7.156,7.181,76948.0
2023-04-07 03:00:00,7.182,7.195,7.17,7.183,55243.0
2023-04-07 04:00:00,7.182,7.209,7.169,7.209,39245.0
2023-04-07 05:00:00,7.21,7.221,7.153,7.175,146919.0
2023-04-07 06:00:00,7.175,7.187,7.145,7.174,136142.0
2023-04-07 07:00:00,7.174,7.174,7.104,7.131,126035.0
2023-04-07 08:00:00,7.128,7.163,7.105,7.136,87607.0
2023-04-07 09:00:00,7.135,7.178,7.128,7.168,91292.0
2023-04-07 10:00:00,7.169,7.187,7.156,7.168,53592.0
2023-04-07 11:00:00,7.168,7.17,7.127,7.141,78824.0
2023-04-07 12:00:00,7.141,7.219,7.129,7.173,197593.0
2023-04-07 13:00:00,7.173,7.185,7.138,7.182,128540.0
2023-04-07 14:00:00,7.181,7.217,7.175,7.198,143882.0
2023-04-07 15:00:00,7.199,7.233,7.198,7.23,101413.0
2023-04-07 16:00:00,7.231,7.245,7.206,7.213,150577.0
2023-04-07 17:00:00,7.214,7.239,7.209,7.231,42668.0
2023-04-07 18:00:00,7.231,7.243,7.216,7.229,99599.0
2023-04-07 19:00:00,7.228,7.236,7.206,7.236,53820.0
2023-04-07 20:00:00,7.236,7.248,7.209,7.209,93608.0
2023-04-07 21:00:00,7.211,7.239,7.2,7.239,40351.0
2023-04-07 22:00:00,7.238,7.288,7.238,7.286,109006.0
2023-04-07 23:00:00,7.287,7.308,7.263,7.265,124213.0
2023-04-08 00:00:00,7.267,7.293,7.216,7.226,106205.0
2023-04-08 01:00:00,7.225,7.259,7.212,7.231,77083.0
2023-04-08 02:00:00,7.231,7.253,7.217,7.253,85033.0
2023-04-08 03:00:00,7.254,7.274,7.236,7.264,94803.0
2023-04-08 04:00:00,7.264,7.269,7.243,7.251,63073.0
2023-04-08 05:00:00,7.252,7.294,7.252,7.294,98822.0
2023-04-08 06:00:00,7.294,7.296,7.262,7.275,141251.0
2023-04-08 07:00:00,7.275,7.279,7.242,7.253,119303.0
2023-04-08 08:00:00,7.253,7.268,7.229,7.229,87503.0
2023-04-08 09:00:00,7.229,7.249,7.226,7.231,50880.0
2023-04-08 10:00:00,7.233,7.235,7.216,7.217,49768.0
2023-04-08 11:00:00,7.217,7.227,7.206,7.212,48633.0
2023-04-08 12:00:00,7.213,7.214,7.184,7.21,89013.0
2023-04-08 13:00:00,7.21,7.223,7.202,7.218,45219.0
2023-04-08 14:00:00,7.218,7.246,7.215,7.225,80282.0
2023-04-08 15:00:00,7.227,7.229,7.213,7.222,51659.0
2023-04-08 16:00:00,7.222,7.223,7.207,7.209,50424.0
2023-04-08 17:00:00,7.208,7.215,7.16,7.179,85666.0
2023-04-08 18:00:00,7.179,7.189,7.111,7.124,138068.0
2023-04-08 19:00:00,7.122,7.138,7.105,7.117,123176.0
2023-04-08 20:00:00,7.118,7.146,7.118,7.122,48052.0
2023-04-08 21:00:00,7.121,7.131,7.11,7.127,45757.0
2023-04-08 22:00:00,7.127,7.127,7.073,7.118,122986.0
2023-04-08 23:00:00,7.117,7.154,7.114,7.128,47518.0
2023-04-09 00:00:00,7.128,7.176,7.119,7.17,100600.0
2023-04-09 01:00:00,7.17,7.192,7.165,7.181,140093.0
2023-04-09 02:00:00,7.181,7.182,7.163,7.165,50284.0
2023-04-09 03:00:00,7.165,7.178,7.152,7.161,51778.0
2023-04-09 04:00:00,7.161,7.176,7.157,7.168,43459.0
2023-04-09 05:00:00,7.168,7.18,7.146,7.146,53076.0
2023-04-09 06:00:00,7.147,7.148,7.067,7.109,221811.0
2023-04-09 07:00:00,7.109,7.127,7.081,7.127,72957.0
2023-04-09 08:00:00,7.127,7.127,7.082,7.107,69571.0
2023-04-09 09:00:00,7.106,7.11,7.088,7.092,50424.0
2023-04-09 10:00:00,7.093,7.099,7.074,7.087,65733.0
2023-04-09 11:00:00,7.087,7.119,7.081,7.11,56396.0
2023-04-09 12:00:00,7.111,7.13,7.105,7.106,46235.0
2023-04-09 13:00:00,7.107,7.11,7.086,7.109,45103.0
2023-04-09 14:00:00,7.11,7.111,7.044,7.081,123089.0
2023-04-09 15:00:00,7.081,7.116,7.064,7.108,67887.0
2023-04-09 16:00:00,7.105,7.118,7.094,7.101,40630.0
2023-04-09 17:00:00,7.103,7.118,7.093,7.111,56658.0
2023-04-09 18:00:00,7.112,7.165,7.11,7.157,63897.0
2023-04-09 19:00:00,7.157,7.216,7.157,7.198,161827.0
2023-04-09 20:00:00,7.201,7.204,7.186,7.19,48514.0
2023-04-09 21:00:00,7.189,7.24,7.181,7.235,130973.0
2023-04-09 22:00:00,7.235,7.255,7.218,7.233,159871.0
2023-04-09 23:00:00,7.234,7.243,7.201,7.204,51760.0
2023-04-10 00:00:00,7.204,7.227,7.191,7.193,69923.0
2023-04-10 01:00:00,7.194,7.194,7.134,7.153,142393.0
2023-04-10 02:00:00,7.152,7.188,7.147,7.174,66715.0
2023-04-10 03:00:00,7.174,7.194,7.164,7.18,66038.0
2023-04-10 04:00:00,7.18,7.192,7.166,7.171,46559.0
2023-04-10 05:00:00,7.17,7.216,7.165,7.204,62503.0
2023-04-10 06:00:00,7.204,7.22,7.204,7.219,112202.0
2023-04-10 07:00:00,7.219,7.235,7.21,7.235,96447.0
2023-04-10 08:00:00,7.234,7.243,7.219,7.224,131380.0
2023-04-10 09:00:00,7.224,7.249,7.222,7.229,48456.0
2023-04-10 10:00:00,7.229,7.242,7.215,7.23,62362.0
2023-04-10 11:00:00,7.23,7.234,7.205,7.206,38660.0
2023-04-10 12:00:00,7.207,7.214,7.185,7.187,95767.0
2023-04-10 13:00:00,7.188,7.199,7.158,7.16,75675.0
2023-04-10 14:00:00,7.159,7.205,7.152,7.193,76863.0
2023-04-10 15:00:00,7.192,7.238,7.19,7.211,131681.0
2023-04-10 16:00:00,7.21,7.295,7.181,7.293,185943.0
2023-04-10 17:00:00,7.294,7.359,7.292,7.329,430453.0
2023-04-10 18:00:00,7.327,7.347,7.318,7.326,90778.0
2023-04-10 19:00:00,7.325,7.33,7.276,7.29,78529.0
2023-04-10 20:00:00,7.29,7.305,7.254,7.285,51577.0
2023-04-10 21:00:00,7.283,7.296,7.241,7.276,97889.0
2023-04-10 22:00:00,7.277,7.344,7.277,7.338,165741.0
2023-04-10 23:00:00,7.337,7.371,7.325,7.343,106058.0
2023-04-11 00:00:00,7.343,7.384,7.324,7.353,145636.0
2023-04-11 01:00:00,7.355,7.398,7.319,7.394,210311.0
2023-04-11 02:00:00,7.394,7.418,7.366,7.376,225564.0
2023-04-11 03:00:00,7.377,7.381,7.316,7.342,171076.0
2023-04-11 04:00:00,7.342,7.363,7.327,7.363,95780.0
2023-04-11 05:00:00,7.363,7.395,7.329,7.338,141098.0
2023-04-11 06:00:00,7.338,7.405,7.338,7.403,104573.0
2023-04-11 07:00:00,7.402,7.43,7.4,7.418,141638.0
2023-04-11 08:00:00,7.418,7.451,7.389,7.408,183784.0
2023-04-11 09:00:00,7.408,7.424,7.374,7.424,83878.0
2023-04-11 10:00:00,7.424,7.437,7.4,7.411,79685.0
2023-04-11 11:00:00,7.411,7.429,7.387,7.389,44673.0
2023-04-11 12:00:00,7.388,7.413,7.366,7.386,98754.0
2023-04-11 13:00:00,7.387,7.411,7.368,7.407,104649.0
2023-04-11 14:00:00,7.405,7.425,7.343,7.363,191552.0
2023-04-11 15:00:00,7.367,7.406,7.358,7.386,102378.0
2023-04-11 16:00:00,7.386,7.399,7.336,7.348,148633.0
2023-04-11 17:00:00,7.347,7.364,7.301,7.36,97450.0
2023-04-11 18:00:00,7.36,7.372,7.347,7.352,45258.0
2023-04-11 19:00:00,7.353,7.387,7.311,7.327,134594.0
2023-04-11 20:00:00,7.324,7.337,7.285,7.334,115254.0
2023-04-11 21:00:00,7.331,7.342,7.309,7.325,40781.0
2023-04-11 22:00:00,7.325,7.33,7.312,7.322,39948.0
2023-04-11 23:00:00,7.322,7.322,7.278,7.301,82453.0
2023-04-12 00:00:00,7.3,7.328,7.255,7.265,134750.0
2023-04-12 01:00:00,7.265,7.29,7.218,7.232,171374.0
2023-04-12 02:00:00,7.231,7.231,7.094,7.128,491295.0
2023-04-12 03:00:00,7.128,7.146,7.107,7.133,184082.0
2023-04-12 04:00:00,7.132,7.15,7.12,7.147,79658.0
2023-04-12 05:00:00,7.147,7.163,7.138,7.155,62242.0
2023-04-12 06:00:00,7.154,7.195,7.141,7.193,79732.0
2023-04-12 07:00:00,7.192,7.214,7.18,7.186,79591.0
2023-04-12 08:00:00,7.189,7.194,7.159,7.16,55039.0
2023-04-12 09:00:00,7.159,7.192,7.159,7.192,45506.0
2023-04-12 10:00:00,7.191,7.191,7.169,7.183,39499.0
2023-04-12 11:00:00,7.183,7.188,7.158,7.178,44053.0
2023-04-12 12:00:00,7.179,7.295,7.144,7.281,431278.0
2023-04-12 13:00:00,7.279,7.359,7.246,7.266,389956.0
2023-04-12 14:00:00,7.268,7.375,7.259,7.312,339016.0
2023-04-12 15:00:00,7.31,7.322,7.233,7.292,264072.0
2023-04-12 16:00:00,7.292,7.306,7.252,7.258,116468.0
2023-04-12 17:00:00,7.258,7.296,7.252,7.278,75005.0
2023-04-12 18:00:00,7.278,7.29,7.212,7.216,229543.0
2023-04-12 19:00:00,7.216,7.224,7.14,7.184,299093.0
2023-04-12 20:00:00,7.185,7.205,7.177,7.196,68303.0
2023-04-12 21:00:00,7.197,7.236,7.194,7.229,77063.0
2023-04-12 22:00:00,7.23,7.246,7.196,7.2,100946.0
2023-04-12 23:00:00,7.203,7.264,7.194,7.232,143544.0
2023-04-13 00:00:00,7.233,7.239,7.194,7.213,119479.0
2023-04-13 01:00:00,7.216,7.225,7.173,7.221,105336.0
2023-04-13 02:00:00,7.222,7.225,7.19,7.219,74084.0
2023-04-13 03:00:00,7.219,7.248,7.215,7.22,69326.0
2023-04-13 04:00:00,7.218,7.25,7.215,7.226,93135.0
2023-04-13 05:00:00,7.226,7.252,7.222,7.25,71197.0
2023-04-13 06:00:00,7.25,7.255,7.219,7.221,73687.0
2023-04-13 07:00:00,7.222,7.263,7.215,7.259,133853.0
2023-04-13 08:00:00,7.259,7.383,7.257,7.371,333277.0
2023-04-13 09:00:00,7.37,7.417,7.367,7.381,325861.0
2023-04-13 10:00:00,7.382,7.4,7.347,7.375,176806.0
2023-04-13 11:00:00,7.375,7.399,7.353,7.366,238196.0
2023-04-13 12:00:00,7.365,7.439,7.365,7.435,399184.0
2023-04-13 13:00:00,7.435,7.448,7.386,7.386,199085.0
2023-04-13 14:00:00,7.386,7.445,7.386,7.435,153993.0
2023-04-13 15:00:00,7.437,7.472,7.402,7.408,234117.0
2023-04-13 16:00:00,7.409,7.463,7.408,7.437,220868.0
2023-04-13 17:00:00,7.438,7.502,7.438,7.498,204797.0
2023-04-13 18:00:00,7.497,7.55,7.465,7.475,229130.0
2023-04-13 19:00:00,7.474,7.483,7.456,7.462,76355.0
2023-04-13 20:00:00,7.462,7.463,7.419,7.447,89884.0
2023-04-13 21:00:00,7.446,7.466,7.44,7.44,52705.0
2023-04-13 22:00:00,7.441,7.474,7.435,7.446,76278.0
2023-04-13 23:00:00,7.447,7.466,7.429,7.462,55144.0
2023-04-14 00:00:00,7.462,7.605,7.46,7.578,521238.0
2023-04-14 01:00:00,7.579,7.661,7.578,7.609,415036.0
2023-04-14 02:00:00,7.61,7.703,7.594,7.644,573089.0
2023-04-14 03:00:00,7.647,7.765,7.619,7.709,455947.0
2023-04-14 04:00:00,7.708,7.772,7.703,7.757,170693.0
2023-04-14 05:00:00,7.756,7.904,7.747,7.879,584726.0
2023-04-14 06:00:00,7.879,7.904,7.814,7.843,408683.0
2023-04-14 07:00:00,7.845,7.849,7.752,7.767,305623.0
2023-04-14 08:00:00,7.767,7.825,7.764,7.794,147322.0
2023-04-14 09:00:00,7.792,7.837,7.781,7.83,105120.0
2023-04-14 10:00:00,7.83,7.842,7.796,7.81,127506.0
2023-04-14 11:00:00,7.809,7.83,7.785,7.813,113452.0
2023-04-14 12:00:00,7.813,7.823,7.672,7.69,443342.0
2023-04-14 13:00:00,7.688,7.767,7.688,7.759,169502.0
2023-04-14 14:00:00,7.759,7.795,7.707,7.79,236533.0
2023-04-14 15:00:00,7.79,7.826,7.543,7.551,1142952.0
2023-04-14 16:00:00,7.548,7.614,7.531,7.585,385729.0
2023-04-14 17:00:00,7.585,7.671,7.577,7.659,291540.0
2023-04-14 18:00:00,7.657,7.717,7.656,7.664,231384.0
2023-04-14 19:00:00,7.664,7.76,7.629,7.759,125981.0
2023-04-14 20:00:00,7.759,7.812,7.732,7.775,217899.0
2023-04-14 21:00:00,7.775,7.787,7.731,7.749,91626.0
2023-04-14 22:00:00,7.749,7.799,7.74,7.791,126725.0
2023-04-14 23:00:00,7.791,7.798,7.724,7.741,129644.0
2023-04-15 00:00:00,7.741,7.758,7.661,7.664,267176.0
2023-04-15 01:00:00,7.665,7.681,7.615,7.648,184445.0
2023-04-15 02:00:00,7.648,7.673,7.641,7.646,102987.0
2023-04-15 03:00:00,7.643,7.673,7.633,7.647,79477.0
2023-04-15 04:00:00,7.647,7.678,7.619,7.668,119089.0
2023-04-15 05:00:00,7.667,7.689,7.657,7.671,91958.0
2023-04-15 06:00:00,7.67,7.688,7.644,7.681,109309.0
2023-04-15 07:00:00,7.683,7.717,7.682,7.706,104878.0
2023-04-15 08:00:00,7.707,7.71,7.683,7.703,70349.0
2023-04-15 09:00:00,7.704,7.85,7.704,7.819,377957.0
2023-04-15 10:00:00,7.819,7.871,7.785,7.809,360396.0
2023-04-15 11:00:00,7.809,7.822,7.776,7.822,149071.0
2023-04-15 12:00:00,7.821,7.851,7.809,7.84,172113.0
2023-04-15 13:00:00,7.837,7.849,7.771,7.798,178786.0
2023-04-15 14:00:00,7.8,7.977,7.786,7.96,738199.0
2023-04-15 15:00:00,7.958,8.001,7.918,7.965,466191.0
2023-04-15 16:00:00,7.966,8.043,7.928,8.005,481988.0
2023-04-15 17:00:00,8.005,8.1,7.95,7.973,792334.0
2023-04-15 18:00:00,7.974,8.055,7.962,8.04,190265.0
2023-04-15 19:00:00,8.041,8.041,7.926,7.98,177665.0
2023-04-15 20:00:00,7.98,7.995,7.934,7.95,106182.0
2023-04-15 21:00:00,7.951,7.999,7.939,7.97,105385.0
2023-04-15 22:00:00,7.97,8.038,7.95,8.03,134912.0
2023-04-15 23:00:00,8.03,8.048,8.001,8.011,101028.0
2023-04-16 00:00:00,8.01,8.169,8.0,8.106,587043.0
2023-04-16 01:00:00,8.105,8.161,7.953,8.102,739283.0
2023-04-16 02:00:00,8.101,8.123,8.031,8.045,332914.0
2023-04-16 03:00:00,8.046,8.059,7.999,8.005,172476.0
2023-04-16 04:00:00,8.004,8.063,7.993,8.058,274550.0
2023-04-16 05:00:00,8.058,8.064,8.013,8.042,141414.0
2023-04-16 06:00:00,8.042,8.112,8.03,8.056,219869.0
2023-04-16 07:00:00,8.057,8.099,8.039,8.08,150776.0
2023-04-16 08:00:00,8.08,8.102,8.028,8.034,213189.0
2023-04-16 09:00:00,8.035,8.041,7.964,7.969,253331.0
2023-04-16 10:00:00,7.969,7.997,7.962,7.991,184579.0
2023-04-16 11:00:00,7.992,8.0,7.947,7.964,139675.0
2023-04-16 12:00:00,7.963,7.999,7.959,7.988,123721.0
2023-04-16 13:00:00,7.989,8.003,7.912,7.962,225285.0
2023-04-16 14:00:00,7.963,7.972,7.902,7.947,318037.0
2023-04-16 15:00:00,7.947,7.975,7.915,7.96,182689.0
2023-04-16 16:00:00,7.961,8.018,7.935,8.009,145918.0
2023-04-16 17:00:00,8.009,8.049,7.984,7.994,169934.0
2023-04-16 18:00:00,7.994,8.095,7.993,8.095,129739.0
2023-04-16 19:00:00,8.094,8.132,8.032,8.039,263611.0
2023-04-16 20:00:00,8.039,8.126,7.981,8.101,284694.0
2023-04-16 21:00:00,8.103,8.197,8.099,8.147,388699.0
2023-04-16 22:00:00,8.149,8.154,8.098,8.126,97108.0
2023-04-16 23:00:00,8.127,8.157,8.097,8.142,211415.0
2023-04-17 00:00:00,8.138,8.138,7.915,7.922,601112.0
2023-04-17 01:00:00,7.924,7.978,7.861,7.967,436936.0
2023-04-17 02:00:00,7.967,8.246,7.967,8.237,760558.0
2023-04-17 03:00:00,8.237,8.278,8.19,8.212,813546.0
2023-04-17 04:00:00,8.212,8.305,8.132,8.271,802880.0
2023-04-17 05:00:00,8.27,8.29,8.191,8.25,456431.0
2023-04-17 06:00:00,8.25,8.265,8.154,8.161,334750.0
2023-04-17 07:00:00,8.162,8.217,8.104,8.11,459782.0
2023-04-17 08:00:00,8.11,8.173,8.094,8.164,269713.0
2023-04-17 09:00:00,8.162,8.163,8.055,8.056,300168.0
2023-04-17 10:00:00,8.056,8.095,8.0,8.092,522556.0
2023-04-17 11:00:00,8.093,8.094,7.929,7.976,611846.0
2023-04-17 12:00:00,7.976,8.116,7.975,8.062,642067.0
2023-04-17 13:00:00,8.061,8.175,7.994,8.123,902627.0
2023-04-17 14:00:00,8.124,8.185,8.063,8.12,403480.0
2023-04-17 15:00:00,8.12,8.146,8.015,8.054,367674.0
2023-04-17 16:00:00,8.053,8.172,8.037,8.143,457856.0
2023-04-17 17:00:00,8.146,8.155,8.086,8.107,92244.0
2023-04-17 18:00:00,8.105,8.177,8.098,8.171,141405.0
2023-04-17 19:00:00,8.171,8.257,8.169,8.237,396691.0
2023-04-17 20:00:00,8.24,8.251,8.201,8.224,158392.0
2023-04-17 21:00:00,8.224,8.28,8.159,8.227,345281.0
2023-04-17 22:00:00,8.226,8.236,8.187,8.209,138945.0
2023-04-17 23:00:00,8.208,8.229,8.132,8.162,373344.0
2023-04-18 00:00:00,8.164,8.171,8.094,8.108,174213.0
2023-04-18 01:00:00,8.108,8.128,8.027,8.123,451205.0
2023-04-18 02:00:00,8.123,8.142,8.097,8.108,274592.0
2023-04-18 03:00:00,8.107,8.119,8.068,8.079,109329.0
2023-04-18 04:00:00,8.078,8.122,8.064,8.121,167958.0
2023-04-18 05:00:00,8.119,8.269,8.119,8.245,416603.0
2023-04-18 06:00:00,8.245,8.377,8.242,8.371,633599.0
2023-04-18 07:00:00,8.37,8.462,8.334,8.425,637368.0
2023-04-18 08:00:00,8.427,8.514,8.404,8.41,1098080.0
2023-04-18 09:00:00,8.414,8.564,8.41,8.511,701523.0
2023-04-18 10:00:00,8.513,8.675,8.479,8.615,888608.0
2023-04-18 11:00:00,8.615,8.772,8.588,8.71,970647.0
2023-04-18 12:00:00,8.71,8.761,8.603,8.733,821579.0
2023-04-18 13:00:00,8.733,8.797,8.638,8.685,767049.0
2023-04-18 14:00:00,8.687,8.723,8.57,8.714,687269.0
2023-04-18 15:00:00,8.715,8.755,8.65,8.724,554979.0
2023-04-18 16:00:00,8.724,8.729,8.614,8.636,489221.0
2023-04-18 17:00:00,8.637,8.667,8.556,8.6,440877.0
2023-04-18 18:00:00,8.6,8.678,8.563,8.598,334528.0
2023-04-18 19:00:00,8.596,8.632,8.52,8.55,326275.0
2023-04-18 20:00:00,8.551,8.63,8.522,8.613,182359.0
2023-04-18 21:00:00,8.614,8.625,8.562,8.625,156398.0
2023-04-18 22:00:00,8.625,8.63,8.538,8.57,253780.0
2023-04-18 23:00:00,8.571,8.598,8.525,8.573,267381.0
2023-04-19 00:00:00,8.579,8.588,8.523,8.54,194931.0
2023-04-19 01:00:00,8.54,8.602,8.491,8.511,360424.0
2023-04-19 02:00:00,8.511,8.556,8.479,8.531,287316.0
2023-04-19 03:00:00,8.532,8.571,8.517,8.571,202469.0
2023-04-19 04:00:00,8.57,8.57,8.496,8.549,214185.0
2023-04-19 05:00:00,8.551,8.589,8.528,8.586,159581.0
2023-04-19 06:00:00,8.585,8.589,8.38,8.403,781845.0
2023-04-19 07:00:00,8.401,8.439,8.384,8.399,234394.0
2023-04-19 08:00:00,8.399,8.404,7.87,8.012,3798623.0
2023-04-19 09:00:00,8.011,8.07,7.899,7.972,957709.0
2023-04-19 10:00:00,7.972,8.01,7.93,7.987,585340.0
2023-04-19 11:00:00,7.985,8.088,7.973,8.057,434642.0
2023-04-19 12:00:00,8.057,8.057,7.977,7.99,327961.0
2023-04-19 13:00:00,7.989,8.061,7.955,8.051,435385.0
2023-04-19 14:00:00,8.052,8.125,8.05,8.083,574886.0
2023-04-19 15:00:00,8.081,8.1,7.994,8.026,458229.0
2023-04-19 16:00:00,8.028,8.088,8.008,8.057,430976.0
2023-04-19 17:00:00,8.057,8.064,7.904,8.01,592528.0
2023-04-19 18:00:00,8.014,8.037,7.93,7.983,216141.0
2023-04-19 19:00:00,7.981,8.013,7.942,7.959,163612.0
2023-04-19 20:00:00,7.957,7.988,7.899,7.955,280741.0
2023-04-19 21:00:00,7.953,7.973,7.711,7.893,881332.0
2023-04-19 22:00:00,7.89,7.917,7.844,7.849,190363.0
2023-04-19 23:00:00,7.848,7.852,7.618,7.755,834286.0
2023-04-20 00:00:00,7.752,7.849,7.713,7.832,466168.0
2023-04-20 01:00:00,7.831,7.883,7.8,7.871,280032.0
2023-04-20 02:00:00,7.87,7.878,7.738,7.746,295607.0
2023-04-20 03:00:00,7.747,7.823,7.675,7.818,450141.0
2023-04-20 04:00:00,7.82,7.855,7.804,7.826,169897.0
2023-04-20 05:00:00,7.826,7.851,7.772,7.817,199281.0
2023-04-20 06:00:00,7.818,7.886,7.798,7.805,277721.0
2023-04-20 07:00:00,7.804,7.82,7.766,7.774,141054.0
2023-04-20 08:00:00,7.775,7.853,7.76,7.818,290004.0
2023-04-20 09:00:00,7.816,7.879,7.813,7.839,222547.0
2023-04-20 10:00:00,7.84,7.87,7.804,7.819,177795.0
2023-04-20 11:00:00,7.819,7.835,7.727,7.747,253538.0
2023-04-20 12:00:00,7.749,7.939,7.739,7.914,607365.0
2023-04-20 13:00:00,7.914,7.971,7.875,7.937,431038.0
2023-04-20 14:00:00,7.937,7.954,7.863,7.902,287273.0
2023-04-20 15:00:00,7.902,7.904,7.702,7.731,653197.0
2023-04-20 16:00:00,7.729,7.737,7.529,7.569,1263883.0
2023-04-20 17:00:00,7.572,7.624,7.473,7.514,680303.0
2023-04-20 18:00:00,7.513,7.572,7.48,7.556,334785.0
2023-04-20 19:00:00,7.558,7.56,7.461,7.527,482969.0
2023-04-20 20:00:00,7.525,7.588,7.468,7.55,247588.0
2023-04-20 21:00:00,7.55,7.574,7.527,7.572,165397.0
2023-04-20 22:00:00,7.572,7.62,7.536,7.539,263097.0
2023-04-20 23:00:00,7.539,7.583,7.491,7.513,296997.0
2023-04-21 00:00:00,7.513,7.61,7.468,7.563,439878.0
2023-04-21 01:00:00,7.563,7.579,7.506,7.512,157123.0
2023-04-21 02:00:00,7.512,7.543,7.484,7.541,159441.0
2023-04-21 03:00:00,7.54,7.59,7.54,7.563,144624.0
2023-04-21 04:00:00,7.563,7.575,7.498,7.5,116126.0
2023-04-21 05:00:00,7.501,7.532,7.474,7.48,130657.0
2023-04-21 06:00:00,7.481,7.526,7.376,7.432,566750.0
2023-04-21 07:00:00,7.434,7.544,7.418,7.538,308372.0
2023-04-21 08:00:00,7.539,7.576,7.488,7.496,239823.0
2023-04-21 09:00:00,7.493,7.524,7.475,7.497,161283.0
2023-04-21 10:00:00,7.496,7.519,7.431,7.447,208042.0
2023-04-21 11:00:00,7.447,7.455,7.398,7.423,217050.0
2023-04-21 12:00:00,7.425,7.44,7.33,7.425,399835.0
2023-04-21 13:00:00,7.425,7.476,7.389,7.393,367372.0
2023-04-21 14:00:00,7.393,7.457,7.372,7.401,278255.0
2023-04-21 15:00:00,7.4,7.428,7.362,7.38,228247.0
2023-04-21 16:00:00,7.382,7.395,7.313,7.351,382144.0
2023-04-21 17:00:00,7.352,7.359,7.25,7.305,559002.0
2023-04-21 18:00:00,7.306,7.343,7.254,7.291,238251.0
2023-04-21 19:00:00,7.29,7.293,7.03,7.07,1533674.0
2023-04-21 20:00:00,7.069,7.105,7.017,7.021,462722.0
2023-04-21 21:00:00,7.019,7.096,7.009,7.027,194102.0
2023-04-21 22:00:00,7.027,7.072,7.01,7.066,189578.0
2023-04-21 23:00:00,7.066,7.127,7.058,7.112,173203.0
2023-04-22 00:00:00,7.11,7.149,7.08,7.094,172012.0
2023-04-22 01:00:00,7.093,7.158,7.088,7.152,99029.0
2023-04-22 02:00:00,7.151,7.169,7.116,7.155,157302.0
2023-04-22 03:00:00,7.152,7.18,7.138,7.171,93442.0
2023-04-22 04:00:00,7.17,7.17,7.135,7.159,124283.0
2023-04-22 05:00:00,7.159,7.159,7.133,7.159,76329.0
2023-04-22 06:00:00,7.159,7.159,7.098,7.115,107601.0
2023-04-22 07:00:00,7.113,7.125,7.077,7.087,95081.0
2023-04-22 08:00:00,7.087,7.119,7.086,7.098,83388.0
2023-04-22 09:00:00,7.098,7.145,7.096,7.111,82653.0
2023-04-22 10:00:00,7.112,7.146,7.1,7.144,77765.0
2023-04-22 11:00:00,7.145,7.167,7.133,7.152,77400.0
2023-04-22 12:00:00,7.152,7.16,7.136,7.153,74967.0
2023-04-22 13:00:00,7.154,7.162,7.104,7.125,92645.0
2023-04-22 14:00:00,7.125,7.2,7.111,7.187,181034.0
2023-04-22 15:00:00,7.186,7.22,7.16,7.171,207416.0
2023-04-22 16:00:00,7.172,7.24,7.147,7.166,227749.0
2023-04-22 17:00:00,7.166,7.216,7.161,7.189,97208.0
2023-04-22 18:00:00,7.188,7.19,7.13,7.15,110616.0
2023-04-22 19:00:00,7.151,7.171,7.144,7.147,57857.0
2023-04-22 20:00:00,7.148,7.156,7.126,7.128,73425.0
2023-04-22 21:00:00,7.128,7.156,7.098,7.155,74039.0
2023-04-22 22:00:00,7.155,7.181,7.137,7.178,198843.0
2023-04-22 23:00:00,7.178,7.199,7.17,7.172,86545.0
2023-04-23 00:00:00,7.173,7.173,6.999,7.073,693566.0
2023-04-23 01:00:00,7.073,7.087,7.051,7.076,182737.0
2023-04-23 02:00:00,7.075,7.099,7.06,7.088,136930.0
2023-04-23 03:00:00,7.086,7.14,7.081,7.114,119487.0
2023-04-23 04:00:00,7.115,7.136,7.103,7.13,101129.0
2023-04-23 05:00:00,7.13,7.138,7.105,7.129,103308.0
2023-04-23 06:00:00,7.13,7.133,7.098,7.105,106883.0
2023-04-23 07:00:00,7.107,7.137,7.081,7.13,119068.0
2023-04-23 08:00:00,7.13,7.143,7.107,7.121,141495.0
2023-04-23 09:00:00,7.122,7.126,7.08,7.095,111607.0
2023-04-23 10:00:00,7.095,7.106,7.062,7.07,94774.0
2023-04-23 11:00:00,7.07,7.118,7.07,7.116,126248.0
2023-04-23 12:00:00,7.116,7.132,7.09,7.091,130092.0
2023-04-23 13:00:00,7.089,7.102,7.064,7.094,101825.0
2023-04-23 14:00:00,7.092,7.106,7.029,7.035,240874.0
2023-04-23 15:00:00,7.033,7.047,6.923,6.989,778171.0
2023-04-23 16:00:00,6.989,7.076,6.933,7.032,285106.0
2023-04-23 17:00:00,7.034,7.051,6.97,6.97,191177.0
2023-04-23 18:00:00,6.97,6.99,6.865,6.919,724777.0
2023-04-23 19:00:00,6.917,6.976,6.902,6.95,226305.0
2023-04-23 20:00:00,6.95,7.005,6.93,6.986,183372.0
2023-04-23 21:00:00,6.986,7.029,6.964,7.019,99116.0
2023-04-23 22:00:00,7.02,7.067,6.986,7.057,177313.0
2023-04-23 23:00:00,7.059,7.094,7.055,7.082,180130.0
2023-04-24 00:00:00,7.082,7.191,7.044,7.185,400939.0
2023-04-24 01:00:00,7.186,7.222,7.148,7.155,380348.0
2023-04-24 02:00:00,7.158,7.171,7.133,7.149,133014.0
2023-04-24 03:00:00,7.15,7.172,7.11,7.154,132292.0
2023-04-24 04:00:00,7.157,7.157,7.11,7.122,104728.0
2023-04-24 05:00:00,7.122,7.152,7.109,7.113,100272.0
2023-04-24 06:00:00,7.114,7.143,7.038,7.064,218322.0
2023-04-24 07:00:00,7.066,7.107,7.02,7.103,214244.0
2023-04-24 08:00:00,7.101,7.134,7.048,7.127,422542.0
2023-04-24 09:00:00,7.126,7.189,7.106,7.16,423503.0
2023-04-24 10:00:00,7.16,7.209,7.154,7.174,191344.0
2023-04-24 11:00:00,7.175,7.22,7.172,7.219,203627.0
2023-04-24 12:00:00,7.219,7.225,7.173,7.179,227433.0
2023-04-24 13:00:00,7.182,7.271,7.177,7.231,343601.0
2023-04-24 14:00:00,7.232,7.261,7.134,7.18,375613.0
2023-04-24 15:00:00,7.181,7.182,7.083,7.089,371580.0
2023-04-24 16:00:00,7.091,7.136,7.01,7.046,594695.0
2023-04-24 17:00:00,7.045,7.118,6.988,7.102,313120.0
2023-04-24 18:00:00,7.103,7.162,7.076,7.096,187623.0
2023-04-24 19:00:00,7.095,7.107,7.063,7.076,85019.0
2023-04-24 20:00:00,7.077,7.111,7.06,7.104,80042.0
2023-04-24 21:00:00,7.102,7.105,7.05,7.075,61912.0
2023-04-24 22:00:00,7.076,7.102,7.069,7.07,90030.0
2023-04-24 23:00:00,7.07,7.1,7.062,7.07,147325.0
2023-04-25 00:00:00,7.071,7.099,7.035,7.044,228541.0
2023-04-25 01:00:00,7.045,7.07,7.009,7.02,138979.0
2023-04-25 02:00:00,7.021,7.034,6.985,6.997,164428.0
2023-04-25 03:00:00,6.998,7.018,6.965,6.984,204250.0
2023-04-25 04:00:00,6.987,7.039,6.976,7.028,120345.0
2023-04-25 05:00:00,7.029,7.053,6.985,7.043,178413.0
2023-04-25 06:00:00,7.043,7.07,7.015,7.017,164712.0
2023-04-25 07:00:00,7.017,7.05,6.98,6.988,183990.0
2023-04-25 08:00:00,6.989,7.04,6.949,7.034,218421.0
2023-04-25 09:00:00,7.033,7.039,6.987,7.007,111345.0
2023-04-25 10:00:00,7.008,7.021,6.992,7.01,56092.0
2023-04-25 11:00:00,7.008,7.078,6.998,7.051,294110.0
2023-04-25 12:00:00,7.051,7.079,7.044,7.07,100913.0
2023-04-25 13:00:00,7.07,7.11,7.055,7.074,172806.0
2023-04-25 14:00:00,7.076,7.098,6.994,7.04,206332.0
2023-04-25 15:00:00,7.039,7.084,6.996,7.014,218876.0
2023-04-25 16:00:00,7.014,7.055,6.996,7.038,138275.0
2023-04-25 17:00:00,7.038,7.111,6.997,7.108,239220.0
2023-04-25 18:00:00,7.104,7.144,7.09,7.092,130708.0
2023-04-25 19:00:00,7.09,7.101,7.054,7.083,77114.0
2023-04-25 20:00:00,7.084,7.209,7.078,7.198,273303.0
2023-04-25 21:00:00,7.198,7.291,7.198,7.261,325775.0
2023-04-25 22:00:00,7.26,7.303,7.247,7.253,265594.0
2023-04-25 23:00:00,7.252,7.288,7.248,7.273,102847.0
2023-04-26 00:00:00,7.273,7.333,7.251,7.251,176103.0
2023-04-26 01:00:00,7.254,7.266,7.233,7.242,86632.0
2023-04-26 02:00:00,7.243,7.243,7.224,7.231,81480.0
2023-04-26 03:00:00,7.232,7.252,7.194,7.216,105273.0
2023-04-26 04:00:00,7.217,7.252,7.216,7.236,72670.0
2023-04-26 05:00:00,7.236,7.274,7.236,7.27,66897.0
2023-04-26 06:00:00,7.269,7.296,7.24,7.265,183234.0
2023-04-26 07:00:00,7.264,7.264,7.223,7.248,108153.0
2023-04-26 08:00:00,7.249,7.325,7.241,7.306,251365.0
2023-04-26 09:00:00,7.307,7.344,7.292,7.333,198282.0
2023-04-26 10:00:00,7.333,7.418,7.318,7.403,350205.0
2023-04-26 11:00:00,7.404,7.419,7.36,7.384,195458.0
2023-04-26 12:00:00,7.385,7.506,7.385,7.493,583709.0
2023-04-26 13:00:00,7.493,7.501,7.419,7.47,281206.0
2023-04-26 14:00:00,7.47,7.474,7.366,7.418,246567.0
2023-04-26 15:00:00,7.418,7.44,7.411,7.439,135936.0
2023-04-26 16:00:00,7.438,7.452,7.399,7.424,151331.0
2023-04-26 17:00:00,7.427,7.428,7.355,7.376,83766.0
2023-04-26 18:00:00,7.376,7.395,7.356,7.362,87867.0
2023-04-26 19:00:00,7.364,7.364,6.816,6.883,2475649.0
2023-04-26 20:00:00,6.882,6.991,6.677,6.989,1929429.0
2023-04-26 21:00:00,6.989,7.04,6.901,7.03,377542.0
2023-04-26 22:00:00,7.03,7.034,6.959,6.982,202431.0
2023-04-26 23:00:00,6.981,7.011,6.971,7.004,197903.0
2023-04-27 00:00:00,7.002,7.226,6.984,7.188,866055.0
2023-04-27 01:00:00,7.187,7.222,7.056,7.066,562561.0
2023-04-27 02:00:00,7.065,7.139,7.065,7.092,221901.0
2023-04-27 03:00:00,7.089,7.093,7.041,7.05,143916.0
2023-04-27 04:00:00,7.051,7.116,7.042,7.11,147125.0
2023-04-27 05:00:00,7.112,7.134,7.09,7.099,135022.0
2023-04-27 06:00:00,7.099,7.106,6.985,7.051,442250.0
2023-04-27 07:00:00,7.047,7.074,7.013,7.059,204321.0
2023-04-27 08:00:00,7.057,7.093,7.02,7.043,162533.0
2023-04-27 09:00:00,7.044,7.061,7.015,7.031,138159.0
2023-04-27 10:00:00,7.031,7.075,7.018,7.068,100323.0
2023-04-27 11:00:00,7.072,7.096,7.033,7.053,109897.0
2023-04-27 12:00:00,7.053,7.089,6.98,7.04,399285.0
2023-04-27 13:00:00,7.041,7.069,7.038,7.061,168969.0
2023-04-27 14:00:00,7.063,7.097,7.052,7.055,188424.0
2023-04-27 15:00:00,7.055,7.169,7.031,7.123,567582.0
2023-04-27 16:00:00,7.123,7.142,7.089,7.111,133841.0
2023-04-27 17:00:00,7.112,7.167,7.096,7.152,111298.0
2023-04-27 18:00:00,7.151,7.232,7.134,7.197,233277.0
2023-04-27 19:00:00,7.199,7.221,7.126,7.202,240912.0
2023-04-27 20:00:00,7.2,7.235,7.169,7.18,158642.0
2023-04-27 21:00:00,7.178,7.203,7.16,7.166,56266.0
2023-04-27 22:00:00,7.166,7.185,7.111,7.151,228448.0
2023-04-27 23:00:00,7.15,7.187,7.142,7.173,98922.0
2023-04-28 00:00:00,7.172,7.18,7.126,7.171,110136.0
2023-04-28 01:00:00,7.17,7.178,7.122,7.14,68525.0
2023-04-28 02:00:00,7.141,7.148,7.098,7.122,107729.0
2023-04-28 03:00:00,7.122,7.124,7.093,7.111,48474.0
2023-04-28 04:00:00,7.112,7.172,7.106,7.154,101844.0
2023-04-28 05:00:00,7.155,7.169,7.142,7.144,48824.0
2023-04-28 06:00:00,7.145,7.156,7.12,7.151,38381.0
2023-04-28 07:00:00,7.15,7.187,7.15,7.182,70090.0
2023-04-28 08:00:00,7.182,7.182,7.094,7.121,139742.0
2023-04-28 09:00:00,7.118,7.131,7.097,7.112,63523.0
2023-04-28 10:00:00,7.111,7.123,7.084,7.098,107845.0
2023-04-28 11:00:00,7.097,7.111,7.039,7.043,141152.0
2023-04-28 12:00:00,7.042,7.093,7.018,7.038,215149.0
2023-04-28 13:00:00,7.037,7.072,6.945,6.995,312709.0
2023-04-28 14:00:00,6.997,7.06,6.988,7.005,184978.0
2023-04-28 15:00:00,7.006,7.037,6.979,7.026,108170.0
2023-04-28 16:00:00,7.025,7.055,6.995,7.044,159101.0
2023-04-28 17:00:00,7.043,7.058,7.002,7.018,95882.0
2023-04-28 18:00:00,7.016,7.04,6.997,7.036,71277.0
2023-04-28 19:00:00,7.036,7.068,7.03,7.042,79228.0
2023-04-28 20:00:00,7.042,7.057,7.035,7.043,40494.0
2023-04-28 21:00:00,7.044,7.052,7.033,7.042,46487.0
2023-04-28 22:00:00,7.043,7.067,7.037,7.04,52803.0
2023-04-28 23:00:00,7.042,7.056,7.025,7.038,57740.0
2023-04-29 00:00:00,7.039,7.042,6.995,6.999,140161.0
2023-04-29 01:00:00,7.0,7.031,6.999,7.018,52108.0
2023-04-29 02:00:00,7.02,7.067,7.016,7.059,71617.0
2023-04-29 03:00:00,7.058,7.067,7.046,7.051,56316.0
2023-04-29 04:00:00,7.05,7.088,7.05,7.077,112298.0
2023-04-29 05:00:00,7.079,7.084,7.05,7.057,50562.0
2023-04-29 06:00:00,7.057,7.077,7.051,7.068,58364.0
2023-04-29 07:00:00,7.067,7.097,7.067,7.091,39098.0
2023-04-29 08:00:00,7.092,7.095,7.051,7.076,92837.0
2023-04-29 09:00:00,7.075,7.149,7.071,7.14,120158.0
2023-04-29 10:00:00,7.14,7.149,7.097,7.113,109361.0
2023-04-29 11:00:00,7.114,7.143,7.086,7.139,104392.0
2023-04-29 12:00:00,7.142,7.152,7.123,7.129,138298.0
2023-04-29 13:00:00,7.129,7.216,7.129,7.203,188838.0
2023-04-29 14:00:00,7.203,7.216,7.179,7.188,146311.0
2023-04-29 15:00:00,7.189,7.217,7.157,7.186,129110.0
2023-04-29 16:00:00,7.186,7.191,7.154,7.178,83585.0
2023-04-29 17:00:00,7.178,7.183,7.071,7.145,227770.0
2023-04-29 18:00:00,7.145,7.165,7.138,7.147,67569.0
2023-04-29 19:00:00,7.146,7.202,7.144,7.199,56580.0
2023-04-29 20:00:00,7.199,7.212,7.184,7.191,40149.0
2023-04-29 21:00:00,7.192,7.211,7.172,7.204,59303.0
2023-04-29 22:00:00,7.205,7.208,7.176,7.176,40537.0
2023-04-29 23:00:00,7.175,7.192,7.147,7.186,68556.0
2023-04-30 00:00:00,7.186,7.205,7.148,7.151,97021.0
2023-04-30 01:00:00,7.153,7.167,7.115,7.125,102868.0
2023-04-30 02:00:00,7.125,7.158,7.115,7.158,69995.0
2023-04-30 03:00:00,7.157,7.157,7.126,7.144,39978.0
2023-04-30 04:00:00,7.142,7.17,7.134,7.16,32368.0
2023-04-30 05:00:00,7.159,7.191,7.146,7.19,66209.0
2023-04-30 06:00:00,7.19,7.213,7.19,7.203,79452.0
2023-04-30 07:00:00,7.203,7.204,7.17,7.175,65114.0
2023-04-30 08:00:00,7.175,7.218,7.155,7.216,103895.0
2023-04-30 09:00:00,7.215,7.244,7.197,7.23,162595.0
2023-04-30 10:00:00,7.23,7.268,7.211,7.229,189838.0
2023-04-30 11:00:00,7.229,7.245,7.21,7.214,72703.0
2023-04-30 12:00:00,7.213,7.221,7.179,7.185,66398.0
2023-04-30 13:00:00,7.187,7.217,7.187,7.206,61605.0
2023-04-30 14:00:00,7.21,7.237,7.184,7.232,102096.0
2023-04-30 15:00:00,7.232,7.305,7.202,7.242,372697.0
2023-04-30 16:00:00,7.241,7.292,7.234,7.256,129190.0
2023-04-30 17:00:00,7.256,7.268,7.228,7.229,77554.0
2023-04-30 18:00:00,7.229,7.233,7.195,7.21,76244.0
2023-04-30 19:00:00,7.209,7.213,7.089,7.129,276844.0
2023-04-30 20:00:00,7.129,7.129,7.019,7.059,267718.0
2023-04-30 21:00:00,7.057,7.092,7.046,7.058,98846.0
2023-04-30 22:00:00,7.059,7.079,7.049,7.066,62482.0
2023-04-30 23:00:00,7.065,7.087,7.012,7.025,174777.0
2023-05-01 00:00:00,7.024,7.081,7.016,7.076,139703.0
2023-05-01 01:00:00,7.076,7.077,6.859,6.923,1006538.0
2023-05-01 02:00:00,6.921,7.009,6.906,7.004,317847.0
2023-05-01 03:00:00,7.004,7.017,6.971,7.01,99916.0
2023-05-01 04:00:00,7.008,7.02,6.983,7.017,105109.0
2023-05-01 05:00:00,7.016,7.033,6.946,7.007,207066.0
2023-05-01 06:00:00,7.008,7.024,7.004,7.007,42536.0
2023-05-01 07:00:00,7.006,7.016,6.985,6.997,67035.0
2023-05-01 08:00:00,6.998,7.003,6.981,6.998,78620.0
2023-05-01 09:00:00,6.998,7.016,6.981,6.996,63398.0
2023-05-01 10:00:00,6.996,7.009,6.984,6.987,66423.0
2023-05-01 11:00:00,6.987,6.995,6.961,6.962,108873.0
2023-05-01 12:00:00,6.963,6.979,6.949,6.963,130776.0
2023-05-01 13:00:00,6.961,6.969,6.925,6.925,162791.0
2023-05-01 14:00:00,6.926,6.959,6.873,6.955,320344.0
2023-05-01 15:00:00,6.954,6.955,6.87,6.91,285484.0
2023-05-01 16:00:00,6.91,6.952,6.849,6.942,382751.0
2023-05-01 17:00:00,6.943,6.952,6.893,6.919,93653.0
2023-05-01 18:00:00,6.919,6.926,6.876,6.877,74239.0
2023-05-01 19:00:00,6.877,6.881,6.793,6.819,366531.0
2023-05-01 20:00:00,6.818,6.858,6.799,6.812,219280.0
2023-05-01 21:00:00,6.811,6.871,6.808,6.86,87672.0
2023-05-01 22:00:00,6.859,6.908,6.853,6.885,77265.0
2023-05-01 23:00:00,6.886,6.906,6.883,6.898,47797.0
2023-05-02 00:00:00,6.897,6.909,6.875,6.885,52090.0
2023-05-02 01:00:00,6.885,6.892,6.848,6.861,68305.0
2023-05-02 02:00:00,6.861,6.883,6.856,6.883,62330.0
2023-05-02 03:00:00,6.881,6.896,6.856,6.894,111077.0
2023-05-02 04:00:00,6.893,6.902,6.874,6.876,48409.0
2023-05-02 05:00:00,6.879,6.898,6.878,6.894,35266.0
2023-05-02 06:00:00,6.894,6.905,6.874,6.891,61006.0
2023-05-02 07:00:00,6.89,6.936,6.889,6.925,68246.0
2023-05-02 08:00:00,6.924,6.935,6.908,6.91,68100.0
2023-05-02 09:00:00,6.911,6.914,6.869,6.873,130765.0
2023-05-02 10:00:00,6.872,6.88,6.857,6.866,50889.0
2023-05-02 11:00:00,6.865,6.894,6.864,6.887,48558.0
2023-05-02 12:00:00,6.888,6.904,6.852,6.869,111289.0
2023-05-02 13:00:00,6.869,6.882,6.818,6.832,118272.0
2023-05-02 14:00:00,6.833,6.956,6.8,6.902,408610.0
2023-05-02 15:00:00,6.901,6.958,6.878,6.91,194687.0
2023-05-02 16:00:00,6.91,6.915,6.879,6.885,77619.0
2023-05-02 17:00:00,6.886,6.916,6.876,6.906,38213.0
2023-05-02 18:00:00,6.908,6.964,6.892,6.932,86698.0
2023-05-02 19:00:00,6.935,7.012,6.924,6.994,226596.0
2023-05-02 20:00:00,6.996,7.007,6.967,6.97,110344.0
2023-05-02 21:00:00,6.97,6.999,6.965,6.977,61453.0
2023-05-02 22:00:00,6.976,6.998,6.974,6.986,54717.0
2023-05-02 23:00:00,6.986,6.996,6.971,6.986,69993.0
2023-05-03 00:00:00,6.987,6.988,6.911,6.917,162313.0
2023-05-03 01:00:00,6.92,6.948,6.917,6.944,56417.0
2023-05-03 02:00:00,6.944,6.96,6.891,6.953,126710.0
2023-05-03 03:00:00,6.953,6.977,6.935,6.975,97517.0
2023-05-03 04:00:00,6.975,6.991,6.951,6.966,93838.0
2023-05-03 05:00:00,6.966,6.966,6.943,6.952,37475.0
2023-05-03 06:00:00,6.953,7.003,6.946,6.984,71009.0
2023-05-03 07:00:00,6.983,7.003,6.972,6.975,67993.0
2023-05-03 08:00:00,6.974,6.99,6.944,6.978,72585.0
2023-05-03 09:00:00,6.974,6.979,6.956,6.977,90397.0
2023-05-03 10:00:00,6.975,6.976,6.948,6.95,40230.0
2023-05-03 11:00:00,6.951,6.959,6.906,6.906,94341.0
2023-05-03 12:00:00,6.908,6.919,6.825,6.835,514485.0
2023-05-03 13:00:00,6.835,6.886,6.818,6.873,192354.0
2023-05-03 14:00:00,6.874,6.877,6.831,6.843,120313.0
2023-05-03 15:00:00,6.842,6.873,6.819,6.869,98800.0
2023-05-03 16:00:00,6.868,6.9,6.852,6.897,84087.0
2023-05-03 17:00:00,6.899,6.952,6.855,6.921,239167.0
2023-05-03 18:00:00,6.921,7.068,6.909,7.056,703127.0
2023-05-03 19:00:00,7.057,7.089,6.987,6.993,335238.0
2023-05-03 20:00:00,6.992,7.054,6.978,7.047,163504.0
2023-05-03 21:00:00,7.046,7.125,7.033,7.092,203941.0
2023-05-03 22:00:00,7.092,7.15,7.092,7.136,138047.0
2023-05-03 23:00:00,7.136,7.143,7.097,7.129,112988.0
2023-05-04 00:00:00,7.129,7.147,7.106,7.13,179809.0
2023-05-04 01:00:00,7.131,7.147,7.122,7.145,91644.0
2023-05-04 02:00:00,7.145,7.16,7.123,7.14,84996.0
2023-05-04 03:00:00,7.141,7.144,7.093,7.112,53150.0
2023-05-04 04:00:00,7.111,7.126,7.107,7.122,41481.0
2023-05-04 05:00:00,7.12,7.135,7.104,7.128,60542.0
2023-05-04 06:00:00,7.131,7.137,7.094,7.11,45881.0
2023-05-04 07:00:00,7.109,7.109,7.068,7.069,83798.0
2023-05-04 08:00:00,7.069,7.084,7.059,7.073,54116.0
2023-05-04 09:00:00,7.072,7.081,7.05,7.079,111586.0
2023-05-04 10:00:00,7.079,7.124,7.074,7.096,149964.0
2023-05-04 11:00:00,7.099,7.103,7.059,7.064,48666.0
2023-05-04 12:00:00,7.064,7.084,7.028,7.044,107226.0
2023-05-04 13:00:00,7.044,7.054,6.988,7.011,245790.0
2023-05-04 14:00:00,7.01,7.034,7.001,7.008,95648.0
2023-05-04 15:00:00,7.008,7.048,7.007,7.031,83308.0
2023-05-04 16:00:00,7.03,7.042,7.005,7.032,65130.0
2023-05-04 17:00:00,7.032,7.032,6.988,7.009,78274.0
2023-05-04 18:00:00,7.009,7.013,6.968,6.98,94168.0
2023-05-04 19:00:00,6.981,6.986,6.957,6.984,95812.0
2023-05-04 20:00:00,6.986,6.999,6.969,6.979,46107.0
2023-05-04 21:00:00,6.979,6.992,6.96,6.98,58687.0
2023-05-04 22:00:00,6.98,6.983,6.963,6.97,52234.0
2023-05-04 23:00:00,6.97,6.999,6.968,6.997,45741.0
2023-05-05 00:00:00,6.997,7.015,6.99,7.008,51279.0
2023-05-05 01:00:00,7.01,7.103,6.99,7.079,225654.0
2023-05-05 02:00:00,7.079,7.113,7.05,7.077,128473.0
2023-05-05 03:00:00,7.077,7.097,7.052,7.063,71056.0
2023-05-05 04:00:00,7.063,7.078,7.059,7.073,47786.0
2023-05-05 05:00:00,7.072,7.072,7.041,7.05,47956.0
2023-05-05 06:00:00,7.05,7.077,7.05,7.064,28475.0
2023-05-05 07:00:00,7.067,7.09,7.043,7.046,59059.0
2023-05-05 08:00:00,7.046,7.066,7.036,7.039,57800.0
2023-05-05 09:00:00,7.038,7.054,7.025,7.036,78542.0
2023-05-05 10:00:00,7.036,7.044,7.02,7.039,27022.0
2023-05-05 11:00:00,7.039,7.06,7.019,7.049,68141.0
2023-05-05 12:00:00,7.049,7.062,6.825,6.986,727928.0
2023-05-05 13:00:00,6.985,7.077,6.959,7.068,205430.0
2023-05-05 14:00:00,7.071,7.15,7.07,7.121,210896.0
2023-05-05 15:00:00,7.12,7.149,7.096,7.142,160438.0
2023-05-05 16:00:00,7.141,7.26,7.14,7.219,487159.0
2023-05-05 17:00:00,7.22,7.229,7.194,7.215,95522.0
2023-05-05 18:00:00,7.216,7.246,7.186,7.224,154606.0
2023-05-05 19:00:00,7.224,7.258,7.213,7.249,92059.0
2023-05-05 20:00:00,7.251,7.277,7.239,7.249,104260.0
2023-05-05 21:00:00,7.249,7.271,7.237,7.237,52316.0
2023-05-05 22:00:00,7.238,7.251,7.228,7.23,51331.0
2023-05-05 23:00:00,7.229,7.244,7.219,7.227,40241.0
2023-05-06 00:00:00,7.227,7.28,7.212,7.245,137705.0
2023-05-06 01:00:00,7.244,7.249,7.159,7.171,136966.0
2023-05-06 02:00:00,7.17,7.173,7.158,7.167,34034.0
2023-05-06 03:00:00,7.167,7.168,7.146,7.163,82858.0
2023-05-06 04:00:00,7.16,7.186,7.143,7.146,81906.0
2023-05-06 05:00:00,7.147,7.166,7.141,7.149,46180.0
2023-05-06 06:00:00,7.151,7.172,7.123,7.142,150782.0
2023-05-06 07:00:00,7.143,7.148,7.097,7.108,144357.0
2023-05-06 08:00:00,7.11,7.11,7.014,7.064,406311.0
2023-05-06 09:00:00,7.064,7.079,7.052,7.065,77276.0
2023-05-06 10:00:00,7.064,7.077,7.049,7.057,75123.0
2023-05-06 11:00:00,7.058,7.088,7.053,7.087,61598.0
2023-05-06 12:00:00,7.087,7.087,6.997,7.021,229836.0
2023-05-06 13:00:00,7.02,7.02,6.953,6.979,244370.0
2023-05-06 14:00:00,6.978,6.978,6.887,6.915,388815.0
2023-05-06 15:00:00,6.916,6.933,6.863,6.906,168613.0
2023-05-06 16:00:00,6.906,6.928,6.893,6.926,74004.0
2023-05-06 17:00:00,6.927,6.935,6.907,6.922,63998.0
2023-05-06 18:00:00,6.922,6.977,6.915,6.976,134837.0
2023-05-06 19:00:00,6.976,6.995,6.961,6.962,62006.0
2023-05-06 20:00:00,6.962,6.979,6.95,6.952,28749.0
2023-05-06 21:00:00,6.952,6.965,6.909,6.944,50743.0
2023-05-06 22:00:00,6.944,6.946,6.929,6.934,44051.0
2023-05-06 23:00:00,6.935,6.939,6.911,6.921,59732.0
2023-05-07 00:00:00,6.922,6.952,6.909,6.945,121817.0
2023-05-07 01:00:00,6.946,6.98,6.903,6.917,182845.0
2023-05-07 02:00:00,6.92,6.934,6.876,6.882,147421.0
2023-05-07 03:00:00,6.882,6.9,6.876,6.888,61114.0
2023-05-07 04:00:00,6.888,6.921,6.888,6.912,68160.0
2023-05-07 05:00:00,6.913,6.925,6.898,6.912,60466.0
2023-05-07 06:00:00,6.912,6.919,6.903,6.915,32776.0
2023-05-07 07:00:00,6.914,6.931,6.906,6.919,32052.0
2023-05-07 08:00:00,6.92,6.939,6.911,6.918,60510.0
2023-05-07 09:00:00,6.921,6.941,6.899,6.917,112735.0
2023-05-07 10:00:00,6.917,6.939,6.908,6.938,45343.0
2023-05-07 11:00:00,6.938,6.951,6.916,6.93,90644.0
2023-05-07 12:00:00,6.93,6.951,6.929,6.942,34282.0
2023-05-07 13:00:00,6.942,6.967,6.936,6.945,75474.0
2023-05-07 14:00:00,6.945,6.99,6.93,6.974,88226.0
2023-05-07 15:00:00,6.972,6.972,6.937,6.939,84614.0
2023-05-07 16:00:00,6.94,6.949,6.906,6.938,94136.0
2023-05-07 17:00:00,6.938,6.961,6.922,6.931,41632.0
2023-05-07 18:00:00,6.932,6.949,6.923,6.924,27143.0
2023-05-07 19:00:00,6.924,6.926,6.897,6.918,55404.0
2023-05-07 20:00:00,6.918,6.966,6.918,6.964,74944.0
2023-05-07 21:00:00,6.963,6.966,6.911,6.915,68572.0
2023-05-07 22:00:00,6.916,6.945,6.893,6.935,73124.0
2023-05-07 23:00:00,6.933,6.977,6.858,6.908,459659.0
2023-05-08 00:00:00,6.908,6.911,6.837,6.908,341901.0
2023-05-08 01:00:00,6.908,6.913,6.578,6.679,1263174.0
2023-05-08 02:00:00,6.679,6.711,6.651,6.71,258810.0
2023-05-08 03:00:00,6.71,6.736,6.686,6.728,167704.0
2023-05-08 04:00:00,6.729,6.741,6.685,6.69,135825.0
2023-05-08 05:00:00,6.69,6.726,6.683,6.713,84129.0
2023-05-08 06:00:00,6.713,6.715,6.659,6.666,93760.0
2023-05-08 07:00:00,6.666,6.679,6.586,6.628,331060.0
2023-05-08 08:00:00,6.628,6.668,6.612,6.638,215303.0
2023-05-08 09:00:00,6.637,6.693,6.633,6.69,78849.0
2023-05-08 10:00:00,6.691,6.721,6.683,6.715,103606.0
2023-05-08 11:00:00,6.715,6.74,6.712,6.723,53689.0
2023-05-08 12:00:00,6.724,6.74,6.708,6.719,69217.0
2023-05-08 13:00:00,6.72,6.762,6.699,6.7,90565.0
2023-05-08 14:00:00,6.7,6.733,6.666,6.724,133951.0
2023-05-08 15:00:00,6.726,6.748,6.714,6.718,119323.0
2023-05-08 16:00:00,6.719,6.727,6.662,6.673,78490.0
2023-05-08 17:00:00,6.676,6.682,6.51,6.511,544177.0
2023-05-08 18:00:00,6.511,6.563,6.371,6.521,1349373.0
2023-05-08 19:00:00,6.523,6.579,6.508,6.537,283763.0
2023-05-08 20:00:00,6.536,6.585,6.53,6.576,132023.0
2023-05-08 21:00:00,6.575,6.612,6.547,6.576,86009.0
2023-05-08 22:00:00,6.576,6.592,6.558,6.591,68889.0
2023-05-08 23:00:00,6.59,6.595,6.556,6.581,69699.0
2023-05-09 00:00:00,6.582,6.605,6.566,6.586,86225.0
2023-05-09 01:00:00,6.586,6.633,6.575,6.605,137501.0
2023-05-09 02:00:00,6.606,6.607,6.553,6.572,67484.0
2023-05-09 03:00:00,6.572,6.573,6.546,6.546,43515.0
2023-05-09 04:00:00,6.546,6.572,6.54,6.556,60263.0
2023-05-09 05:00:00,6.555,6.594,6.54,6.565,134852.0
2023-05-09 06:00:00,6.565,6.567,6.53,6.533,98112.0
2023-05-09 07:00:00,6.532,6.601,6.525,6.599,153564.0
2023-05-09 08:00:00,6.6,6.6,6.553,6.558,130212.0
2023-05-09 09:00:00,6.557,6.562,6.533,6.545,88144.0
2023-05-09 10:00:00,6.545,6.577,6.537,6.566,82407.0
2023-05-09 11:00:00,6.566,6.582,6.538,6.573,84727.0
2023-05-09 12:00:00,6.574,6.598,6.566,6.587,71313.0
2023-05-09 13:00:00,6.587,6.601,6.542,6.566,92840.0
2023-05-09 14:00:00,6.567,6.569,6.516,6.527,189878.0
2023-05-09 15:00:00,6.527,6.54,6.456,6.477,264532.0
2023-05-09 16:00:00,6.477,6.551,6.454,6.55,167804.0
2023-05-09 17:00:00,6.55,6.563,6.508,6.516,94102.0
2023-05-09 18:00:00,6.517,6.529,6.487,6.506,79374.0
2023-05-09 19:00:00,6.505,6.522,6.5,6.52,85397.0
2023-05-09 20:00:00,6.523,6.548,6.484,6.496,69214.0
2023-05-09 21:00:00,6.495,6.515,6.49,6.495,26261.0
2023-05-09 22:00:00,6.497,6.508,6.481,6.502,56700.0
2023-05-09 23:00:00,6.501,6.529,6.501,6.52,33468.0
2023-05-10 00:00:00,6.521,6.547,6.507,6.526,96923.0
2023-05-10 01:00:00,6.525,6.558,6.517,6.525,101419.0
2023-05-10 02:00:00,6.525,6.532,6.503,6.505,68073.0
2023-05-10 03:00:00,6.506,6.516,6.497,6.507,37367.0
2023-05-10 04:00:00,6.505,6.523,6.498,6.521,42616.0
2023-05-10 05:00:00,6.522,6.536,6.514,6.518,41266.0
2023-05-10 06:00:00,6.52,6.52,6.486,6.505,57549.0
2023-05-10 07:00:00,6.506,6.525,6.492,6.501,46485.0
2023-05-10 08:00:00,6.5,6.506,6.466,6.489,102591.0
2023-05-10 09:00:00,6.488,6.553,6.465,6.541,89501.0
2023-05-10 10:00:00,6.539,6.54,6.51,6.527,101395.0
2023-05-10 11:00:00,6.528,6.545,6.516,6.539,37431.0
2023-05-10 12:00:00,6.538,6.674,6.508,6.653,561352.0
2023-05-10 13:00:00,6.654,6.696,6.617,6.642,199510.0
2023-05-10 14:00:00,6.643,6.656,6.594,6.602,158230.0
2023-05-10 15:00:00,6.603,6.641,6.582,6.614,91120.0
2023-05-10 16:00:00,6.614,6.639,6.613,6.616,100837.0
2023-05-10 17:00:00,6.617,6.625,6.283,6.485,1768424.0
2023-05-10 18:00:00,6.484,6.52,6.461,6.513,194696.0
2023-05-10 19:00:00,6.513,6.612,6.51,6.572,491579.0
2023-05-10 20:00:00,6.574,6.644,6.568,6.627,384412.0
2023-05-10 21:00:00,6.627,6.634,6.552,6.574,161380.0
2023-05-10 22:00:00,6.574,6.605,6.565,6.601,71081.0
2023-05-10 23:00:00,6.601,6.616,6.579,6.587,59133.0
2023-05-11 00:00:00,6.587,6.592,6.517,6.538,164446.0
2023-05-11 01:00:00,6.535,6.562,6.527,6.541,106138.0
2023-05-11 02:00:00,6.542,6.548,6.516,6.543,78319.0
2023-05-11 03:00:00,6.543,6.543,6.494,6.509,114081.0
2023-05-11 04:00:00,6.509,6.537,6.504,6.534,75354.0
2023-05-11 05:00:00,6.533,6.544,6.508,6.542,68325.0
2023-05-11 06:00:00,6.541,6.546,6.482,6.5,149935.0
2023-05-11 07:00:00,6.501,6.525,6.493,6.503,66115.0
2023-05-11 08:00:00,6.503,6.503,6.423,6.441,283084.0
2023-05-11 09:00:00,6.44,6.476,6.437,6.47,57627.0
2023-05-11 10:00:00,6.468,6.48,6.455,6.462,49469.0
2023-05-11 11:00:00,6.461,6.475,6.444,6.453,60879.0
2023-05-11 12:00:00,6.455,6.519,6.413,6.422,315825.0
2023-05-11 13:00:00,6.423,6.443,6.324,6.373,442347.0
2023-05-11 14:00:00,6.373,6.385,6.275,6.34,452087.0
2023-05-11 15:00:00,6.34,6.381,6.316,6.372,162103.0
2023-05-11 16:00:00,6.371,6.387,6.332,6.339,156243.0
2023-05-11 17:00:00,6.339,6.347,6.206,6.295,586227.0
2023-05-11 18:00:00,6.293,6.32,6.249,6.309,189300.0
2023-05-11 19:00:00,6.308,6.335,6.265,6.31,147638.0
2023-05-11 20:00:00,6.313,6.354,6.305,6.346,123908.0
2023-05-11 21:00:00,6.346,6.366,6.342,6.355,45127.0
2023-05-11 22:00:00,6.356,6.383,6.337,6.344,91040.0
2023-05-11 23:00:00,6.345,6.381,6.322,6.359,58685.0
2023-05-12 00:00:00,6.36,6.394,6.347,6.393,59264.0
2023-05-12 01:00:00,6.393,6.396,6.329,6.336,85724.0
2023-05-12 02:00:00,6.335,6.346,6.249,6.283,215349.0
2023-05-12 03:00:00,6.283,6.3,6.245,6.26,123155.0
2023-05-12 04:00:00,6.261,6.325,6.238,6.321,152726.0
2023-05-12 05:00:00,6.322,6.336,6.225,6.269,254473.0
2023-05-12 06:00:00,6.269,6.346,6.246,6.346,137133.0
2023-05-12 07:00:00,6.345,6.387,6.328,6.377,116946.0
2023-05-12 08:00:00,6.377,6.418,6.363,6.417,124066.0
2023-05-12 09:00:00,6.416,6.458,6.406,6.421,165560.0
2023-05-12 10:00:00,6.421,6.437,6.41,6.426,103454.0
2023-05-12 11:00:00,6.424,6.433,6.4,6.409,62014.0
2023-05-12 12:00:00,6.409,6.47,6.405,6.446,130735.0
2023-05-12 13:00:00,6.447,6.461,6.427,6.441,61109.0
2023-05-12 14:00:00,6.438,6.481,6.402,6.413,164331.0
2023-05-12 15:00:00,6.415,6.433,6.391,6.404,74088.0
2023-05-12 16:00:00,6.402,6.458,6.377,6.424,118828.0
2023-05-12 17:00:00,6.424,6.455,6.416,6.417,65853.0
2023-05-12 18:00:00,6.416,6.441,6.415,6.433,65438.0
2023-05-12 19:00:00,6.431,6.495,6.321,6.481,603883.0
2023-05-12 20:00:00,6.479,6.5,6.459,6.494,203899.0
2023-05-12 21:00:00,6.493,6.578,6.493,6.573,291966.0
2023-05-12 22:00:00,6.57,6.638,6.567,6.616,161046.0
2023-05-12 23:00:00,6.615,6.635,6.607,6.62,91069.0
2023-05-13 00:00:00,6.623,6.635,6.558,6.599,129329.0
2023-05-13 01:00:00,6.6,6.628,6.585,6.593,80289.0
2023-05-13 02:00:00,6.593,6.623,6.589,6.602,29311.0
2023-05-13 03:00:00,6.605,6.625,6.597,6.597,60544.0
2023-05-13 04:00:00,6.596,6.608,6.584,6.587,49079.0
2023-05-13 05:00:00,6.586,6.611,6.584,6.587,66081.0
2023-05-13 06:00:00,6.588,6.596,6.572,6.573,41147.0
2023-05-13 07:00:00,6.573,6.61,6.569,6.599,54031.0
2023-05-13 08:00:00,6.603,6.612,6.585,6.593,45524.0
2023-05-13 09:00:00,6.594,6.599,6.581,6.59,38412.0
2023-05-13 10:00:00,6.59,6.595,6.56,6.57,75004.0
2023-05-13 11:00:00,6.571,6.576,6.545,6.55,66048.0
2023-05-13 12:00:00,6.552,6.587,6.544,6.558,73837.0
2023-05-13 13:00:00,6.558,6.567,6.516,6.526,73516.0
2023-05-13 14:00:00,6.526,6.536,6.497,6.515,70963.0
2023-05-13 15:00:00,6.517,6.538,6.505,6.534,30067.0
2023-05-13 16:00:00,6.535,6.538,6.519,6.524,42773.0
2023-05-13 17:00:00,6.524,6.537,6.499,6.514,88721.0
2023-05-13 18:00:00,6.515,6.55,6.485,6.497,118774.0
2023-05-13 19:00:00,6.498,6.529,6.476,6.504,97170.0
2023-05-13 20:00:00,6.503,6.52,6.501,6.52,38340.0
2023-05-13 21:00:00,6.519,6.526,6.493,6.497,35691.0
2023-05-13 22:00:00,6.497,6.52,6.497,6.52,33334.0
2023-05-13 23:00:00,6.521,6.525,6.483,6.49,63945.0
2023-05-14 00:00:00,6.492,6.503,6.439,6.48,186026.0
2023-05-14 01:00:00,6.482,6.484,6.441,6.471,71460.0
2023-05-14 02:00:00,6.472,6.494,6.465,6.491,24853.0
2023-05-14 03:00:00,6.49,6.527,6.483,6.51,84019.0
2023-05-14 04:00:00,6.511,6.521,6.501,6.516,44133.0
2023-05-14 05:00:00,6.515,6.53,6.513,6.519,39643.0
2023-05-14 06:00:00,6.518,6.545,6.517,6.53,76150.0
2023-05-14 07:00:00,6.531,6.546,6.525,6.525,63139.0
2023-05-14 08:00:00,6.525,6.536,6.513,6.527,37209.0
2023-05-14 09:00:00,6.528,6.543,6.517,6.531,74866.0
2023-05-14 10:00:00,6.529,6.539,6.522,6.535,48574.0
2023-05-14 11:00:00,6.534,6.54,6.524,6.535,17834.0
2023-05-14 12:00:00,6.534,6.553,6.508,6.55,76711.0
2023-05-14 13:00:00,6.551,6.581,6.535,6.575,71183.0
2023-05-14 14:00:00,6.574,6.581,6.559,6.575,51409.0
2023-05-14 15:00:00,6.574,6.613,6.573,6.591,128444.0
2023-05-14 16:00:00,6.591,6.606,6.556,6.562,73088.0
2023-05-14 17:00:00,6.558,6.565,6.542,6.552,31860.0
2023-05-14 18:00:00,6.55,6.551,6.51,6.53,52888.0
2023-05-14 19:00:00,6.528,6.528,6.491,6.506,68266.0
2023-05-14 20:00:00,6.502,6.504,6.486,6.502,38107.0
2023-05-14 21:00:00,6.503,6.528,6.492,6.528,34376.0
2023-05-14 22:00:00,6.527,6.544,6.515,6.533,34203.0
2023-05-14 23:00:00,6.533,6.551,6.517,6.548,37704.0
2023-05-15 00:00:00,6.547,6.557,6.454,6.478,559361.0
2023-05-15 01:00:00,6.477,6.645,6.471,6.632,311222.0
2023-05-15 02:00:00,6.632,6.646,6.604,6.606,126058.0
2023-05-15 03:00:00,6.606,6.637,6.606,6.625,63203.0
2023-05-15 04:00:00,6.626,6.644,6.617,6.629,56680.0
2023-05-15 05:00:00,6.63,6.682,6.607,6.668,267957.0
2023-05-15 06:00:00,6.667,6.708,6.648,6.694,157821.0
2023-05-15 07:00:00,6.693,6.694,6.666,6.675,73906.0
2023-05-15 08:00:00,6.676,6.695,6.663,6.695,93881.0
2023-05-15 09:00:00,6.692,6.703,6.66,6.673,60892.0
2023-05-15 10:00:00,6.673,6.674,6.653,6.665,71041.0
2023-05-15 11:00:00,6.665,6.678,6.634,6.637,119272.0
2023-05-15 12:00:00,6.637,6.656,6.631,6.652,68429.0
2023-05-15 13:00:00,6.652,6.664,6.622,6.634,61905.0
2023-05-15 14:00:00,6.635,6.673,6.593,6.649,144891.0
2023-05-15 15:00:00,6.648,6.665,6.636,6.658,60214.0
2023-05-15 16:00:00,6.658,6.68,6.621,6.68,159626.0
2023-05-15 17:00:00,6.679,6.702,6.668,6.675,85400.0
2023-05-15 18:00:00,6.674,6.681,6.645,6.651,75899.0
2023-05-15 19:00:00,6.652,6.682,6.628,6.68,108901.0
2023-05-15 20:00:00,6.681,6.681,6.658,6.665,37624.0
2023-05-15 21:00:00,6.664,6.676,6.657,6.663,74698.0
2023-05-15 22:00:00,6.664,6.671,6.637,6.657,68217.0
2023-05-15 23:00:00,6.657,6.664,6.608,6.633,155299.0
2023-05-16 00:00:00,6.634,6.67,6.592,6.622,218318.0
2023-05-16 01:00:00,6.622,6.633,6.551,6.59,561913.0
2023-05-16 02:00:00,6.589,6.616,6.579,6.615,179550.0
2023-05-16 03:00:00,6.615,6.626,6.611,6.624,58772.0
2023-05-16 04:00:00,6.626,6.641,6.62,6.64,60590.0
2023-05-16 05:00:00,6.641,6.651,6.625,6.634,95247.0
2023-05-16 06:00:00,6.633,6.697,6.613,6.691,142714.0
2023-05-16 07:00:00,6.691,6.708,6.669,6.692,147423.0
2023-05-16 08:00:00,6.692,6.727,6.675,6.696,116350.0
2023-05-16 09:00:00,6.695,6.715,6.686,6.695,90254.0
2023-05-16 10:00:00,6.697,6.704,6.651,6.655,103214.0
2023-05-16 11:00:00,6.655,6.675,6.647,6.649,70150.0
2023-05-16 12:00:00,6.65,6.678,6.62,6.655,220902.0
2023-05-16 13:00:00,6.655,6.661,6.605,6.607,124362.0
2023-05-16 14:00:00,6.606,6.635,6.563,6.629,374015.0
2023-05-16 15:00:00,6.629,6.656,6.627,6.651,111227.0
2023-05-16 16:00:00,6.65,6.689,6.644,6.679,160806.0
2023-05-16 17:00:00,6.68,6.691,6.645,6.671,192521.0
2023-05-16 18:00:00,6.67,6.684,6.642,6.666,87640.0
2023-05-16 19:00:00,6.666,6.676,6.615,6.616,98333.0
2023-05-16 20:00:00,6.617,6.647,6.597,6.634,98641.0
2023-05-16 21:00:00,6.635,6.673,6.628,6.662,100705.0
2023-05-16 22:00:00,6.663,6.673,6.641,6.645,86707.0
2023-05-16 23:00:00,6.646,6.668,6.624,6.66,100599.0
2023-05-17 00:00:00,6.66,6.668,6.621,6.66,161852.0
2023-05-17 01:00:00,6.659,6.736,6.659,6.718,211805.0
2023-05-17 02:00:00,6.718,6.728,6.675,6.676,144916.0
2023-05-17 03:00:00,6.676,6.699,6.673,6.691,125249.0
2023-05-17 04:00:00,6.69,6.726,6.687,6.704,84614.0
2023-05-17 05:00:00,6.704,6.704,6.637,6.638,111833.0
2023-05-17 06:00:00,6.638,6.647,6.609,6.631,145056.0
2023-05-17 07:00:00,6.631,6.64,6.57,6.587,234231.0
2023-05-17 08:00:00,6.586,6.597,6.566,6.578,150758.0
2023-05-17 09:00:00,6.577,6.611,6.568,6.605,125959.0
2023-05-17 10:00:00,6.605,6.612,6.588,6.604,77998.0
2023-05-17 11:00:00,6.603,6.606,6.553,6.562,186613.0
2023-05-17 12:00:00,6.562,6.616,6.556,6.607,154635.0
2023-05-17 13:00:00,6.607,6.637,6.596,6.607,134808.0
2023-05-17 14:00:00,6.608,6.638,6.564,6.611,234094.0
2023-05-17 15:00:00,6.612,6.62,6.578,6.599,140069.0
2023-05-17 16:00:00,6.601,6.633,6.577,6.623,195055.0
2023-05-17 17:00:00,6.623,6.694,6.621,6.686,170122.0
2023-05-17 18:00:00,6.685,6.765,6.685,6.733,251149.0
2023-05-17 19:00:00,6.731,6.804,6.731,6.776,356003.0
2023-05-17 20:00:00,6.776,6.805,6.725,6.725,335121.0
2023-05-17 21:00:00,6.726,6.761,6.714,6.758,78570.0
2023-05-17 22:00:00,6.756,6.76,6.73,6.745,103043.0
2023-05-17 23:00:00,6.745,6.766,6.745,6.756,76055.0
2023-05-18 00:00:00,6.757,6.761,6.731,6.753,126154.0
2023-05-18 01:00:00,6.754,6.763,6.721,6.736,97873.0
2023-05-18 02:00:00,6.739,6.759,6.732,6.746,68371.0
2023-05-18 03:00:00,6.747,6.764,6.745,6.755,38114.0
2023-05-18 04:00:00,6.755,6.756,6.728,6.732,46022.0
2023-05-18 05:00:00,6.733,6.735,6.706,6.709,63282.0
2023-05-18 06:00:00,6.71,6.714,6.683,6.687,130157.0
2023-05-18 07:00:00,6.688,6.742,6.683,6.728,117087.0
2023-05-18 08:00:00,6.728,6.738,6.715,6.718,67415.0
2023-05-18 09:00:00,6.718,6.727,6.698,6.708,62867.0
2023-05-18 10:00:00,6.707,6.735,6.702,6.708,54622.0
2023-05-18 11:00:00,6.708,6.709,6.675,6.692,61136.0
2023-05-18 12:00:00,6.692,6.698,6.656,6.668,181897.0
2023-05-18 13:00:00,6.667,6.692,6.652,6.676,132325.0
2023-05-18 14:00:00,6.676,6.695,6.609,6.654,229041.0
2023-05-18 15:00:00,6.655,6.669,6.623,6.639,97947.0
2023-05-18 16:00:00,6.639,6.656,6.612,6.64,124815.0
2023-05-18 17:00:00,6.64,6.647,6.483,6.524,521103.0
2023-05-18 18:00:00,6.524,6.535,6.427,6.444,501093.0
2023-05-18 19:00:00,6.444,6.521,6.439,6.493,195213.0
2023-05-18 20:00:00,6.491,6.497,6.46,6.486,101949.0
2023-05-18 21:00:00,6.487,6.563,6.487,6.541,114994.0
2023-05-18 22:00:00,6.542,6.555,6.532,6.549,106527.0
2023-05-18 23:00:00,6.549,6.549,6.525,6.528,110255.0
2023-05-19 00:00:00,6.529,6.532,6.483,6.512,145022.0
2023-05-19 01:00:00,6.513,6.514,6.483,6.493,121485.0
2023-05-19 02:00:00,6.494,6.502,6.481,6.495,88583.0
2023-05-19 03:00:00,6.495,6.521,6.488,6.503,90518.0
2023-05-19 04:00:00,6.502,6.506,6.479,6.5,86369.0
2023-05-19 05:00:00,6.499,6.506,6.474,6.494,89789.0
2023-05-19 06:00:00,6.494,6.523,6.49,6.517,106542.0
2023-05-19 07:00:00,6.516,6.533,6.505,6.528,90780.0
2023-05-19 08:00:00,6.528,6.528,6.495,6.499,106489.0
2023-05-19 09:00:00,6.499,6.52,6.495,6.52,59806.0
2023-05-19 10:00:00,6.519,6.519,6.491,6.496,47492.0
2023-05-19 11:00:00,6.497,6.512,6.491,6.512,80065.0
2023-05-19 12:00:00,6.508,6.533,6.504,6.518,136961.0
2023-05-19 13:00:00,6.517,6.524,6.491,6.497,92600.0
2023-05-19 14:00:00,6.497,6.504,6.478,6.494,113966.0
2023-05-19 15:00:00,6.495,6.558,6.453,6.511,400250.0
2023-05-19 16:00:00,6.511,6.517,6.479,6.492,95512.0
2023-05-19 17:00:00,6.492,6.53,6.485,6.517,99964.0
2023-05-19 18:00:00,6.518,6.527,6.487,6.489,91523.0
2023-05-19 19:00:00,6.488,6.496,6.459,6.494,74289.0
2023-05-19 20:00:00,6.494,6.509,6.484,6.503,46140.0
2023-05-19 21:00:00,6.502,6.515,6.499,6.513,49849.0
2023-05-19 22:00:00,6.512,6.519,6.506,6.513,34154.0
2023-05-19 23:00:00,6.517,6.52,6.502,6.511,47218.0
2023-05-20 00:00:00,6.511,6.517,6.47,6.485,105683.0
2023-05-20 01:00:00,6.485,6.501,6.477,6.496,58847.0
2023-05-20 02:00:00,6.497,6.504,6.481,6.494,40118.0
2023-05-20 03:00:00,6.494,6.51,6.494,6.503,75417.0
2023-05-20 04:00:00,6.503,6.503,6.489,6.499,42120.0
2023-05-20 05:00:00,6.5,6.501,6.482,6.49,76739.0
2023-05-20 06:00:00,6.489,6.489,6.47,6.478,49982.0
2023-05-20 07:00:00,6.479,6.493,6.478,6.485,20889.0
2023-05-20 08:00:00,6.486,6.497,6.486,6.494,35330.0
2023-05-20 09:00:00,6.495,6.497,6.486,6.491,15423.0
2023-05-20 10:00:00,6.49,6.5,6.488,6.49,32841.0
2023-05-20 11:00:00,6.49,6.5,6.487,6.494,30101.0
2023-05-20 12:00:00,6.496,6.505,6.49,6.498,43790.0
2023-05-20 13:00:00,6.498,6.501,6.485,6.492,42173.0
2023-05-20 14:00:00,6.495,6.503,6.484,6.496,41288.0
2023-05-20 15:00:00,6.497,6.507,6.49,6.498,22553.0
2023-05-20 16:00:00,6.499,6.505,6.493,6.502,27923.0
2023-05-20 17:00:00,6.502,6.545,6.495,6.539,112123.0
2023-05-20 18:00:00,6.539,6.542,6.501,6.501,101024.0
2023-05-20 19:00:00,6.501,6.507,6.487,6.503,64906.0
2023-05-20 20:00:00,6.503,6.51,6.489,6.49,25748.0
2023-05-20 21:00:00,6.49,6.5,6.479,6.499,67165.0
2023-05-20 22:00:00,6.5,6.515,6.496,6.512,48837.0
2023-05-20 23:00:00,6.511,6.513,6.502,6.503,38076.0
2023-05-21 00:00:00,6.503,6.542,6.499,6.54,68044.0
2023-05-21 01:00:00,6.54,6.544,6.503,6.508,67514.0
2023-05-21 02:00:00,6.508,6.515,6.499,6.51,43973.0
2023-05-21 03:00:00,6.509,6.515,6.503,6.509,25753.0
2023-05-21 04:00:00,6.508,6.52,6.503,6.517,24094.0
2023-05-21 05:00:00,6.518,6.524,6.514,6.52,24405.0
2023-05-21 06:00:00,6.52,6.523,6.508,6.511,24510.0
2023-05-21 07:00:00,6.511,6.518,6.505,6.508,13627.0
2023-05-21 08:00:00,6.507,6.507,6.488,6.498,26032.0
2023-05-21 09:00:00,6.499,6.506,6.489,6.495,37274.0
2023-05-21 10:00:00,6.496,6.498,6.455,6.466,118433.0
2023-05-21 11:00:00,6.467,6.467,6.435,6.459,105434.0
2023-05-21 12:00:00,6.459,6.475,6.454,6.475,68532.0
2023-05-21 13:00:00,6.474,6.484,6.472,6.482,24480.0
2023-05-21 14:00:00,6.481,6.498,6.466,6.469,60269.0
2023-05-21 15:00:00,6.47,6.484,6.351,6.42,469547.0
2023-05-21 16:00:00,6.42,6.429,6.386,6.402,119006.0
2023-05-21 17:00:00,6.402,6.437,6.398,6.435,90893.0
2023-05-21 18:00:00,6.434,6.438,6.419,6.422,47459.0
2023-05-21 19:00:00,6.422,6.428,6.418,6.426,34790.0
2023-05-21 20:00:00,6.426,6.433,6.396,6.398,41258.0
2023-05-21 21:00:00,6.399,6.41,6.361,6.402,166577.0
2023-05-21 22:00:00,6.402,6.432,6.4,6.428,50129.0
2023-05-21 23:00:00,6.429,6.442,6.425,6.432,51291.0
2023-05-22 00:00:00,6.43,6.437,6.331,6.394,373804.0
2023-05-22 01:00:00,6.394,6.423,6.38,6.406,198410.0
2023-05-22 02:00:00,6.406,6.452,6.395,6.45,131910.0
2023-05-22 03:00:00,6.449,6.483,6.449,6.471,267716.0
2023-05-22 04:00:00,6.47,6.476,6.442,6.443,87907.0
2023-05-22 05:00:00,6.443,6.457,6.436,6.453,102474.0
2023-05-22 06:00:00,6.453,6.48,6.449,6.47,102858.0
2023-05-22 07:00:00,6.469,6.476,6.452,6.473,79287.0
2023-05-22 08:00:00,6.474,6.491,6.47,6.474,145442.0
2023-05-22 09:00:00,6.474,6.563,6.473,6.562,220670.0
2023-05-22 10:00:00,6.562,6.608,6.542,6.55,373732.0
2023-05-22 11:00:00,6.55,6.554,6.522,6.528,112116.0
2023-05-22 12:00:00,6.529,6.567,6.526,6.534,164420.0
2023-05-22 13:00:00,6.533,6.588,6.521,6.551,166585.0
2023-05-22 14:00:00,6.551,6.559,6.503,6.525,173820.0
2023-05-22 15:00:00,6.528,6.534,6.495,6.511,98932.0
2023-05-22 16:00:00,6.512,6.529,6.498,6.519,96412.0
2023-05-22 17:00:00,6.52,6.534,6.49,6.516,118591.0
2023-05-22 18:00:00,6.516,6.541,6.508,6.511,73246.0
2023-05-22 19:00:00,6.512,6.515,6.496,6.513,77144.0
2023-05-22 20:00:00,6.513,6.533,6.503,6.518,70327.0
2023-05-22 21:00:00,6.517,6.539,6.517,6.517,45802.0
2023-05-22 22:00:00,6.517,6.541,6.517,6.534,66047.0
2023-05-22 23:00:00,6.533,6.54,6.521,6.532,62262.0
2023-05-23 00:00:00,6.532,6.544,6.504,6.51,113864.0
2023-05-23 01:00:00,6.511,6.585,6.503,6.562,186154.0
2023-05-23 02:00:00,6.562,6.578,6.548,6.575,88467.0
2023-05-23 03:00:00,6.576,6.634,6.567,6.624,320991.0
2023-05-23 04:00:00,6.624,6.632,6.565,6.586,150874.0
2023-05-23 05:00:00,6.587,6.594,6.562,6.569,143064.0
2023-05-23 06:00:00,6.569,6.587,6.555,6.574,118605.0
2023-05-23 07:00:00,6.574,6.577,6.539,6.55,99678.0
2023-05-23 08:00:00,6.549,6.565,6.527,6.551,108143.0
2023-05-23 09:00:00,6.55,6.551,6.518,6.535,97112.0
2023-05-23 10:00:00,6.535,6.553,6.527,6.544,85973.0
2023-05-23 11:00:00,6.544,6.548,6.527,6.537,71900.0
2023-05-23 12:00:00,6.537,6.546,6.524,6.54,114019.0
2023-05-23 13:00:00,6.539,6.549,6.513,6.524,171106.0
2023-05-23 14:00:00,6.524,6.562,6.523,6.558,111918.0
2023-05-23 15:00:00,6.558,6.56,6.53,6.549,102848.0
2023-05-23 16:00:00,6.549,6.549,6.505,6.512,126170.0
2023-05-23 17:00:00,6.511,6.533,6.507,6.515,94078.0
2023-05-23 18:00:00,6.514,6.518,6.475,6.488,140234.0
2023-05-23 19:00:00,6.488,6.514,6.474,6.511,77166.0
2023-05-23 20:00:00,6.51,6.529,6.504,6.527,86633.0
2023-05-23 21:00:00,6.526,6.527,6.501,6.504,36988.0
2023-05-23 22:00:00,6.504,6.518,6.492,6.513,37985.0
2023-05-23 23:00:00,6.514,6.516,6.503,6.505,40412.0
2023-05-24 00:00:00,6.505,6.51,6.481,6.492,77479.0
2023-05-24 01:00:00,6.493,6.493,6.473,6.485,72636.0
2023-05-24 02:00:00,6.485,6.502,6.476,6.497,60872.0
2023-05-24 03:00:00,6.497,6.498,6.36,6.395,474198.0
2023-05-24 04:00:00,6.395,6.395,6.32,6.36,324003.0
2023-05-24 05:00:00,6.363,6.377,6.354,6.373,74061.0
2023-05-24 06:00:00,6.374,6.375,6.319,6.343,175179.0
2023-05-24 07:00:00,6.342,6.361,6.33,6.337,105321.0
2023-05-24 08:00:00,6.337,6.356,6.329,6.349,100674.0
2023-05-24 09:00:00,6.349,6.376,6.348,6.358,85203.0
2023-05-24 10:00:00,6.357,6.361,6.332,6.342,81917.0
2023-05-24 11:00:00,6.342,6.351,6.329,6.34,89457.0
2023-05-24 12:00:00,6.342,6.352,6.328,6.334,56813.0
2023-05-24 13:00:00,6.333,6.343,6.202,6.261,867418.0
2023-05-24 14:00:00,6.261,6.287,6.204,6.27,349291.0
2023-05-24 15:00:00,6.27,6.302,6.255,6.272,282979.0
2023-05-24 16:00:00,6.271,6.277,6.246,6.269,112001.0
2023-05-24 17:00:00,6.269,6.301,6.26,6.291,92996.0
2023-05-24 18:00:00,6.291,6.306,6.282,6.292,119950.0
2023-05-24 19:00:00,6.292,6.34,6.288,6.323,114941.0
2023-05-24 20:00:00,6.323,6.361,6.312,6.342,205604.0
2023-05-24 21:00:00,6.343,6.358,6.314,6.325,63527.0
2023-05-24 22:00:00,6.326,6.341,6.321,6.329,68390.0
2023-05-24 23:00:00,6.332,6.339,6.318,6.32,42761.0
2023-05-25 00:00:00,6.321,6.339,6.263,6.271,166945.0
2023-05-25 01:00:00,6.272,6.294,6.162,6.244,670845.0
2023-05-25 02:00:00,6.245,6.28,6.239,6.279,107605.0
2023-05-25 03:00:00,6.28,6.284,6.257,6.275,105516.0
2023-05-25 04:00:00,6.275,6.291,6.264,6.28,112830.0
2023-05-25 05:00:00,6.279,6.292,6.27,6.291,40163.0
2023-05-25 06:00:00,6.292,6.304,6.284,6.301,83003.0
2023-05-25 07:00:00,6.302,6.305,6.277,6.293,86335.0
2023-05-25 08:00:00,6.293,6.315,6.292,6.297,74676.0
2023-05-25 09:00:00,6.298,6.307,6.288,6.294,49307.0
2023-05-25 10:00:00,6.294,6.308,6.285,6.3,48135.0
2023-05-25 11:00:00,6.301,6.308,6.28,6.305,40844.0
2023-05-25 12:00:00,6.306,6.348,6.306,6.318,234073.0
2023-05-25 13:00:00,6.318,6.328,6.284,6.303,104454.0
2023-05-25 14:00:00,6.303,6.314,6.282,6.289,101217.0
2023-05-25 15:00:00,6.289,6.307,6.241,6.247,136589.0
2023-05-25 16:00:00,6.246,6.278,6.237,6.268,161550.0
2023-05-25 17:00:00,6.267,6.29,6.251,6.279,104330.0
2023-05-25 18:00:00,6.279,6.299,6.276,6.281,99582.0
2023-05-25 19:00:00,6.282,6.33,6.28,6.307,160255.0
2023-05-25 20:00:00,6.308,6.313,6.276,6.289,93704.0
2023-05-25 21:00:00,6.288,6.289,6.268,6.281,39526.0
2023-05-25 22:00:00,6.28,6.289,6.271,6.282,35569.0
2023-05-25 23:00:00,6.283,6.296,6.268,6.279,62234.0
2023-05-26 00:00:00,6.278,6.278,6.252,6.271,91575.0
2023-05-26 01:00:00,6.27,6.293,6.232,6.243,146938.0
2023-05-26 02:00:00,6.242,6.267,6.235,6.264,47740.0
2023-05-26 03:00:00,6.263,6.288,6.259,6.285,43953.0
2023-05-26 04:00:00,6.285,6.293,6.274,6.288,37979.0
2023-05-26 05:00:00,6.29,6.291,6.263,6.276,41379.0
2023-05-26 06:00:00,6.275,6.285,6.26,6.284,56040.0
2023-05-26 07:00:00,6.283,6.318,6.276,6.311,110862.0
2023-05-26 08:00:00,6.31,6.316,6.291,6.302,84176.0
2023-05-26 09:00:00,6.302,6.32,6.299,6.315,55715.0
2023-05-26 10:00:00,6.315,6.338,6.313,6.329,117893.0
2023-05-26 11:00:00,6.329,6.329,6.305,6.313,119958.0
2023-05-26 12:00:00,6.313,6.331,6.274,6.293,207175.0
2023-05-26 13:00:00,6.293,6.345,6.29,6.313,160886.0
2023-05-26 14:00:00,6.313,6.362,6.313,6.349,198065.0
2023-05-26 15:00:00,6.349,6.381,6.349,6.352,278263.0
2023-05-26 16:00:00,6.352,6.377,6.35,6.366,77620.0
2023-05-26 17:00:00,6.366,6.372,6.322,6.334,103829.0
2023-05-26 18:00:00,6.334,6.359,6.317,6.353,102747.0
2023-05-26 19:00:00,6.354,6.38,6.353,6.372,67921.0
2023-05-26 20:00:00,6.373,6.384,6.364,6.367,44543.0
2023-05-26 21:00:00,6.366,6.371,6.354,6.355,28022.0
2023-05-26 22:00:00,6.355,6.373,6.346,6.349,32357.0
2023-05-26 23:00:00,6.349,6.361,6.343,6.344,24652.0
2023-05-27 00:00:00,6.343,6.369,6.343,6.363,59582.0
2023-05-27 01:00:00,6.364,6.37,6.357,6.36,35309.0
2023-05-27 02:00:00,6.36,6.363,6.336,6.353,57332.0
2023-05-27 03:00:00,6.352,6.362,6.344,6.359,37401.0
2023-05-27 04:00:00,6.359,6.379,6.339,6.371,52418.0
2023-05-27 05:00:00,6.37,6.378,6.348,6.354,78521.0
2023-05-27 06:00:00,6.354,6.371,6.345,6.362,53696.0
2023-05-27 07:00:00,6.364,6.365,6.345,6.356,31525.0
2023-05-27 08:00:00,6.353,6.359,6.341,6.344,65830.0
2023-05-27 09:00:00,6.341,6.369,6.341,6.365,48994.0
2023-05-27 10:00:00,6.365,6.375,6.359,6.369,42272.0
2023-05-27 11:00:00,6.368,6.375,6.355,6.373,40967.0
2023-05-27 12:00:00,6.372,6.393,6.364,6.368,97801.0
2023-05-27 13:00:00,6.369,6.383,6.323,6.344,193976.0
2023-05-27 14:00:00,6.345,6.386,6.34,6.378,80441.0
2023-05-27 15:00:00,6.379,6.4,6.374,6.4,55032.0
2023-05-27 16:00:00,6.4,6.406,6.377,6.395,123980.0
2023-05-27 17:00:00,6.396,6.408,6.384,6.404,44835.0
2023-05-27 18:00:00,6.403,6.415,6.387,6.388,51899.0
2023-05-27 19:00:00,6.389,6.422,6.386,6.422,40215.0
2023-05-27 20:00:00,6.422,6.438,6.419,6.438,35507.0
2023-05-27 21:00:00,6.437,6.44,6.414,6.415,74600.0
2023-05-27 22:00:00,6.416,6.438,6.412,6.427,43513.0
2023-05-27 23:00:00,6.428,6.44,6.418,6.435,64845.0
2023-05-28 00:00:00,6.435,6.505,6.416,6.487,175764.0
2023-05-28 01:00:00,6.487,6.595,6.486,6.568,254945.0
2023-05-28 02:00:00,6.568,6.575,6.512,6.526,101873.0
2023-05-28 03:00:00,6.526,6.538,6.517,6.525,56088.0
2023-05-28 04:00:00,6.526,6.54,6.509,6.511,43270.0
2023-05-28 05:00:00,6.512,6.516,6.493,6.503,42858.0
2023-05-28 06:00:00,6.504,6.521,6.501,6.503,29402.0
2023-05-28 07:00:00,6.504,6.508,6.495,6.496,33576.0
2023-05-28 08:00:00,6.496,6.503,6.457,6.485,89755.0
2023-05-28 09:00:00,6.486,6.49,6.481,6.487,19271.0
2023-05-28 10:00:00,6.487,6.51,6.484,6.5,52863.0
2023-05-28 11:00:00,6.5,6.519,6.476,6.476,48096.0
2023-05-28 12:00:00,6.477,6.496,6.47,6.478,34131.0
2023-05-28 13:00:00,6.479,6.497,6.475,6.493,32320.0
2023-05-28 14:00:00,6.493,6.497,6.481,6.487,31646.0
2023-05-28 15:00:00,6.487,6.512,6.479,6.51,29423.0
2023-05-28 16:00:00,6.506,6.519,6.493,6.509,38457.0
2023-05-28 17:00:00,6.509,6.52,6.492,6.511,37621.0
2023-05-28 18:00:00,6.512,6.557,6.5,6.549,105622.0
2023-05-28 19:00:00,6.55,6.56,6.532,6.545,31129.0
2023-05-28 20:00:00,6.543,6.555,6.541,6.551,37591.0
2023-05-28 21:00:00,6.552,6.561,6.521,6.561,63923.0
2023-05-28 22:00:00,6.562,6.661,6.561,6.643,339397.0
2023-05-28 23:00:00,6.645,6.651,6.623,6.635,100013.0
2023-05-29 00:00:00,6.635,6.66,6.611,6.626,165255.0
2023-05-29 01:00:00,6.626,6.678,6.618,6.647,108550.0
2023-05-29 02:00:00,6.648,6.654,6.605,6.626,103490.0
2023-05-29 03:00:00,6.625,6.635,6.586,6.593,75460.0
2023-05-29 04:00:00,6.594,6.606,6.563,6.597,108764.0
2023-05-29 05:00:00,6.597,6.622,6.592,6.619,62106.0
2023-05-29 06:00:00,6.618,6.624,6.596,6.616,63998.0
2023-05-29 07:00:00,6.615,6.616,6.583,6.606,70650.0
2023-05-29 08:00:00,6.606,6.612,6.593,6.607,34515.0
2023-05-29 09:00:00,6.607,6.628,6.598,6.621,26544.0
2023-05-29 10:00:00,6.621,6.624,6.574,6.597,79749.0
2023-05-29 11:00:00,6.597,6.623,6.583,6.621,40696.0
2023-05-29 12:00:00,6.621,6.624,6.598,6.614,42745.0
2023-05-29 13:00:00,6.614,6.63,6.597,6.617,46417.0
2023-05-29 14:00:00,6.617,6.624,6.558,6.583,132708.0
2023-05-29 15:00:00,6.584,6.605,6.545,6.56,167743.0
2023-05-29 16:00:00,6.559,6.571,6.524,6.558,180399.0
2023-05-29 17:00:00,6.557,6.602,6.542,6.596,94093.0
2023-05-29 18:00:00,6.597,6.617,6.591,6.611,46137.0
2023-05-29 19:00:00,6.611,6.611,6.573,6.591,54524.0
2023-05-29 20:00:00,6.59,6.627,6.585,6.615,60116.0
2023-05-29 21:00:00,6.615,6.628,6.608,6.609,30686.0
2023-05-29 22:00:00,6.608,6.649,6.596,6.644,57630.0
2023-05-29 23:00:00,6.644,6.678,6.629,6.639,106435.0
2023-05-30 00:00:00,6.638,6.668,6.629,6.664,99428.0
2023-05-30 01:00:00,6.664,6.667,6.632,6.645,92318.0
2023-05-30 02:00:00,6.645,6.649,6.622,6.635,65216.0
2023-05-30 03:00:00,6.637,6.673,6.614,6.614,54173.0
2023-05-30 04:00:00,6.615,6.622,6.585,6.587,61845.0
2023-05-30 05:00:00,6.588,6.593,6.555,6.564,73754.0
2023-05-30 06:00:00,6.566,6.591,6.566,6.577,42804.0
2023-05-30 07:00:00,6.578,6.587,6.536,6.538,80924.0
2023-05-30 08:00:00,6.538,6.571,6.536,6.571,72757.0
2023-05-30 09:00:00,6.571,6.601,6.567,6.569,63301.0
2023-05-30 10:00:00,6.569,6.623,6.565,6.606,95737.0
2023-05-30 11:00:00,6.607,6.638,6.597,6.63,63265.0
2023-05-30 12:00:00,6.631,6.635,6.597,6.618,62856.0
2023-05-30 13:00:00,6.617,6.617,6.581,6.582,65021.0
2023-05-30 14:00:00,6.581,6.609,6.539,6.539,121985.0
2023-05-30 15:00:00,6.54,6.588,6.535,6.58,66313.0
2023-05-30 16:00:00,6.579,6.589,6.537,6.577,93246.0
2023-05-30 17:00:00,6.576,6.602,6.556,6.582,48172.0
2023-05-30 18:00:00,6.583,6.608,6.568,6.601,50467.0
2023-05-30 19:00:00,6.6,6.631,6.598,6.628,57149.0
2023-05-30 20:00:00,6.629,6.644,6.621,6.629,61519.0
2023-05-30 21:00:00,6.629,6.66,6.618,6.639,73838.0
2023-05-30 22:00:00,6.639,6.643,6.621,6.627,29705.0
2023-05-30 23:00:00,6.626,6.631,6.606,6.612,52110.0
2023-05-31 00:00:00,6.611,6.636,6.596,6.635,63490.0
2023-05-31 01:00:00,6.634,6.634,6.613,6.616,64978.0
2023-05-31 02:00:00,6.616,6.616,6.547,6.602,161995.0
2023-05-31 03:00:00,6.602,6.608,6.59,6.608,31240.0
2023-05-31 04:00:00,6.608,6.611,6.463,6.478,427208.0
2023-05-31 05:00:00,6.476,6.49,6.431,6.448,293700.0
2023-05-31 06:00:00,6.449,6.481,6.427,6.479,132240.0
2023-05-31 07:00:00,6.479,6.503,6.469,6.483,45496.0
2023-05-31 08:00:00,6.484,6.515,6.479,6.501,164878.0
2023-05-31 09:00:00,6.501,6.505,6.475,6.494,72202.0
2023-05-31 10:00:00,6.492,6.495,6.461,6.478,66305.0
2023-05-31 11:00:00,6.477,6.492,6.46,6.46,45170.0
2023-05-31 12:00:00,6.46,6.478,6.447,6.468,43018.0
2023-05-31 13:00:00,6.468,6.497,6.462,6.462,72555.0
2023-05-31 14:00:00,6.462,6.476,6.393,6.467,483751.0
2023-05-31 15:00:00,6.465,6.472,6.443,6.445,70857.0
2023-05-31 16:00:00,6.445,6.458,6.431,6.452,83400.0
2023-05-31 17:00:00,6.453,6.474,6.445,6.473,54131.0
2023-05-31 18:00:00,6.472,6.478,6.441,6.452,67382.0
2023-05-31 19:00:00,6.453,6.465,6.445,6.452,33239.0
2023-05-31 20:00:00,6.453,6.467,6.448,6.453,24577.0
2023-05-31 21:00:00,6.454,6.455,6.433,6.439,25590.0
2023-05-31 22:00:00,6.439,6.472,6.438,6.468,49458.0
2023-05-31 23:00:00,6.467,6.49,6.461,6.479,60878.0
2023-06-01 00:00:00,6.478,6.513,6.458,6.474,128421.0
2023-06-01 01:00:00,6.474,6.509,6.473,6.496,62664.0
2023-06-01 02:00:00,6.496,6.501,6.393,6.413,318577.0
2023-06-01 03:00:00,6.412,6.445,6.371,6.435,197190.0
2023-06-01 04:00:00,6.435,6.446,6.425,6.43,52077.0
2023-06-01 05:00:00,6.429,6.453,6.426,6.453,30439.0
2023-06-01 06:00:00,6.453,6.461,6.44,6.44,83585.0
2023-06-01 07:00:00,6.441,6.442,6.408,6.411,89049.0
2023-06-01 08:00:00,6.411,6.429,6.397,6.428,82063.0
2023-06-01 09:00:00,6.428,6.441,6.425,6.425,47757.0
2023-06-01 10:00:00,6.425,6.428,6.403,6.411,77332.0
2023-06-01 11:00:00,6.41,6.413,6.393,6.4,130367.0
2023-06-01 12:00:00,6.4,6.422,6.388,6.416,102612.0
2023-06-01 13:00:00,6.417,6.419,6.382,6.393,88363.0
2023-06-01 14:00:00,6.394,6.424,6.393,6.414,114809.0
2023-06-01 15:00:00,6.414,6.422,6.398,6.405,56228.0
2023-06-01 16:00:00,6.409,6.456,6.391,6.442,122542.0
2023-06-01 17:00:00,6.443,6.452,6.41,6.411,103458.0
2023-06-01 18:00:00,6.411,6.412,6.391,6.398,57656.0
2023-06-01 19:00:00,6.4,6.405,6.331,6.385,356231.0
2023-06-01 20:00:00,6.385,6.402,6.367,6.373,59083.0
2023-06-01 21:00:00,6.376,6.398,6.371,6.373,52682.0
2023-06-01 22:00:00,6.373,6.374,6.361,6.366,49409.0
2023-06-01 23:00:00,6.366,6.366,6.314,6.345,183701.0
2023-06-02 00:00:00,6.346,6.374,6.301,6.374,241790.0
2023-06-02 01:00:00,6.374,6.402,6.347,6.384,74974.0
2023-06-02 02:00:00,6.384,6.43,6.383,6.424,73407.0
2023-06-02 03:00:00,6.426,6.449,6.423,6.447,61398.0
2023-06-02 04:00:00,6.448,6.469,6.434,6.461,87758.0
2023-06-02 05:00:00,6.461,6.482,6.454,6.455,65048.0
2023-06-02 06:00:00,6.456,6.459,6.421,6.422,66510.0
2023-06-02 07:00:00,6.423,6.43,6.417,6.42,36268.0
2023-06-02 08:00:00,6.42,6.436,6.411,6.43,63435.0
2023-06-02 09:00:00,6.431,6.445,6.402,6.407,62342.0
2023-06-02 10:00:00,6.407,6.414,6.393,6.414,49015.0
2023-06-02 11:00:00,6.414,6.425,6.402,6.417,42348.0
2023-06-02 12:00:00,6.418,6.423,6.363,6.389,309071.0
2023-06-02 13:00:00,6.389,6.393,6.343,6.353,224008.0
2023-06-02 14:00:00,6.352,6.382,6.345,6.375,76138.0
2023-06-02 15:00:00,6.376,6.394,6.375,6.393,36813.0
2023-06-02 16:00:00,6.392,6.395,6.369,6.382,96004.0
2023-06-02 17:00:00,6.381,6.42,6.375,6.408,83849.0
2023-06-02 18:00:00,6.408,6.438,6.396,6.437,80640.0
2023-06-02 19:00:00,6.437,6.455,6.434,6.452,133996.0
2023-06-02 20:00:00,6.453,6.459,6.429,6.43,69436.0
2023-06-02 21:00:00,6.429,6.452,6.417,6.446,62235.0
2023-06-02 22:00:00,6.446,6.466,6.446,6.458,49076.0
2023-06-02 23:00:00,6.458,6.465,6.448,6.448,27550.0
2023-06-03 00:00:00,6.448,6.459,6.428,6.43,80974.0
2023-06-03 01:00:00,6.431,6.442,6.395,6.409,61029.0
2023-06-03 02:00:00,6.409,6.415,6.402,6.408,25183.0
2023-06-03 03:00:00,6.408,6.419,6.401,6.416,44566.0
2023-06-03 04:00:00,6.416,6.427,6.41,6.42,61751.0
2023-06-03 05:00:00,6.421,6.434,6.421,6.433,37442.0
2023-06-03 06:00:00,6.433,6.446,6.43,6.442,29962.0
2023-06-03 07:00:00,6.442,6.446,6.428,6.436,45694.0
2023-06-03 08:00:00,6.437,6.44,6.419,6.425,31120.0
2023-06-03 09:00:00,6.426,6.431,6.417,6.429,18645.0
2023-06-03 10:00:00,6.43,6.445,6.412,6.436,42239.0
2023-06-03 11:00:00,6.437,6.444,6.431,6.438,23512.0
2023-06-03 12:00:00,6.438,6.451,6.434,6.437,47996.0
2023-06-03 13:00:00,6.439,6.443,6.424,6.441,33666.0
2023-06-03 14:00:00,6.441,6.448,6.424,6.429,56710.0
2023-06-03 15:00:00,6.429,6.438,6.404,6.438,108557.0
2023-06-03 16:00:00,6.438,6.45,6.422,6.427,72146.0
2023-06-03 17:00:00,6.425,6.426,6.367,6.381,98931.0
2023-06-03 18:00:00,6.38,6.396,6.358,6.389,54646.0
2023-06-03 19:00:00,6.39,6.397,6.36,6.384,103261.0
2023-06-03 20:00:00,6.383,6.398,6.375,6.388,19473.0
2023-06-03 21:00:00,6.389,6.396,6.365,6.388,38996.0
2023-06-03 22:00:00,6.389,6.419,6.388,6.419,85618.0
2023-06-03 23:00:00,6.418,6.425,6.406,6.423,39558.0
2023-06-04 00:00:00,6.422,6.424,6.407,6.407,33304.0
2023-06-04 01:00:00,6.408,6.435,6.393,6.433,79286.0
2023-06-04 02:00:00,6.433,6.473,6.427,6.468,150143.0
2023-06-04 03:00:00,6.468,6.47,6.45,6.455,90952.0
2023-06-04 04:00:00,6.456,6.46,6.436,6.439,41029.0
2023-06-04 05:00:00,6.44,6.459,6.439,6.45,31166.0
2023-06-04 06:00:00,6.448,6.473,6.438,6.469,45689.0
2023-06-04 07:00:00,6.47,6.497,6.463,6.485,65614.0
2023-06-04 08:00:00,6.484,6.499,6.483,6.488,48293.0
2023-06-04 09:00:00,6.489,6.501,6.487,6.49,37594.0
2023-06-04 10:00:00,6.491,6.512,6.486,6.504,55684.0
2023-06-04 11:00:00,6.504,6.51,6.486,6.494,37764.0
2023-06-04 12:00:00,6.493,6.508,6.469,6.506,44931.0
2023-06-04 13:00:00,6.506,6.527,6.5,6.516,77856.0
2023-06-04 14:00:00,6.516,6.524,6.498,6.507,74087.0
2023-06-04 15:00:00,6.507,6.513,6.498,6.499,41345.0
2023-06-04 16:00:00,6.499,6.51,6.49,6.492,39266.0
2023-06-04 17:00:00,6.492,6.501,6.479,6.481,31881.0
2023-06-04 18:00:00,6.481,6.521,6.477,6.512,53939.0
2023-06-04 19:00:00,6.512,6.524,6.504,6.522,23864.0
2023-06-04 20:00:00,6.522,6.531,6.519,6.525,34066.0
2023-06-04 21:00:00,6.524,6.529,6.5,6.507,65892.0
2023-06-04 22:00:00,6.508,6.532,6.499,6.517,95068.0
2023-06-04 23:00:00,6.517,6.518,6.443,6.449,189078.0
2023-06-05 00:00:00,6.449,6.494,6.434,6.455,201117.0
2023-06-05 01:00:00,6.454,6.454,6.412,6.442,153556.0
2023-06-05 02:00:00,6.441,6.448,6.373,6.384,219869.0
2023-06-05 03:00:00,6.385,6.389,6.351,6.359,176853.0
2023-06-05 04:00:00,6.361,6.389,6.347,6.384,101688.0
2023-06-05 05:00:00,6.384,6.392,6.356,6.39,64583.0
2023-06-05 06:00:00,6.39,6.39,6.37,6.376,40727.0
2023-06-05 07:00:00,6.375,6.396,6.374,6.396,45520.0
2023-06-05 08:00:00,6.397,6.401,6.386,6.393,79854.0
2023-06-05 09:00:00,6.394,6.409,6.363,6.367,64323.0
2023-06-05 10:00:00,6.367,6.385,6.361,6.366,94833.0
2023-06-05 11:00:00,6.366,6.387,6.362,6.378,50567.0
2023-06-05 12:00:00,6.377,6.377,6.332,6.35,113323.0
2023-06-05 13:00:00,6.35,6.378,6.323,6.369,110639.0
2023-06-05 14:00:00,6.369,6.383,6.36,6.363,39502.0
2023-06-05 15:00:00,6.364,6.368,6.081,6.088,1925907.0
2023-06-05 16:00:00,6.089,6.167,5.952,6.105,1749183.0
2023-06-05 17:00:00,6.105,6.109,6.054,6.095,185033.0
2023-06-05 18:00:00,6.095,6.095,6.034,6.05,171002.0
2023-06-05 19:00:00,6.051,6.054,6.024,6.05,122357.0
2023-06-05 20:00:00,6.051,6.062,6.026,6.059,112328.0
2023-06-05 21:00:00,6.06,6.06,6.008,6.051,78504.0
2023-06-05 22:00:00,6.05,6.057,6.031,6.035,43070.0
2023-06-05 23:00:00,6.036,6.066,6.028,6.052,51463.0
2023-06-06 00:00:00,6.053,6.081,6.047,6.067,70148.0
2023-06-06 01:00:00,6.067,6.069,6.007,6.013,97522.0
2023-06-06 02:00:00,6.014,6.045,6.004,6.036,71569.0
2023-06-06 03:00:00,6.036,6.05,6.028,6.047,34030.0
2023-06-06 04:00:00,6.046,6.089,6.044,6.087,45993.0
2023-06-06 05:00:00,6.088,6.089,6.073,6.079,36320.0
2023-06-06 06:00:00,6.08,6.087,6.064,6.069,103946.0
2023-06-06 07:00:00,6.07,6.094,6.07,6.084,44126.0
2023-06-06 08:00:00,6.085,6.094,6.081,6.094,31520.0
2023-06-06 09:00:00,6.095,6.131,6.094,6.122,56104.0
2023-06-06 10:00:00,6.123,6.129,6.113,6.118,38018.0
2023-06-06 11:00:00,6.115,6.124,6.083,6.111,75988.0
2023-06-06 12:00:00,6.11,6.118,6.019,6.074,433742.0
2023-06-06 13:00:00,6.072,6.142,6.04,6.131,276729.0
2023-06-06 14:00:00,6.13,6.228,6.116,6.226,475904.0
2023-06-06 15:00:00,6.226,6.232,6.183,6.228,171579.0
2023-06-06 16:00:00,6.228,6.256,6.204,6.247,193950.0
2023-06-06 17:00:00,6.247,6.277,6.218,6.257,293438.0
2023-06-06 18:00:00,6.257,6.263,6.247,6.254,83766.0
2023-06-06 19:00:00,6.255,6.308,6.24,6.292,255763.0
2023-06-06 20:00:00,6.292,6.315,6.232,6.233,213822.0
2023-06-06 21:00:00,6.234,6.242,6.217,6.24,69170.0
2023-06-06 22:00:00,6.241,6.253,6.212,6.24,62240.0
2023-06-06 23:00:00,6.241,6.271,6.241,6.261,68052.0
2023-06-07 00:00:00,6.261,6.271,6.225,6.247,106385.0
2023-06-07 01:00:00,6.246,6.248,6.185,6.187,59510.0
2023-06-07 02:00:00,6.188,6.202,6.182,6.186,46604.0
2023-06-07 03:00:00,6.186,6.197,6.163,6.179,102257.0
2023-06-07 04:00:00,6.179,6.207,6.173,6.202,31934.0
2023-06-07 05:00:00,6.203,6.216,6.192,6.192,49072.0
2023-06-07 06:00:00,6.192,6.224,6.19,6.197,47973.0
2023-06-07 07:00:00,6.197,6.202,6.174,6.177,33473.0
2023-06-07 08:00:00,6.179,6.19,6.175,6.187,38147.0
2023-06-07 09:00:00,6.187,6.187,6.082,6.1,274610.0
2023-06-07 10:00:00,6.1,6.121,6.063,6.088,314491.0
2023-06-07 11:00:00,6.087,6.144,6.081,6.105,164416.0
2023-06-07 12:00:00,6.105,6.109,6.059,6.064,135472.0
2023-06-07 13:00:00,6.064,6.073,6.03,6.055,152813.0
2023-06-07 14:00:00,6.055,6.055,5.941,5.979,515379.0
2023-06-07 15:00:00,5.98,6.029,5.948,5.985,172162.0
2023-06-07 16:00:00,5.985,5.993,5.948,5.975,134900.0
2023-06-07 17:00:00,5.974,5.977,5.933,5.956,200328.0
2023-06-07 18:00:00,5.955,5.966,5.938,5.94,50149.0
2023-06-07 19:00:00,5.94,5.947,5.911,5.938,155934.0
2023-06-07 20:00:00,5.936,5.942,5.904,5.921,62049.0
2023-06-07 21:00:00,5.921,5.925,5.827,5.839,259701.0
2023-06-07 22:00:00,5.839,5.896,5.832,5.864,134105.0
2023-06-07 23:00:00,5.864,5.92,5.863,5.915,128067.0
2023-06-08 00:00:00,5.916,5.935,5.903,5.926,83022.0
2023-06-08 01:00:00,5.926,5.965,5.926,5.965,45846.0
2023-06-08 02:00:00,5.964,5.97,5.942,5.945,60815.0
2023-06-08 03:00:00,5.945,5.945,5.883,5.908,96738.0
2023-06-08 04:00:00,5.911,5.94,5.906,5.933,37960.0
2023-06-08 05:00:00,5.934,5.954,5.927,5.93,38367.0
2023-06-08 06:00:00,5.929,5.974,5.912,5.972,68689.0
2023-06-08 07:00:00,5.973,5.984,5.956,5.97,49249.0
2023-06-08 08:00:00,5.971,6.002,5.964,5.997,72985.0
2023-06-08 09:00:00,5.998,6.014,5.985,5.989,79963.0
2023-06-08 10:00:00,5.99,5.995,5.961,5.987,55397.0
2023-06-08 11:00:00,5.988,6.003,5.979,5.991,76503.0
2023-06-08 12:00:00,5.992,6.024,5.964,6.007,168965.0
2023-06-08 13:00:00,6.008,6.016,5.972,5.997,115774.0
2023-06-08 14:00:00,5.996,6.026,5.975,6.007,173011.0
2023-06-08 15:00:00,6.007,6.031,5.993,6.02,54068.0
2023-06-08 16:00:00,6.019,6.02,5.947,5.97,121987.0
2023-06-08 17:00:00,5.97,5.984,5.945,5.98,68672.0
2023-06-08 18:00:00,5.979,6.01,5.964,5.998,39098.0
2023-06-08 19:00:00,5.998,6.022,5.998,6.02,25309.0
2023-06-08 20:00:00,6.019,6.037,6.01,6.017,50547.0
2023-06-08 21:00:00,6.017,6.019,5.997,6.009,30658.0
2023-06-08 22:00:00,6.006,6.024,5.995,6.008,32223.0
2023-06-08 23:00:00,6.008,6.009,5.982,5.996,21116.0
2023-06-09 00:00:00,5.996,6.002,5.961,5.967,56057.0
2023-06-09 01:00:00,5.966,6.008,5.96,5.987,135796.0
2023-06-09 02:00:00,5.987,5.993,5.92,5.942,232093.0
2023-06-09 03:00:00,5.942,5.979,5.939,5.975,73198.0
2023-06-09 04:00:00,5.974,5.982,5.95,5.965,84939.0
2023-06-09 05:00:00,5.965,5.979,5.964,5.976,39745.0
2023-06-09 06:00:00,5.975,5.982,5.952,5.96,32167.0
2023-06-09 07:00:00,5.959,5.959,5.927,5.942,64606.0
2023-06-09 08:00:00,5.941,5.978,5.931,5.975,69245.0
2023-06-09 09:00:00,5.977,5.989,5.973,5.982,40216.0
2023-06-09 10:00:00,5.981,6.003,5.976,5.997,30482.0
2023-06-09 11:00:00,5.999,6.012,5.984,6.006,42093.0
2023-06-09 12:00:00,6.005,6.049,6.003,6.044,132287.0
2023-06-09 13:00:00,6.044,6.08,6.035,6.038,226560.0
2023-06-09 14:00:00,6.037,6.059,6.01,6.016,74636.0
2023-06-09 15:00:00,6.018,6.04,5.984,5.99,107205.0
2023-06-09 16:00:00,5.991,6.025,5.983,6.002,90891.0
2023-06-09 17:00:00,6.001,6.001,5.962,5.993,114549.0
2023-06-09 18:00:00,5.994,5.998,5.966,5.973,50393.0
2023-06-09 19:00:00,5.973,5.985,5.933,5.935,151335.0
2023-06-09 20:00:00,5.934,5.969,5.926,5.969,61769.0
2023-06-09 21:00:00,5.97,5.995,5.966,5.991,43792.0
2023-06-09 22:00:00,5.99,6.0,5.971,5.999,51757.0
2023-06-09 23:00:00,5.998,6.0,5.966,5.993,51030.0
2023-06-10 00:00:00,5.992,6.008,5.924,5.93,215457.0
2023-06-10 01:00:00,5.93,5.968,5.85,5.908,412044.0
2023-06-10 02:00:00,5.907,5.908,5.798,5.839,465064.0
2023-06-10 03:00:00,5.838,5.848,5.751,5.771,487791.0
2023-06-10 04:00:00,5.772,5.791,4.649,5.138,5578954.0
2023-06-10 05:00:00,5.139,5.233,5.04,5.057,1198369.0
2023-06-10 06:00:00,5.057,5.135,4.95,5.024,589789.0
2023-06-10 07:00:00,5.025,5.106,4.988,5.103,469359.0
2023-06-10 08:00:00,5.104,5.147,5.068,5.146,400889.0
2023-06-10 09:00:00,5.145,5.145,5.061,5.067,213886.0
2023-06-10 10:00:00,5.067,5.07,4.964,5.017,372421.0
2023-06-10 11:00:00,5.018,5.07,4.985,5.067,266053.0
2023-06-10 12:00:00,5.066,5.086,4.987,5.0,340293.0
2023-06-10 13:00:00,4.999,5.028,4.956,5.007,340840.0
2023-06-10 14:00:00,5.005,5.026,4.977,5.021,226396.0
2023-06-10 15:00:00,5.021,5.072,4.993,5.018,273399.0
2023-06-10 16:00:00,5.017,5.024,4.963,4.971,328040.0
2023-06-10 17:00:00,4.971,5.167,4.91,5.124,1024659.0
2023-06-10 18:00:00,5.125,5.134,5.012,5.054,520693.0
2023-06-10 19:00:00,5.053,5.158,5.04,5.151,245037.0
2023-06-10 20:00:00,5.149,5.222,5.132,5.187,261653.0
2023-06-10 21:00:00,5.187,5.246,5.184,5.235,259482.0
2023-06-10 22:00:00,5.235,5.281,5.223,5.264,199329.0
2023-06-10 23:00:00,5.263,5.272,5.225,5.23,206870.0
2023-06-11 00:00:00,5.229,5.238,5.19,5.19,219588.0
2023-06-11 01:00:00,5.191,5.218,5.175,5.199,105390.0
2023-06-11 02:00:00,5.201,5.203,5.168,5.2,70358.0
2023-06-11 03:00:00,5.199,5.218,5.183,5.191,148228.0
2023-06-11 04:00:00,5.191,5.201,5.146,5.176,167611.0
2023-06-11 05:00:00,5.177,5.21,5.177,5.204,98725.0
2023-06-11 06:00:00,5.204,5.206,5.181,5.181,52276.0
2023-06-11 07:00:00,5.182,5.189,5.153,5.159,143969.0
2023-06-11 08:00:00,5.16,5.18,5.141,5.148,107925.0
2023-06-11 09:00:00,5.145,5.161,5.136,5.145,88197.0
2023-06-11 10:00:00,5.145,5.204,5.141,5.194,128314.0
2023-06-11 11:00:00,5.193,5.201,5.171,5.176,46001.0
2023-06-11 12:00:00,5.176,5.195,5.141,5.141,77309.0
2023-06-11 13:00:00,5.142,5.145,5.087,5.109,333081.0
2023-06-11 14:00:00,5.108,5.15,5.103,5.113,122436.0
2023-06-11 15:00:00,5.113,5.131,5.098,5.102,52244.0
2023-06-11 16:00:00,5.098,5.188,5.096,5.17,308542.0
2023-06-11 17:00:00,5.17,5.207,5.158,5.195,199297.0
2023-06-11 18:00:00,5.197,5.232,5.163,5.173,155726.0
2023-06-11 19:00:00,5.173,5.221,5.159,5.197,169908.0
2023-06-11 20:00:00,5.196,5.251,5.195,5.209,177664.0
2023-06-11 21:00:00,5.209,5.226,5.166,5.178,63914.0
2023-06-11 22:00:00,5.179,5.2,5.104,5.156,267202.0
2023-06-11 23:00:00,5.155,5.181,5.133,5.175,94443.0
2023-06-12 00:00:00,5.173,5.189,5.117,5.148,158271.0
2023-06-12 01:00:00,5.149,5.164,5.12,5.137,183737.0
2023-06-12 02:00:00,5.137,5.156,4.996,5.032,756950.0
2023-06-12 03:00:00,5.03,5.09,5.02,5.066,181289.0
2023-06-12 04:00:00,5.066,5.117,5.061,5.106,178106.0
2023-06-12 05:00:00,5.107,5.11,5.06,5.068,148849.0
2023-06-12 06:00:00,5.071,5.128,5.068,5.096,129390.0
2023-06-12 07:00:00,5.095,5.105,5.062,5.076,110031.0
2023-06-12 08:00:00,5.076,5.139,5.062,5.136,373356.0
2023-06-12 09:00:00,5.135,5.19,5.135,5.162,246112.0
2023-06-12 10:00:00,5.162,5.188,5.146,5.159,96324.0
2023-06-12 11:00:00,5.159,5.17,5.121,5.136,93566.0
2023-06-12 12:00:00,5.137,5.171,5.133,5.17,94691.0
2023-06-12 13:00:00,5.17,5.171,5.109,5.129,135159.0
2023-06-12 14:00:00,5.129,5.165,5.1,5.134,258432.0
2023-06-12 15:00:00,5.135,5.137,5.104,5.107,108686.0
2023-06-12 16:00:00,5.106,5.147,5.083,5.144,135966.0
2023-06-12 17:00:00,5.143,5.197,5.074,5.166,478594.0
2023-06-12 18:00:00,5.165,5.165,5.117,5.156,157487.0
2023-06-12 19:00:00,5.156,5.167,5.141,5.147,100664.0
2023-06-12 20:00:00,5.146,5.175,5.138,5.168,72275.0
2023-06-12 21:00:00,5.168,5.189,5.159,5.183,95533.0
2023-06-12 22:00:00,5.183,5.197,5.166,5.173,114787.0
2023-06-12 23:00:00,5.173,5.177,5.152,5.159,59733.0
2023-06-13 00:00:00,5.159,5.188,5.111,5.124,156330.0
2023-06-13 01:00:00,5.123,5.179,5.108,5.162,107135.0
2023-06-13 02:00:00,5.162,5.235,5.157,5.229,220513.0
2023-06-13 03:00:00,5.23,5.231,5.203,5.209,75620.0
2023-06-13 04:00:00,5.211,5.216,5.162,5.202,132316.0
2023-06-13 05:00:00,5.201,5.237,5.195,5.213,105466.0
2023-06-13 06:00:00,5.215,5.239,5.209,5.219,88883.0
2023-06-13 07:00:00,5.219,5.26,5.216,5.239,104461.0
2023-06-13 08:00:00,5.237,5.281,5.225,5.264,134074.0
2023-06-13 09:00:00,5.265,5.274,5.218,5.237,81770.0
2023-06-13 10:00:00,5.235,5.249,5.215,5.248,39911.0
2023-06-13 11:00:00,5.249,5.336,5.245,5.315,352852.0
2023-06-13 12:00:00,5.314,5.42,5.232,5.282,806285.0
2023-06-13 13:00:00,5.282,5.3,5.234,5.237,181478.0
2023-06-13 14:00:00,5.237,5.278,5.216,5.255,168365.0
2023-06-13 15:00:00,5.255,5.255,5.178,5.187,212395.0
2023-06-13 16:00:00,5.186,5.224,5.181,5.22,88860.0
2023-06-13 17:00:00,5.219,5.239,5.208,5.218,67601.0
2023-06-13 18:00:00,5.218,5.272,5.207,5.243,107503.0
2023-06-13 19:00:00,5.242,5.261,5.233,5.257,42814.0
2023-06-13 20:00:00,5.256,5.292,5.239,5.276,99875.0
2023-06-13 21:00:00,5.277,5.3,5.254,5.26,104080.0
2023-06-13 22:00:00,5.261,5.278,5.239,5.248,46562.0
2023-06-13 23:00:00,5.25,5.305,5.25,5.299,162361.0
2023-06-14 00:00:00,5.299,5.33,5.285,5.325,255155.0
2023-06-14 01:00:00,5.325,5.369,5.306,5.368,113822.0
2023-06-14 02:00:00,5.367,5.378,5.347,5.371,121495.0
2023-06-14 03:00:00,5.372,5.394,5.353,5.391,150677.0
2023-06-14 04:00:00,5.391,5.402,5.378,5.398,137323.0
2023-06-14 05:00:00,5.399,5.41,5.356,5.366,237991.0
2023-06-14 06:00:00,5.366,5.401,5.359,5.377,192613.0
2023-06-14 07:00:00,5.378,5.393,5.354,5.37,149645.0
2023-06-14 08:00:00,5.369,5.413,5.36,5.407,173642.0
2023-06-14 09:00:00,5.407,5.414,5.384,5.406,95608.0
2023-06-14 10:00:00,5.405,5.411,5.386,5.403,64323.0
2023-06-14 11:00:00,5.403,5.417,5.382,5.391,91467.0
2023-06-14 12:00:00,5.391,5.4,5.368,5.375,82319.0
2023-06-14 13:00:00,5.375,5.377,5.343,5.361,145604.0
2023-06-14 14:00:00,5.361,5.412,5.352,5.396,136204.0
2023-06-14 15:00:00,5.396,5.417,5.38,5.392,100327.0
2023-06-14 16:00:00,5.392,5.423,5.369,5.405,143264.0
2023-06-14 17:00:00,5.405,5.483,5.381,5.476,277318.0
2023-06-14 18:00:00,5.476,5.498,5.336,5.485,590782.0
2023-06-14 19:00:00,5.484,5.508,5.443,5.451,240029.0
2023-06-14 20:00:00,5.448,5.449,5.14,5.163,1617158.0
2023-06-14 21:00:00,5.164,5.293,5.142,5.286,241797.0
2023-06-14 22:00:00,5.287,5.289,5.215,5.229,136885.0
2023-06-14 23:00:00,5.23,5.259,5.209,5.25,95834.0
2023-06-15 00:00:00,5.25,5.329,5.24,5.317,158593.0
2023-06-15 01:00:00,5.316,5.339,5.264,5.279,228074.0
2023-06-15 02:00:00,5.277,5.307,5.248,5.28,170567.0
2023-06-15 03:00:00,5.278,5.324,5.278,5.308,119010.0
2023-06-15 04:00:00,5.309,5.314,5.284,5.306,91566.0
2023-06-15 05:00:00,5.306,5.325,5.258,5.294,131652.0
2023-06-15 06:00:00,5.295,5.321,5.25,5.265,285074.0
2023-06-15 07:00:00,5.265,5.281,5.23,5.259,214752.0
2023-06-15 08:00:00,5.259,5.311,5.254,5.259,183965.0
2023-06-15 09:00:00,5.26,5.276,5.226,5.247,197639.0
2023-06-15 10:00:00,5.247,5.261,5.202,5.218,146795.0
2023-06-15 11:00:00,5.218,5.289,5.18,5.278,287107.0
2023-06-15 12:00:00,5.278,5.296,5.239,5.247,146454.0
2023-06-15 13:00:00,5.247,5.288,5.23,5.266,174413.0
2023-06-15 14:00:00,5.266,5.275,5.235,5.247,113195.0
2023-06-15 15:00:00,5.248,5.252,5.219,5.227,118983.0
2023-06-15 16:00:00,5.228,5.247,5.207,5.221,97636.0
2023-06-15 17:00:00,5.221,5.247,5.157,5.247,265994.0
2023-06-15 18:00:00,5.247,5.342,5.238,5.339,242002.0
2023-06-15 19:00:00,5.338,5.358,5.311,5.348,192574.0
2023-06-15 20:00:00,5.348,5.379,5.296,5.371,173164.0
2023-06-15 21:00:00,5.372,5.419,5.356,5.358,226234.0
2023-06-15 22:00:00,5.355,5.357,5.302,5.306,110137.0
2023-06-15 23:00:00,5.306,5.317,5.286,5.312,99144.0
2023-06-16 00:00:00,5.313,5.313,5.251,5.268,177635.0
2023-06-16 01:00:00,5.268,5.291,5.256,5.272,120662.0
2023-06-16 02:00:00,5.27,5.283,5.256,5.281,53297.0
2023-06-16 03:00:00,5.281,5.308,5.279,5.296,99416.0
2023-06-16 04:00:00,5.296,5.304,5.274,5.285,74166.0
2023-06-16 05:00:00,5.284,5.297,5.276,5.294,58014.0
2023-06-16 06:00:00,5.296,5.307,5.285,5.291,78402.0
2023-06-16 07:00:00,5.29,5.291,5.259,5.263,89829.0
2023-06-16 08:00:00,5.263,5.295,5.263,5.265,94120.0
2023-06-16 09:00:00,5.265,5.273,5.26,5.268,60193.0
2023-06-16 10:00:00,5.268,5.268,5.218,5.221,214585.0
2023-06-16 11:00:00,5.22,5.23,5.176,5.189,304160.0
2023-06-16 12:00:00,5.188,5.235,5.182,5.218,121520.0
2023-06-16 13:00:00,5.218,5.241,5.209,5.209,96465.0
2023-06-16 14:00:00,5.21,5.256,5.134,5.237,397771.0
2023-06-16 15:00:00,5.238,5.274,5.212,5.269,297703.0
2023-06-16 16:00:00,5.269,5.281,5.229,5.255,148766.0
2023-06-16 17:00:00,5.254,5.322,5.249,5.322,166193.0
2023-06-16 18:00:00,5.323,5.399,5.309,5.347,349257.0
2023-06-16 19:00:00,5.347,5.376,5.317,5.376,84777.0
2023-06-16 20:00:00,5.375,5.377,5.333,5.354,100249.0
2023-06-16 21:00:00,5.354,5.36,5.311,5.32,87766.0
2023-06-16 22:00:00,5.322,5.342,5.315,5.322,70153.0
2023-06-16 23:00:00,5.323,5.33,5.307,5.322,64445.0
2023-06-17 00:00:00,5.323,5.328,5.289,5.294,161066.0
2023-06-17 01:00:00,5.295,5.302,5.262,5.269,155108.0
2023-06-17 02:00:00,5.27,5.285,5.259,5.278,127847.0
2023-06-17 03:00:00,5.277,5.302,5.263,5.265,120810.0
2023-06-17 04:00:00,5.266,5.271,5.221,5.262,264758.0
2023-06-17 05:00:00,5.261,5.385,5.251,5.377,829979.0
2023-06-17 06:00:00,5.378,5.396,5.347,5.359,212978.0
2023-06-17 07:00:00,5.36,5.368,5.336,5.35,106312.0
2023-06-17 08:00:00,5.349,5.361,5.336,5.359,76370.0
2023-06-17 09:00:00,5.358,5.387,5.354,5.369,159122.0
2023-06-17 10:00:00,5.367,5.379,5.359,5.371,36911.0
2023-06-17 11:00:00,5.371,5.38,5.341,5.354,123182.0
2023-06-17 12:00:00,5.356,5.365,5.338,5.349,106974.0
2023-06-17 13:00:00,5.349,5.372,5.346,5.349,68067.0
2023-06-17 14:00:00,5.349,5.356,5.31,5.33,120184.0
2023-06-17 15:00:00,5.33,5.343,5.3,5.313,114134.0
2023-06-17 16:00:00,5.314,5.328,5.294,5.323,71009.0
2023-06-17 17:00:00,5.323,5.332,5.285,5.288,93986.0
2023-06-17 18:00:00,5.289,5.313,5.286,5.3,58268.0
2023-06-17 19:00:00,5.301,5.305,5.277,5.281,57778.0
2023-06-17 20:00:00,5.281,5.295,5.255,5.291,122494.0
2023-06-17 21:00:00,5.291,5.296,5.265,5.279,77244.0
2023-06-17 22:00:00,5.28,5.301,5.279,5.291,51217.0
2023-06-17 23:00:00,5.29,5.3,5.272,5.279,33790.0
2023-06-18 00:00:00,5.279,5.279,5.213,5.236,281795.0
2023-06-18 01:00:00,5.236,5.262,5.231,5.261,51530.0
2023-06-18 02:00:00,5.26,5.263,5.233,5.236,43429.0
2023-06-18 03:00:00,5.236,5.259,5.235,5.254,61969.0
2023-06-18 04:00:00,5.255,5.267,5.246,5.259,38122.0
2023-06-18 05:00:00,5.259,5.289,5.25,5.253,176546.0
2023-06-18 06:00:00,5.254,5.254,5.216,5.232,237355.0
2023-06-18 07:00:00,5.234,5.264,5.232,5.243,121920.0
2023-06-18 08:00:00,5.243,5.247,5.219,5.233,83037.0
2023-06-18 09:00:00,5.232,5.284,5.229,5.274,133049.0
2023-06-18 10:00:00,5.273,5.275,5.246,5.254,85805.0
2023-06-18 11:00:00,5.253,5.255,5.236,5.246,48793.0
2023-06-18 12:00:00,5.246,5.252,5.222,5.246,88289.0
2023-06-18 13:00:00,5.245,5.246,5.217,5.217,93536.0
2023-06-18 14:00:00,5.218,5.264,5.215,5.26,164023.0
2023-06-18 15:00:00,5.259,5.262,5.246,5.258,63818.0
2023-06-18 16:00:00,5.257,5.28,5.247,5.278,120788.0
2023-06-18 17:00:00,5.279,5.29,5.252,5.286,55247.0
2023-06-18 18:00:00,5.285,5.287,5.267,5.276,42227.0
2023-06-18 19:00:00,5.277,5.3,5.265,5.298,88856.0
2023-06-18 20:00:00,5.295,5.3,5.078,5.179,893844.0
2023-06-18 21:00:00,5.179,5.194,5.163,5.181,99215.0
2023-06-18 22:00:00,5.182,5.201,5.165,5.166,97825.0
2023-06-18 23:00:00,5.166,5.188,5.135,5.157,189319.0
2023-06-19 00:00:00,5.157,5.162,5.093,5.132,174490.0
2023-06-19 01:00:00,5.131,5.166,5.122,5.157,140057.0
2023-06-19 02:00:00,5.158,5.18,5.154,5.176,44632.0
2023-06-19 03:00:00,5.177,5.181,5.141,5.154,167655.0
2023-06-19 04:00:00,5.154,5.169,5.136,5.169,73647.0
2023-06-19 05:00:00,5.168,5.181,5.161,5.163,86988.0
2023-06-19 06:00:00,5.164,5.175,5.158,5.162,64150.0
2023-06-19 07:00:00,5.162,5.165,5.138,5.146,82599.0
2023-06-19 08:00:00,5.146,5.146,5.096,5.103,136147.0
2023-06-19 09:00:00,5.105,5.115,5.094,5.103,135556.0
2023-06-19 10:00:00,5.104,5.121,5.067,5.072,184308.0
2023-06-19 11:00:00,5.072,5.106,5.065,5.103,190178.0
2023-06-19 12:00:00,5.102,5.129,5.089,5.125,133214.0
2023-06-19 13:00:00,5.125,5.13,5.111,5.113,68882.0
2023-06-19 14:00:00,5.113,5.113,5.044,5.058,374562.0
2023-06-19 15:00:00,5.057,5.069,5.022,5.067,161474.0
2023-06-19 16:00:00,5.067,5.067,4.987,5.033,458502.0
2023-06-19 17:00:00,5.034,5.125,5.026,5.123,342810.0
2023-06-19 18:00:00,5.123,5.197,5.065,5.078,719044.0
2023-06-19 19:00:00,5.078,5.108,5.05,5.095,177608.0
2023-06-19 20:00:00,5.096,5.132,5.096,5.118,121669.0
2023-06-19 21:00:00,5.118,5.124,5.083,5.101,101157.0
2023-06-19 22:00:00,5.102,5.133,5.088,5.11,152567.0
2023-06-19 23:00:00,5.11,5.136,5.09,5.132,106001.0
2023-06-20 00:00:00,5.132,5.149,5.107,5.141,145397.0
2023-06-20 01:00:00,5.141,5.179,5.117,5.123,194738.0
2023-06-20 02:00:00,5.124,5.148,5.115,5.142,83042.0
2023-06-20 03:00:00,5.143,5.156,5.122,5.127,74230.0
2023-06-20 04:00:00,5.127,5.128,5.101,5.112,116283.0
2023-06-20 05:00:00,5.112,5.118,5.067,5.069,121546.0
2023-06-20 06:00:00,5.069,5.082,5.056,5.07,85250.0
2023-06-20 07:00:00,5.072,5.103,5.065,5.099,100472.0
2023-06-20 08:00:00,5.099,5.099,5.044,5.054,167352.0
2023-06-20 09:00:00,5.054,5.068,5.037,5.055,112862.0
2023-06-20 10:00:00,5.055,5.074,5.051,5.056,58490.0
2023-06-20 11:00:00,5.056,5.09,5.052,5.087,100150.0
2023-06-20 12:00:00,5.087,5.098,5.066,5.067,127632.0
2023-06-20 13:00:00,5.066,5.071,5.021,5.032,168112.0
2023-06-20 14:00:00,5.033,5.058,4.996,5.042,303712.0
2023-06-20 15:00:00,5.042,5.103,5.034,5.08,235116.0
2023-06-20 16:00:00,5.08,5.131,5.067,5.104,304057.0
2023-06-20 17:00:00,5.104,5.181,5.096,5.168,422962.0
2023-06-20 18:00:00,5.17,5.212,5.163,5.196,361831.0
2023-06-20 19:00:00,5.197,5.221,5.158,5.218,213386.0
2023-06-20 20:00:00,5.219,5.251,5.212,5.239,203552.0
2023-06-20 21:00:00,5.238,5.248,5.202,5.211,176809.0
2023-06-20 22:00:00,5.212,5.282,5.211,5.252,236128.0
2023-06-20 23:00:00,5.252,5.272,5.239,5.268,166154.0
2023-06-21 00:00:00,5.269,5.303,5.244,5.295,284448.0
2023-06-21 01:00:00,5.295,5.404,5.292,5.315,669194.0
2023-06-21 02:00:00,5.314,5.329,5.297,5.314,164414.0
2023-06-21 03:00:00,5.315,5.329,5.307,5.325,89577.0
2023-06-21 04:00:00,5.326,5.344,5.31,5.338,260627.0
2023-06-21 05:00:00,5.336,5.385,5.334,5.382,233137.0
2023-06-21 06:00:00,5.382,5.39,5.335,5.351,271222.0
2023-06-21 07:00:00,5.352,5.371,5.345,5.357,77771.0
2023-06-21 08:00:00,5.358,5.362,5.325,5.34,143124.0
2023-06-21 09:00:00,5.34,5.376,5.334,5.364,117848.0
2023-06-21 10:00:00,5.365,5.379,5.331,5.336,195248.0
2023-06-21 11:00:00,5.336,5.381,5.333,5.371,173739.0
2023-06-21 12:00:00,5.371,5.404,5.335,5.341,188025.0
2023-06-21 13:00:00,5.341,5.409,5.331,5.382,176995.0
2023-06-21 14:00:00,5.383,5.469,5.358,5.462,301841.0
2023-06-21 15:00:00,5.462,5.473,5.425,5.435,234140.0
2023-06-21 16:00:00,5.436,5.57,5.429,5.492,522388.0
2023-06-21 17:00:00,5.492,5.535,5.452,5.499,318988.0
2023-06-21 18:00:00,5.497,5.541,5.492,5.503,140373.0
2023-06-21 19:00:00,5.505,5.527,5.474,5.516,78708.0
2023-06-21 20:00:00,5.521,5.549,5.506,5.524,91354.0
2023-06-21 21:00:00,5.526,5.551,5.488,5.52,122892.0
2023-06-21 22:00:00,5.519,5.568,5.511,5.566,102571.0
2023-06-21 23:00:00,5.566,5.588,5.544,5.557,185320.0
2023-06-22 00:00:00,5.557,5.658,5.536,5.637,331602.0
2023-06-22 01:00:00,5.636,5.718,5.625,5.697,211316.0
2023-06-22 02:00:00,5.699,5.8,5.699,5.795,274986.0
2023-06-22 03:00:00,5.794,5.826,5.76,5.777,186688.0
2023-06-22 04:00:00,5.778,5.783,5.713,5.758,145176.0
2023-06-22 05:00:00,5.757,5.765,5.731,5.743,109777.0
2023-06-22 06:00:00,5.744,5.746,5.671,5.719,161234.0
2023-06-22 07:00:00,5.719,5.758,5.703,5.758,127407.0
2023-06-22 08:00:00,5.758,5.77,5.727,5.738,128049.0
2023-06-22 09:00:00,5.737,5.761,5.718,5.752,80151.0
2023-06-22 10:00:00,5.754,5.779,5.731,5.742,86045.0
2023-06-22 11:00:00,5.74,5.746,5.58,5.623,983839.0
2023-06-22 12:00:00,5.623,5.708,5.617,5.693,188929.0
2023-06-22 13:00:00,5.692,5.718,5.65,5.66,163770.0
2023-06-22 14:00:00,5.66,5.67,5.505,5.543,672272.0
2023-06-22 15:00:00,5.541,5.578,5.521,5.559,188378.0
2023-06-22 16:00:00,5.56,5.624,5.553,5.57,243995.0
2023-06-22 17:00:00,5.57,5.626,5.549,5.625,86082.0
2023-06-22 18:00:00,5.626,5.63,5.593,5.611,70621.0
2023-06-22 19:00:00,5.61,5.634,5.594,5.629,56046.0
2023-06-22 20:00:00,5.629,5.638,5.594,5.622,101849.0
2023-06-22 21:00:00,5.622,5.622,5.567,5.597,57133.0
2023-06-22 22:00:00,5.597,5.611,5.534,5.538,162278.0
2023-06-22 23:00:00,5.537,5.586,5.535,5.559,53129.0
2023-06-23 00:00:00,5.558,5.61,5.553,5.594,81749.0
2023-06-23 01:00:00,5.594,5.621,5.579,5.58,80463.0
2023-06-23 02:00:00,5.581,5.623,5.55,5.621,106310.0
2023-06-23 03:00:00,5.621,5.642,5.611,5.642,58405.0
2023-06-23 04:00:00,5.642,5.666,5.637,5.657,94717.0
2023-06-23 05:00:00,5.658,5.741,5.649,5.74,156575.0
2023-06-23 06:00:00,5.74,5.792,5.734,5.751,309284.0
2023-06-23 07:00:00,5.751,5.838,5.734,5.834,374905.0
2023-06-23 08:00:00,5.834,5.915,5.821,5.888,511693.0
2023-06-23 09:00:00,5.888,5.915,5.814,5.871,611569.0
2023-06-23 10:00:00,5.871,5.878,5.833,5.868,195452.0
2023-06-23 11:00:00,5.867,5.899,5.852,5.854,153189.0
2023-06-23 12:00:00,5.854,5.881,5.789,5.808,251416.0
2023-06-23 13:00:00,5.809,5.835,5.762,5.826,374953.0
2023-06-23 14:00:00,5.824,5.939,5.797,5.891,648865.0
2023-06-23 15:00:00,5.89,6.033,5.872,6.006,988122.0
2023-06-23 16:00:00,6.007,6.104,5.938,6.063,1189190.0
2023-06-23 17:00:00,6.062,6.159,6.019,6.125,524097.0
2023-06-23 18:00:00,6.124,6.133,6.052,6.123,352866.0
2023-06-23 19:00:00,6.125,6.15,6.05,6.078,363574.0
2023-06-23 20:00:00,6.077,6.136,6.066,6.122,219024.0
2023-06-23 21:00:00,6.123,6.139,6.025,6.038,231870.0
2023-06-23 22:00:00,6.038,6.075,6.005,6.07,234036.0
2023-06-23 23:00:00,6.07,6.073,6.035,6.071,68346.0
2023-06-24 00:00:00,6.071,6.079,5.97,6.006,258411.0
2023-06-24 01:00:00,6.004,6.033,5.983,6.028,150563.0
2023-06-24 02:00:00,6.027,6.095,6.012,6.085,157528.0
2023-06-24 03:00:00,6.086,6.109,6.073,6.08,124289.0
2023-06-24 04:00:00,6.08,6.1,6.055,6.057,83287.0
2023-06-24 05:00:00,6.059,6.104,6.046,6.062,129241.0
2023-06-24 06:00:00,6.063,6.069,6.021,6.068,147903.0
2023-06-24 07:00:00,6.068,6.069,6.009,6.02,167772.0
2023-06-24 08:00:00,6.021,6.08,6.014,6.072,259156.0
2023-06-24 09:00:00,6.071,6.088,6.056,6.063,69263.0
2023-06-24 10:00:00,6.063,6.139,6.057,6.136,262866.0
2023-06-24 11:00:00,6.135,6.2,6.125,6.135,350501.0
2023-06-24 12:00:00,6.136,6.173,6.109,6.11,167941.0
2023-06-24 13:00:00,6.109,6.118,6.047,6.071,218066.0
2023-06-24 14:00:00,6.073,6.099,6.047,6.096,111224.0
2023-06-24 15:00:00,6.096,6.103,5.914,6.022,790467.0
2023-06-24 16:00:00,6.019,6.062,5.948,6.011,290886.0
2023-06-24 17:00:00,6.011,6.054,6.005,6.02,185811.0
2023-06-24 18:00:00,6.025,6.06,6.018,6.057,90629.0
2023-06-24 19:00:00,6.058,6.091,6.057,6.085,79931.0
2023-06-24 20:00:00,6.086,6.097,6.034,6.061,187414.0
2023-06-24 21:00:00,6.059,6.109,6.003,6.09,147277.0
2023-06-24 22:00:00,6.092,6.138,6.078,6.113,122124.0
2023-06-24 23:00:00,6.111,6.153,6.109,6.134,153111.0
2023-06-25 00:00:00,6.134,6.181,6.113,6.139,173478.0
2023-06-25 01:00:00,6.138,6.161,6.106,6.135,138563.0
2023-06-25 02:00:00,6.133,6.217,6.122,6.189,155203.0
2023-06-25 03:00:00,6.191,6.234,6.178,6.223,146713.0
2023-06-25 04:00:00,6.224,6.233,6.19,6.2,131601.0
2023-06-25 05:00:00,6.2,6.256,6.167,6.247,126375.0
2023-06-25 06:00:00,6.247,6.341,6.221,6.3,338944.0
2023-06-25 07:00:00,6.3,6.3,6.233,6.288,148510.0
2023-06-25 08:00:00,6.289,6.39,6.269,6.347,846518.0
2023-06-25 09:00:00,6.348,6.38,6.297,6.351,189212.0
2023-06-25 10:00:00,6.347,6.376,6.295,6.303,159772.0
2023-06-25 11:00:00,6.303,6.322,6.283,6.315,135259.0
2023-06-25 12:00:00,6.316,6.32,6.274,6.296,99002.0
2023-06-25 13:00:00,6.295,6.302,6.183,6.235,326184.0
2023-06-25 14:00:00,6.235,6.263,6.185,6.192,147501.0
2023-06-25 15:00:00,6.19,6.204,6.165,6.196,141669.0
2023-06-25 16:00:00,6.195,6.228,6.177,6.219,175687.0
2023-06-25 17:00:00,6.219,6.23,6.141,6.187,173830.0
2023-06-25 18:00:00,6.187,6.187,6.121,6.152,155016.0
2023-06-25 19:00:00,6.154,6.159,6.079,6.115,169359.0
2023-06-25 20:00:00,6.116,6.154,6.058,6.084,178722.0
2023-06-25 21:00:00,6.085,6.123,6.075,6.121,51218.0
2023-06-25 22:00:00,6.12,6.158,6.102,6.124,92395.0
2023-06-25 23:00:00,6.124,6.159,6.117,6.156,77554.0
2023-06-26 00:00:00,6.156,6.163,6.077,6.089,163129.0
2023-06-26 01:00:00,6.088,6.114,6.024,6.086,419431.0
2023-06-26 02:00:00,6.086,6.108,6.054,6.101,120548.0
2023-06-26 03:00:00,6.1,6.131,6.092,6.131,121169.0
2023-06-26 04:00:00,6.131,6.141,6.108,6.127,73512.0
2023-06-26 05:00:00,6.126,6.127,6.073,6.119,85917.0
2023-06-26 06:00:00,6.12,6.257,6.095,6.228,385512.0
2023-06-26 07:00:00,6.228,6.249,6.168,6.183,252928.0
2023-06-26 08:00:00,6.182,6.203,6.157,6.198,190551.0
2023-06-26 09:00:00,6.198,6.22,6.177,6.205,79359.0
2023-06-26 10:00:00,6.208,6.212,6.137,6.179,195747.0
2023-06-26 11:00:00,6.179,6.187,6.148,6.153,79986.0
2023-06-26 12:00:00,6.153,6.188,6.128,6.174,154902.0
2023-06-26 13:00:00,6.174,6.252,6.155,6.247,186366.0
2023-06-26 14:00:00,6.247,6.261,6.139,6.174,234983.0
2023-06-26 15:00:00,6.174,6.243,6.157,6.236,137941.0
2023-06-26 16:00:00,6.23,6.234,6.017,6.083,674568.0
2023-06-26 17:00:00,6.083,6.111,6.045,6.073,188889.0
2023-06-26 18:00:00,6.073,6.111,6.061,6.094,105891.0
2023-06-26 19:00:00,6.095,6.106,6.058,6.097,87897.0
2023-06-26 20:00:00,6.096,6.104,6.046,6.073,70525.0
2023-06-26 21:00:00,6.072,6.085,6.021,6.032,98205.0
2023-06-26 22:00:00,6.029,6.109,6.003,6.089,91588.0
2023-06-26 23:00:00,6.088,6.088,6.04,6.06,78229.0
2023-06-27 00:00:00,6.06,6.088,6.047,6.072,78062.0
2023-06-27 01:00:00,6.072,6.161,6.048,6.145,155971.0
2023-06-27 02:00:00,6.146,6.183,6.133,6.18,126075.0
2023-06-27 03:00:00,6.181,6.208,6.169,6.192,112430.0
2023-06-27 04:00:00,6.191,6.213,6.176,6.184,115192.0
2023-06-27 05:00:00,6.184,6.185,6.131,6.152,232310.0
2023-06-27 06:00:00,6.153,6.166,6.119,6.164,104895.0
2023-06-27 07:00:00,6.164,6.253,6.156,6.247,187089.0
2023-06-27 08:00:00,6.249,6.258,6.172,6.181,229638.0
2023-06-27 09:00:00,6.18,6.202,6.162,6.18,116902.0
2023-06-27 10:00:00,6.179,6.251,6.179,6.239,120425.0
2023-06-27 11:00:00,6.238,6.242,6.197,6.229,80512.0
2023-06-27 12:00:00,6.23,6.249,6.216,6.232,63916.0
2023-06-27 13:00:00,6.234,6.236,6.151,6.18,236964.0
2023-06-27 14:00:00,6.181,6.246,6.156,6.181,257469.0
2023-06-27 15:00:00,6.176,6.184,6.08,6.12,192848.0
2023-06-27 16:00:00,6.122,6.248,6.109,6.238,183349.0
2023-06-27 17:00:00,6.238,6.25,6.202,6.24,93969.0
2023-06-27 18:00:00,6.242,6.248,6.21,6.22,55675.0
2023-06-27 19:00:00,6.221,6.247,6.212,6.23,50313.0
2023-06-27 20:00:00,6.228,6.243,6.211,6.22,58158.0
2023-06-27 21:00:00,6.219,6.228,6.192,6.218,69452.0
2023-06-27 22:00:00,6.217,6.224,6.179,6.186,92687.0
2023-06-27 23:00:00,6.183,6.214,6.167,6.199,69345.0
2023-06-28 00:00:00,6.2,6.205,6.104,6.143,223348.0
2023-06-28 01:00:00,6.142,6.167,6.103,6.115,89652.0
2023-06-28 02:00:00,6.114,6.137,6.059,6.075,167296.0
2023-06-28 03:00:00,6.073,6.106,6.07,6.105,80684.0
2023-06-28 04:00:00,6.102,6.11,6.076,6.098,76004.0
2023-06-28 05:00:00,6.097,6.109,6.067,6.109,41101.0
2023-06-28 06:00:00,6.109,6.113,6.054,6.082,97457.0
2023-06-28 07:00:00,6.081,6.132,5.964,5.967,723250.0
2023-06-28 08:00:00,5.972,6.041,5.947,6.037,224793.0
2023-06-28 09:00:00,6.036,6.063,6.016,6.026,118249.0
2023-06-28 10:00:00,6.025,6.034,6.003,6.03,90251.0
2023-06-28 11:00:00,6.031,6.038,5.994,5.997,82796.0
2023-06-28 12:00:00,5.993,6.015,5.951,5.962,235458.0
2023-06-28 13:00:00,5.961,6.005,5.942,5.999,199510.0
2023-06-28 14:00:00,5.998,6.058,5.98,6.012,152103.0
2023-06-28 15:00:00,6.012,6.031,5.994,6.019,103929.0
2023-06-28 16:00:00,6.021,6.033,5.968,5.969,118220.0
2023-06-28 17:00:00,5.969,5.976,5.904,5.911,272999.0
2023-06-28 18:00:00,5.908,5.937,5.895,5.899,117260.0
2023-06-28 19:00:00,5.897,5.929,5.674,5.821,1255389.0
2023-06-28 20:00:00,5.82,5.832,5.78,5.811,162641.0
2023-06-28 21:00:00,5.811,5.842,5.781,5.83,163380.0
2023-06-28 22:00:00,5.829,5.872,5.829,5.86,92704.0
2023-06-28 23:00:00,5.859,5.878,5.805,5.813,100999.0
2023-06-29 00:00:00,5.814,5.838,5.787,5.805,142662.0
2023-06-29 01:00:00,5.805,5.882,5.799,5.824,130744.0
2023-06-29 02:00:00,5.822,5.828,5.795,5.805,147056.0
2023-06-29 03:00:00,5.805,5.842,5.79,5.829,73513.0
2023-06-29 04:00:00,5.829,5.85,5.82,5.85,82265.0
2023-06-29 05:00:00,5.846,5.863,5.838,5.84,107258.0
2023-06-29 06:00:00,5.841,5.855,5.827,5.85,42410.0
2023-06-29 07:00:00,5.848,5.894,5.846,5.883,130981.0
2023-06-29 08:00:00,5.88,5.884,5.86,5.879,82788.0
2023-06-29 09:00:00,5.881,5.923,5.871,5.915,234693.0
2023-06-29 10:00:00,5.915,5.984,5.883,5.972,293402.0
2023-06-29 11:00:00,5.972,6.152,5.959,6.136,388611.0
2023-06-29 12:00:00,6.135,6.187,6.074,6.08,492562.0
2023-06-29 13:00:00,6.08,6.125,6.019,6.048,394820.0
2023-06-29 14:00:00,6.049,6.086,5.983,5.995,309899.0
2023-06-29 15:00:00,5.995,6.009,5.95,5.963,171811.0
2023-06-29 16:00:00,5.964,6.007,5.941,5.943,228729.0
2023-06-29 17:00:00,5.944,5.973,5.906,5.914,242822.0
2023-06-29 18:00:00,5.914,5.956,5.903,5.956,83660.0
2023-06-29 19:00:00,5.955,5.959,5.896,5.945,72031.0
2023-06-29 20:00:00,5.942,5.946,5.865,5.894,193172.0
2023-06-29 21:00:00,5.893,5.913,5.875,5.898,49602.0
2023-06-29 22:00:00,5.898,5.925,5.889,5.898,50874.0
2023-06-29 23:00:00,5.899,5.937,5.883,5.892,142075.0
2023-06-30 00:00:00,5.893,5.93,5.879,5.885,109564.0
2023-06-30 01:00:00,5.885,5.914,5.838,5.913,183846.0
2023-06-30 02:00:00,5.911,6.058,5.904,6.026,601502.0
2023-06-30 03:00:00,6.026,6.121,6.014,6.098,290519.0
2023-06-30 04:00:00,6.1,6.216,6.056,6.119,368577.0
2023-06-30 05:00:00,6.12,6.188,6.104,6.133,216937.0
2023-06-30 06:00:00,6.131,6.15,6.079,6.129,162108.0
2023-06-30 07:00:00,6.131,6.187,6.107,6.147,214591.0
2023-06-30 08:00:00,6.148,6.222,6.13,6.176,239481.0
2023-06-30 09:00:00,6.177,6.247,6.138,6.185,458152.0
2023-06-30 10:00:00,6.186,6.249,6.179,6.229,194375.0
2023-06-30 11:00:00,6.228,6.242,6.174,6.23,145948.0
2023-06-30 12:00:00,6.23,6.297,6.194,6.275,325945.0
2023-06-30 13:00:00,6.274,6.283,5.702,5.962,3218185.0
2023-06-30 14:00:00,5.958,6.063,5.895,6.031,758402.0
2023-06-30 15:00:00,6.03,6.131,6.021,6.081,436817.0
2023-06-30 16:00:00,6.082,6.322,6.036,6.292,611094.0
2023-06-30 17:00:00,6.293,6.454,6.286,6.385,949843.0
2023-06-30 18:00:00,6.385,6.405,6.217,6.294,566641.0
2023-06-30 19:00:00,6.293,6.325,6.26,6.311,207368.0
2023-06-30 20:00:00,6.31,6.333,6.277,6.286,192153.0
2023-06-30 21:00:00,6.287,6.313,6.232,6.301,200372.0
2023-06-30 22:00:00,6.301,6.335,6.296,6.312,73819.0
2023-06-30 23:00:00,6.311,6.342,6.289,6.312,107567.0
2023-07-01 00:00:00,6.314,6.357,6.294,6.299,223065.0
2023-07-01 01:00:00,6.298,6.315,6.237,6.296,490867.0
2023-07-01 02:00:00,6.295,6.301,6.204,6.216,225199.0
2023-07-01 03:00:00,6.213,6.233,6.191,6.216,165810.0
2023-07-01 04:00:00,6.217,6.221,6.118,6.182,468226.0
2023-07-01 05:00:00,6.182,6.208,6.158,6.205,160191.0
2023-07-01 06:00:00,6.204,6.232,6.182,6.222,111779.0
2023-07-01 07:00:00,6.221,6.276,6.179,6.246,352549.0
2023-07-01 08:00:00,6.248,6.263,6.187,6.195,455729.0
2023-07-01 09:00:00,6.194,6.248,6.184,6.215,390191.0
2023-07-01 10:00:00,6.214,6.217,6.171,6.201,211925.0
2023-07-01 11:00:00,6.201,6.23,6.191,6.223,147261.0
2023-07-01 12:00:00,6.223,6.273,6.212,6.266,291271.0
2023-07-01 13:00:00,6.266,6.307,6.253,6.306,358896.0
2023-07-01 14:00:00,6.306,6.334,6.283,6.306,174856.0
2023-07-01 15:00:00,6.304,6.348,6.291,6.339,197816.0
2023-07-01 16:00:00,6.34,6.342,6.282,6.319,182656.0
2023-07-01 17:00:00,6.318,6.395,6.285,6.377,244061.0
2023-07-01 18:00:00,6.379,6.4,6.346,6.395,173790.0
2023-07-01 19:00:00,6.395,6.467,6.395,6.422,214396.0
2023-07-01 20:00:00,6.422,6.479,6.415,6.469,176626.0
2023-07-01 21:00:00,6.469,6.504,6.424,6.429,196437.0
2023-07-01 22:00:00,6.43,6.496,6.429,6.487,131918.0
2023-07-01 23:00:00,6.487,6.527,6.481,6.504,193510.0
2023-07-02 00:00:00,6.503,6.508,6.413,6.423,637208.0
2023-07-02 01:00:00,6.422,6.475,6.412,6.444,168667.0
2023-07-02 02:00:00,6.444,6.496,6.367,6.445,429574.0
2023-07-02 03:00:00,6.444,6.468,6.363,6.385,318424.0
2023-07-02 04:00:00,6.382,6.421,6.359,6.419,223477.0
2023-07-02 05:00:00,6.417,6.473,6.417,6.452,186995.0
2023-07-02 06:00:00,6.453,6.488,6.441,6.443,139017.0
2023-07-02 07:00:00,6.442,6.447,6.401,6.409,136564.0
2023-07-02 08:00:00,6.409,6.434,6.377,6.382,114660.0
2023-07-02 09:00:00,6.382,6.424,6.381,6.398,141904.0
2023-07-02 10:00:00,6.397,6.446,6.397,6.41,177843.0
2023-07-02 11:00:00,6.411,6.511,6.407,6.486,286325.0
2023-07-02 12:00:00,6.487,6.556,6.43,6.454,353502.0
2023-07-02 13:00:00,6.455,6.467,6.397,6.431,190232.0
2023-07-02 14:00:00,6.432,6.502,6.411,6.494,232547.0
2023-07-02 15:00:00,6.493,6.527,6.369,6.467,1115430.0
2023-07-02 16:00:00,6.467,6.469,6.408,6.431,244584.0
2023-07-02 17:00:00,6.43,6.46,6.363,6.372,554643.0
2023-07-02 18:00:00,6.371,6.417,6.332,6.411,266937.0
2023-07-02 19:00:00,6.41,6.465,6.399,6.454,127803.0
2023-07-02 20:00:00,6.453,6.454,6.408,6.44,106380.0
2023-07-02 21:00:00,6.439,6.48,6.429,6.459,131808.0
2023-07-02 22:00:00,6.458,6.563,6.45,6.534,651585.0
2023-07-02 23:00:00,6.537,6.554,6.504,6.541,161133.0
2023-07-03 00:00:00,6.54,6.569,6.467,6.478,283021.0
2023-07-03 01:00:00,6.476,6.577,6.476,6.541,167295.0
2023-07-03 02:00:00,6.542,6.631,6.533,6.629,350161.0
2023-07-03 03:00:00,6.626,6.632,6.562,6.586,225448.0
2023-07-03 04:00:00,6.586,6.609,6.542,6.563,381229.0
2023-07-03 05:00:00,6.564,6.607,6.55,6.593,144487.0
2023-07-03 06:00:00,6.593,6.604,6.488,6.561,605133.0
2023-07-03 07:00:00,6.563,6.635,6.55,6.633,272805.0
2023-07-03 08:00:00,6.632,6.66,6.606,6.617,269199.0
2023-07-03 09:00:00,6.616,6.621,6.579,6.585,161858.0
2023-07-03 10:00:00,6.584,6.626,6.574,6.615,163190.0
2023-07-03 11:00:00,6.616,6.654,6.581,6.65,203431.0
2023-07-03 12:00:00,6.651,6.662,6.567,6.611,320570.0
2023-07-03 13:00:00,6.611,6.638,6.574,6.606,305502.0
2023-07-03 14:00:00,6.607,6.636,6.582,6.606,166001.0
2023-07-03 15:00:00,6.608,6.665,6.604,6.63,309903.0
2023-07-03 16:00:00,6.631,6.644,6.56,6.591,356533.0
2023-07-03 17:00:00,6.593,6.626,6.56,6.614,134543.0
2023-07-03 18:00:00,6.615,6.657,6.59,6.653,202452.0
2023-07-03 19:00:00,6.652,6.695,6.638,6.664,287488.0
2023-07-03 20:00:00,6.663,6.669,6.588,6.607,160468.0
2023-07-03 21:00:00,6.607,6.61,6.561,6.59,83454.0
2023-07-03 22:00:00,6.59,6.607,6.569,6.602,90262.0
2023-07-03 23:00:00,6.597,6.633,6.584,6.631,87919.0
2023-07-04 00:00:00,6.63,6.63,6.56,6.569,113892.0
2023-07-04 01:00:00,6.569,6.62,6.541,6.589,196711.0
2023-07-04 02:00:00,6.59,6.591,6.553,6.569,100500.0
2023-07-04 03:00:00,6.569,6.616,6.545,6.612,105233.0
2023-07-04 04:00:00,6.612,6.612,6.46,6.522,475621.0
2023-07-04 05:00:00,6.521,6.524,6.482,6.508,174471.0
2023-07-04 06:00:00,6.508,6.534,6.467,6.511,206284.0
2023-07-04 07:00:00,6.511,6.522,6.465,6.466,166974.0
2023-07-04 08:00:00,6.465,6.479,6.434,6.465,123139.0
2023-07-04 09:00:00,6.467,6.494,6.432,6.494,132575.0
2023-07-04 10:00:00,6.494,6.508,6.471,6.499,93661.0
2023-07-04 11:00:00,6.496,6.53,6.485,6.526,71904.0
2023-07-04 12:00:00,6.526,6.536,6.476,6.502,151321.0
2023-07-04 13:00:00,6.501,6.507,6.476,6.504,126956.0
2023-07-04 14:00:00,6.504,6.538,6.501,6.511,64197.0
2023-07-04 15:00:00,6.511,6.532,6.455,6.501,131896.0
2023-07-04 16:00:00,6.502,6.554,6.48,6.497,193477.0
2023-07-04 17:00:00,6.497,6.519,6.456,6.472,134954.0
2023-07-04 18:00:00,6.47,6.489,6.44,6.473,86987.0
2023-07-04 19:00:00,6.471,6.477,6.39,6.454,403972.0
2023-07-04 20:00:00,6.454,6.541,6.447,6.519,92161.0
2023-07-04 21:00:00,6.521,6.527,6.497,6.525,65258.0
2023-07-04 22:00:00,6.527,6.583,6.507,6.573,125379.0
2023-07-04 23:00:00,6.573,6.582,6.513,6.525,151592.0
2023-07-05 00:00:00,6.525,6.57,6.484,6.484,158158.0
2023-07-05 01:00:00,6.483,6.559,6.48,6.525,110637.0
2023-07-05 02:00:00,6.527,6.57,6.514,6.57,69237.0
2023-07-05 03:00:00,6.57,6.571,6.529,6.553,59807.0
2023-07-05 04:00:00,6.553,6.553,6.514,6.521,79504.0
2023-07-05 05:00:00,6.519,6.553,6.517,6.549,55836.0
2023-07-05 06:00:00,6.55,6.552,6.516,6.526,46500.0
2023-07-05 07:00:00,6.527,6.543,6.522,6.542,64234.0
2023-07-05 08:00:00,6.543,6.545,6.468,6.487,231102.0
2023-07-05 09:00:00,6.487,6.49,6.412,6.417,248274.0
2023-07-05 10:00:00,6.42,6.425,6.238,6.3,1033234.0
2023-07-05 11:00:00,6.299,6.36,6.277,6.296,139614.0
2023-07-05 12:00:00,6.294,6.328,6.255,6.271,228429.0
2023-07-05 13:00:00,6.27,6.314,6.251,6.303,161323.0
2023-07-05 14:00:00,6.302,6.341,6.277,6.3,200926.0
2023-07-05 15:00:00,6.302,6.303,6.212,6.275,343831.0
2023-07-05 16:00:00,6.273,6.33,6.256,6.321,124080.0
2023-07-05 17:00:00,6.321,6.344,6.287,6.305,154259.0
2023-07-05 18:00:00,6.305,6.333,6.266,6.285,88789.0
2023-07-05 19:00:00,6.286,6.293,6.263,6.263,61103.0
2023-07-05 20:00:00,6.264,6.288,6.24,6.269,79352.0
2023-07-05 21:00:00,6.274,6.301,6.266,6.283,66572.0
2023-07-05 22:00:00,6.284,6.309,6.271,6.286,66107.0
2023-07-05 23:00:00,6.286,6.329,6.274,6.299,75115.0
2023-07-06 00:00:00,6.3,6.305,6.239,6.248,123355.0
2023-07-06 01:00:00,6.247,6.277,6.206,6.272,181437.0
2023-07-06 02:00:00,6.276,6.311,6.268,6.277,175910.0
2023-07-06 03:00:00,6.277,6.319,6.277,6.318,65782.0
2023-07-06 04:00:00,6.317,6.327,6.286,6.297,77808.0
2023-07-06 05:00:00,6.297,6.367,6.281,6.363,269570.0
2023-07-06 06:00:00,6.365,6.397,6.348,6.393,177483.0
2023-07-06 07:00:00,6.393,6.402,6.363,6.363,124305.0
2023-07-06 08:00:00,6.364,6.48,6.36,6.472,276959.0
2023-07-06 09:00:00,6.473,6.511,6.438,6.443,475215.0
2023-07-06 10:00:00,6.443,6.457,6.412,6.436,101016.0
2023-07-06 11:00:00,6.439,6.441,6.311,6.349,303306.0
2023-07-06 12:00:00,6.344,6.348,6.221,6.252,481927.0
2023-07-06 13:00:00,6.251,6.294,6.216,6.23,296366.0
2023-07-06 14:00:00,6.232,6.255,6.082,6.16,828626.0
2023-07-06 15:00:00,6.159,6.218,6.126,6.202,182781.0
2023-07-06 16:00:00,6.202,6.215,6.127,6.157,156973.0
2023-07-06 17:00:00,6.158,6.191,6.141,6.189,99543.0
2023-07-06 18:00:00,6.191,6.232,6.178,6.225,123485.0
2023-07-06 19:00:00,6.222,6.223,6.166,6.175,140664.0
2023-07-06 20:00:00,6.172,6.205,6.169,6.196,71625.0
2023-07-06 21:00:00,6.196,6.197,6.144,6.163,101529.0
2023-07-06 22:00:00,6.168,6.184,6.127,6.152,82638.0
2023-07-06 23:00:00,6.152,6.152,6.076,6.078,340592.0
2023-07-07 00:00:00,6.077,6.104,6.012,6.088,627244.0
2023-07-07 01:00:00,6.088,6.138,6.078,6.131,165974.0
2023-07-07 02:00:00,6.13,6.15,6.123,6.142,69578.0
2023-07-07 03:00:00,6.142,6.155,6.12,6.151,167119.0
2023-07-07 04:00:00,6.152,6.156,6.105,6.112,97774.0
2023-07-07 05:00:00,6.113,6.165,6.085,6.139,95041.0
2023-07-07 06:00:00,6.14,6.147,6.122,6.127,73338.0
2023-07-07 07:00:00,6.13,6.137,6.087,6.107,103010.0
2023-07-07 08:00:00,6.107,6.127,6.089,6.095,67923.0
2023-07-07 09:00:00,6.095,6.142,6.089,6.134,89730.0
2023-07-07 10:00:00,6.133,6.149,6.109,6.146,140943.0
2023-07-07 11:00:00,6.148,6.158,6.133,6.134,67795.0
2023-07-07 12:00:00,6.134,6.192,6.104,6.159,338126.0
2023-07-07 13:00:00,6.158,6.211,6.136,6.209,80535.0
2023-07-07 14:00:00,6.21,6.223,6.173,6.211,162772.0
2023-07-07 15:00:00,6.21,6.222,6.18,6.214,99264.0
2023-07-07 16:00:00,6.214,6.22,6.192,6.2,111940.0
2023-07-07 17:00:00,6.201,6.202,6.142,6.174,128298.0
2023-07-07 18:00:00,6.173,6.177,6.117,6.133,90041.0
2023-07-07 19:00:00,6.13,6.154,6.114,6.148,63923.0
2023-07-07 20:00:00,6.148,6.154,6.129,6.145,49088.0
2023-07-07 21:00:00,6.146,6.179,6.142,6.146,48595.0
2023-07-07 22:00:00,6.146,6.16,6.137,6.155,33734.0
2023-07-07 23:00:00,6.155,6.164,6.146,6.161,66049.0
2023-07-08 00:00:00,6.161,6.165,6.128,6.165,174031.0
2023-07-08 01:00:00,6.164,6.191,6.151,6.172,62535.0
2023-07-08 02:00:00,6.174,6.179,6.158,6.169,105074.0
2023-07-08 03:00:00,6.165,6.169,6.133,6.142,88749.0
2023-07-08 04:00:00,6.142,6.172,6.134,6.169,52148.0
2023-07-08 05:00:00,6.169,6.169,6.117,6.148,78782.0
2023-07-08 06:00:00,6.146,6.149,6.108,6.135,62609.0
2023-07-08 07:00:00,6.134,6.167,6.134,6.161,112832.0
2023-07-08 08:00:00,6.158,6.202,6.153,6.2,170491.0
2023-07-08 09:00:00,6.201,6.224,6.178,6.205,140004.0
2023-07-08 10:00:00,6.204,6.208,6.188,6.194,44709.0
2023-07-08 11:00:00,6.195,6.201,6.144,6.169,158651.0
2023-07-08 12:00:00,6.171,6.207,6.149,6.18,108881.0
2023-07-08 13:00:00,6.182,6.213,6.177,6.182,50232.0
2023-07-08 14:00:00,6.183,6.194,6.163,6.169,37926.0
2023-07-08 15:00:00,6.169,6.191,6.141,6.179,64699.0
2023-07-08 16:00:00,6.178,6.198,6.173,6.178,76584.0
2023-07-08 17:00:00,6.178,6.181,6.161,6.173,49390.0
2023-07-08 18:00:00,6.174,6.175,6.146,6.167,69053.0
2023-07-08 19:00:00,6.167,6.17,6.092,6.107,183929.0
2023-07-08 20:00:00,6.107,6.131,6.091,6.131,85660.0
2023-07-08 21:00:00,6.131,6.146,6.112,6.138,34264.0
2023-07-08 22:00:00,6.139,6.19,6.13,6.187,141496.0
2023-07-08 23:00:00,6.187,6.209,6.183,6.196,149280.0
2023-07-09 00:00:00,6.198,6.224,6.182,6.215,136347.0
2023-07-09 01:00:00,6.214,6.242,6.195,6.206,127290.0
2023-07-09 02:00:00,6.209,6.225,6.198,6.209,64525.0
2023-07-09 03:00:00,6.21,6.227,6.2,6.213,66322.0
2023-07-09 04:00:00,6.213,6.224,6.202,6.212,49743.0
2023-07-09 05:00:00,6.211,6.227,6.209,6.214,42154.0
2023-07-09 06:00:00,6.213,6.222,6.193,6.199,56516.0
2023-07-09 07:00:00,6.198,6.214,6.176,6.201,105829.0
2023-07-09 08:00:00,6.202,6.224,6.198,6.223,78906.0
2023-07-09 09:00:00,6.224,6.227,6.191,6.213,64712.0
2023-07-09 10:00:00,6.214,6.223,6.205,6.206,46722.0
2023-07-09 11:00:00,6.209,6.218,6.193,6.202,61635.0
2023-07-09 12:00:00,6.202,6.231,6.192,6.219,59119.0
2023-07-09 13:00:00,6.222,6.226,6.192,6.194,41703.0
2023-07-09 14:00:00,6.195,6.214,6.157,6.192,189725.0
2023-07-09 15:00:00,6.192,6.203,6.158,6.164,98561.0
2023-07-09 16:00:00,6.162,6.164,6.135,6.141,77552.0
2023-07-09 17:00:00,6.141,6.171,6.132,6.164,60714.0
2023-07-09 18:00:00,6.165,6.171,6.147,6.151,41988.0
2023-07-09 19:00:00,6.151,6.16,6.138,6.157,40099.0
2023-07-09 20:00:00,6.158,6.162,6.122,6.158,49029.0
2023-07-09 21:00:00,6.158,6.167,6.134,6.142,52215.0
2023-07-09 22:00:00,6.142,6.165,6.128,6.157,60802.0
2023-07-09 23:00:00,6.154,6.156,6.129,6.148,45424.0
2023-07-10 00:00:00,6.149,6.152,6.014,6.056,686763.0
2023-07-10 01:00:00,6.055,6.095,6.035,6.041,166704.0
2023-07-10 02:00:00,6.04,6.117,6.04,6.113,117531.0
2023-07-10 03:00:00,6.115,6.135,6.082,6.091,122779.0
2023-07-10 04:00:00,6.093,6.109,6.071,6.092,45716.0
2023-07-10 05:00:00,6.091,6.105,6.064,6.065,55832.0
2023-07-10 06:00:00,6.067,6.088,6.063,6.072,94149.0
2023-07-10 07:00:00,6.071,6.096,6.067,6.093,133345.0
2023-07-10 08:00:00,6.094,6.095,6.016,6.068,210741.0
2023-07-10 09:00:00,6.067,6.13,6.051,6.081,239212.0
2023-07-10 10:00:00,6.08,6.11,6.071,6.1,55926.0
2023-07-10 11:00:00,6.1,6.126,6.095,6.123,55853.0
2023-07-10 12:00:00,6.123,6.141,6.099,6.11,109347.0
2023-07-10 13:00:00,6.109,6.139,6.096,6.111,57409.0
2023-07-10 14:00:00,6.11,6.15,6.109,6.141,68746.0
2023-07-10 15:00:00,6.141,6.164,6.129,6.155,108040.0
2023-07-10 16:00:00,6.156,6.173,6.128,6.167,100438.0
2023-07-10 17:00:00,6.168,6.199,6.146,6.148,130632.0
2023-07-10 18:00:00,6.146,6.214,6.137,6.202,102982.0
2023-07-10 19:00:00,6.203,6.281,6.196,6.263,241026.0
2023-07-10 20:00:00,6.266,6.303,6.227,6.246,173709.0
2023-07-10 21:00:00,6.245,6.252,6.171,6.171,104523.0
2023-07-10 22:00:00,6.174,6.195,6.127,6.155,257957.0
2023-07-10 23:00:00,6.156,6.176,6.153,6.169,94159.0
2023-07-11 00:00:00,6.168,6.195,6.12,6.157,109428.0
2023-07-11 01:00:00,6.155,6.189,6.151,6.166,70837.0
2023-07-11 02:00:00,6.165,6.186,6.15,6.158,104046.0
2023-07-11 03:00:00,6.158,6.179,6.151,6.176,32310.0
2023-07-11 04:00:00,6.176,6.188,6.168,6.182,109750.0
2023-07-11 05:00:00,6.183,6.192,6.172,6.183,107836.0
2023-07-11 06:00:00,6.183,6.235,6.179,6.23,140521.0
2023-07-11 07:00:00,6.231,6.233,6.193,6.199,125400.0
2023-07-11 08:00:00,6.199,6.213,6.187,6.19,81705.0
2023-07-11 09:00:00,6.189,6.198,6.148,6.171,207930.0
2023-07-11 10:00:00,6.171,6.175,6.14,6.155,64065.0
2023-07-11 11:00:00,6.153,6.176,6.15,6.168,46444.0
2023-07-11 12:00:00,6.167,6.175,6.146,6.174,120721.0
2023-07-11 13:00:00,6.175,6.192,6.144,6.169,148525.0
2023-07-11 14:00:00,6.167,6.194,6.132,6.181,107546.0
2023-07-11 15:00:00,6.182,6.226,6.167,6.193,132211.0
2023-07-11 16:00:00,6.194,6.194,6.15,6.182,75381.0
2023-07-11 17:00:00,6.181,6.202,6.167,6.181,50659.0
2023-07-11 18:00:00,6.18,6.186,6.145,6.162,53893.0
2023-07-11 19:00:00,6.162,6.173,6.142,6.167,27190.0
2023-07-11 20:00:00,6.171,6.177,6.157,6.173,23938.0
2023-07-11 21:00:00,6.172,6.18,6.154,6.18,24640.0
2023-07-11 22:00:00,6.179,6.216,6.166,6.213,132236.0
2023-07-11 23:00:00,6.212,6.218,6.199,6.203,109103.0
2023-07-12 00:00:00,6.204,6.232,6.201,6.225,79880.0
2023-07-12 01:00:00,6.227,6.283,6.227,6.255,137356.0
2023-07-12 02:00:00,6.255,6.259,6.229,6.229,66663.0
2023-07-12 03:00:00,6.231,6.239,6.209,6.224,64040.0
2023-07-12 04:00:00,6.223,6.246,6.216,6.244,36566.0
2023-07-12 05:00:00,6.243,6.25,6.232,6.246,72741.0
2023-07-12 06:00:00,6.245,6.269,6.22,6.245,82491.0
2023-07-12 07:00:00,6.246,6.281,6.243,6.261,129225.0
2023-07-12 08:00:00,6.26,6.277,6.256,6.268,149949.0
2023-07-12 09:00:00,6.267,6.271,6.246,6.26,34388.0
2023-07-12 10:00:00,6.26,6.261,6.232,6.237,50484.0
2023-07-12 11:00:00,6.237,6.27,6.235,6.262,23701.0
2023-07-12 12:00:00,6.261,6.311,6.231,6.271,341934.0
2023-07-12 13:00:00,6.27,6.299,6.215,6.242,131108.0
2023-07-12 14:00:00,6.242,6.304,6.241,6.279,170177.0
2023-07-12 15:00:00,6.285,6.302,6.238,6.246,110519.0
2023-07-12 16:00:00,6.244,6.265,6.193,6.265,186880.0
2023-07-12 17:00:00,6.266,6.281,6.243,6.25,69820.0
2023-07-12 18:00:00,6.249,6.344,6.247,6.316,312795.0
2023-07-12 19:00:00,6.315,6.317,6.194,6.212,289113.0
2023-07-12 20:00:00,6.209,6.245,6.198,6.24,71363.0
2023-07-12 21:00:00,6.239,6.245,6.205,6.228,78219.0
2023-07-12 22:00:00,6.227,6.231,6.215,6.229,71318.0
2023-07-12 23:00:00,6.228,6.256,6.223,6.251,63433.0
2023-07-13 00:00:00,6.251,6.278,6.234,6.242,89968.0
2023-07-13 01:00:00,6.245,6.273,6.211,6.267,146017.0
2023-07-13 02:00:00,6.264,6.267,6.241,6.252,38063.0
2023-07-13 03:00:00,6.254,6.261,6.228,6.239,53899.0
2023-07-13 04:00:00,6.24,6.26,6.223,6.25,42003.0
2023-07-13 05:00:00,6.251,6.276,6.226,6.273,64511.0
2023-07-13 06:00:00,6.274,6.323,6.269,6.322,163586.0
2023-07-13 07:00:00,6.322,6.354,6.3,6.303,232626.0
2023-07-13 08:00:00,6.304,6.342,6.301,6.338,85780.0
2023-07-13 09:00:00,6.338,6.405,6.336,6.388,209954.0
2023-07-13 10:00:00,6.389,6.418,6.38,6.418,199192.0
2023-07-13 11:00:00,6.417,6.474,6.404,6.45,234719.0
2023-07-13 12:00:00,6.451,6.472,6.397,6.423,157257.0
2023-07-13 13:00:00,6.423,6.456,6.413,6.44,77666.0
2023-07-13 14:00:00,6.441,6.443,6.392,6.416,107890.0
2023-07-13 15:00:00,6.416,6.681,6.4,6.612,1490664.0
2023-07-13 16:00:00,6.613,6.706,6.59,6.663,525138.0
2023-07-13 17:00:00,6.665,6.761,6.63,6.738,600253.0
2023-07-13 18:00:00,6.738,6.936,6.714,6.812,1728449.0
2023-07-13 19:00:00,6.809,6.976,6.788,6.961,664686.0
2023-07-13 20:00:00,6.962,6.98,6.913,6.958,337470.0
2023-07-13 21:00:00,6.959,6.972,6.868,6.916,298344.0
2023-07-13 22:00:00,6.915,6.985,6.911,6.958,218427.0
2023-07-13 23:00:00,6.956,7.176,6.955,7.131,532170.0
2023-07-14 00:00:00,7.13,7.33,7.075,7.302,1104993.0
2023-07-14 01:00:00,7.299,7.299,7.153,7.277,587761.0
2023-07-14 02:00:00,7.278,7.348,7.22,7.289,908173.0
2023-07-14 03:00:00,7.291,7.298,7.198,7.212,278183.0
2023-07-14 04:00:00,7.212,7.239,7.19,7.239,193315.0
2023-07-14 05:00:00,7.237,7.243,7.165,7.229,201333.0
2023-07-14 06:00:00,7.227,7.236,7.185,7.199,168440.0
2023-07-14 07:00:00,7.201,7.216,7.097,7.11,439343.0
2023-07-14 08:00:00,7.11,7.177,7.099,7.144,222690.0
2023-07-14 09:00:00,7.142,7.148,7.05,7.104,260787.0
2023-07-14 10:00:00,7.102,7.112,7.027,7.043,240749.0
2023-07-14 11:00:00,7.041,7.075,7.03,7.07,152705.0
2023-07-14 12:00:00,7.069,7.072,7.007,7.034,285019.0
2023-07-14 13:00:00,7.032,7.133,7.014,7.121,221066.0
2023-07-14 14:00:00,7.121,7.131,7.072,7.104,291022.0
2023-07-14 15:00:00,7.102,7.172,7.089,7.144,196812.0
2023-07-14 16:00:00,7.143,7.18,6.961,7.084,1166365.0
2023-07-14 17:00:00,7.082,7.082,6.886,6.952,1246460.0
2023-07-14 18:00:00,6.955,7.011,6.681,6.756,2168240.0
2023-07-14 19:00:00,6.756,6.827,6.688,6.784,602337.0
2023-07-14 20:00:00,6.784,6.824,6.716,6.793,320732.0
2023-07-14 21:00:00,6.792,6.876,6.79,6.874,218060.0
2023-07-14 22:00:00,6.874,6.876,6.837,6.853,48040.0
2023-07-14 23:00:00,6.853,6.957,6.851,6.955,170306.0
2023-07-15 00:00:00,6.955,6.957,6.864,6.905,175666.0
2023-07-15 01:00:00,6.904,6.91,6.852,6.863,174494.0
2023-07-15 02:00:00,6.866,6.891,6.837,6.869,87107.0
2023-07-15 03:00:00,6.869,6.883,6.831,6.86,88632.0
2023-07-15 04:00:00,6.86,6.892,6.852,6.869,47841.0
2023-07-15 05:00:00,6.869,6.876,6.842,6.86,71110.0
2023-07-15 06:00:00,6.86,6.939,6.843,6.927,414545.0
2023-07-15 07:00:00,6.926,6.986,6.921,6.984,154863.0
2023-07-15 08:00:00,6.983,6.987,6.937,6.951,134072.0
2023-07-15 09:00:00,6.952,7.012,6.952,7.0,86731.0
2023-07-15 10:00:00,7.002,7.021,6.98,6.983,105682.0
2023-07-15 11:00:00,6.982,6.994,6.957,6.958,46212.0
2023-07-15 12:00:00,6.958,6.984,6.954,6.959,42918.0
2023-07-15 13:00:00,6.959,6.988,6.907,6.986,154240.0
2023-07-15 14:00:00,6.987,7.006,6.951,6.967,132962.0
2023-07-15 15:00:00,6.968,7.008,6.94,6.972,136550.0
2023-07-15 16:00:00,6.972,7.007,6.938,7.0,134231.0
2023-07-15 17:00:00,7.0,7.002,6.946,6.953,56585.0
2023-07-15 18:00:00,6.955,7.009,6.949,6.963,60016.0
2023-07-15 19:00:00,6.963,6.991,6.948,6.949,26557.0
2023-07-15 20:00:00,6.947,6.947,6.913,6.938,75840.0
2023-07-15 21:00:00,6.938,6.942,6.876,6.897,246034.0
2023-07-15 22:00:00,6.899,6.918,6.877,6.906,107179.0
2023-07-15 23:00:00,6.906,6.923,6.895,6.917,58460.0
2023-07-16 00:00:00,6.918,6.923,6.861,6.863,122003.0
2023-07-16 01:00:00,6.863,6.904,6.86,6.879,93534.0
2023-07-16 02:00:00,6.878,6.89,6.733,6.821,576695.0
2023-07-16 03:00:00,6.822,6.825,6.771,6.782,165762.0
2023-07-16 04:00:00,6.782,6.807,6.77,6.802,170847.0
2023-07-16 05:00:00,6.801,6.859,6.796,6.846,124236.0
2023-07-16 06:00:00,6.846,6.848,6.811,6.825,70760.0
2023-07-16 07:00:00,6.825,6.835,6.815,6.825,45935.0
2023-07-16 08:00:00,6.825,6.841,6.808,6.814,47695.0
2023-07-16 09:00:00,6.816,6.836,6.804,6.806,55754.0
2023-07-16 10:00:00,6.805,6.846,6.801,6.814,160142.0
2023-07-16 11:00:00,6.815,6.852,6.811,6.839,65619.0
2023-07-16 12:00:00,6.838,6.855,6.809,6.819,73494.0
2023-07-16 13:00:00,6.817,6.827,6.793,6.809,50807.0
2023-07-16 14:00:00,6.807,6.883,6.795,6.839,207263.0
2023-07-16 15:00:00,6.84,6.846,6.801,6.809,83189.0
2023-07-16 16:00:00,6.812,6.812,6.741,6.754,245348.0
2023-07-16 17:00:00,6.755,6.774,6.749,6.774,81539.0
2023-07-16 18:00:00,6.773,6.789,6.694,6.702,164599.0
2023-07-16 19:00:00,6.702,6.716,6.606,6.616,376258.0
2023-07-16 20:00:00,6.616,6.655,6.609,6.646,91442.0
2023-07-16 21:00:00,6.646,6.68,6.646,6.653,95662.0
2023-07-16 22:00:00,6.653,6.691,6.637,6.644,81222.0
2023-07-16 23:00:00,6.645,6.659,6.561,6.605,307082.0
2023-07-17 00:00:00,6.605,6.645,6.56,6.622,255798.0
2023-07-17 01:00:00,6.625,6.682,6.609,6.671,103324.0
2023-07-17 02:00:00,6.67,6.693,6.658,6.678,138408.0
2023-07-17 03:00:00,6.678,6.729,6.667,6.706,135223.0
2023-07-17 04:00:00,6.708,6.713,6.673,6.708,166871.0
2023-07-17 05:00:00,6.708,6.731,6.661,6.662,158161.0
2023-07-17 06:00:00,6.665,6.699,6.643,6.696,94267.0
2023-07-17 07:00:00,6.696,6.702,6.669,6.68,129068.0
2023-07-17 08:00:00,6.68,6.682,6.64,6.641,90852.0
2023-07-17 09:00:00,6.642,6.652,6.564,6.576,317089.0
2023-07-17 10:00:00,6.574,6.599,6.437,6.585,774803.0
2023-07-17 11:00:00,6.585,6.659,6.582,6.64,206180.0
2023-07-17 12:00:00,6.64,6.652,6.543,6.635,295422.0
2023-07-17 13:00:00,6.635,6.686,6.592,6.685,203370.0
2023-07-17 14:00:00,6.685,6.698,6.652,6.666,184881.0
2023-07-17 15:00:00,6.668,6.689,6.615,6.67,271576.0
2023-07-17 16:00:00,6.667,6.823,6.631,6.79,1050751.0
2023-07-17 17:00:00,6.787,7.062,6.728,6.91,1921299.0
2023-07-17 18:00:00,6.911,6.936,6.731,6.8,1119239.0
2023-07-17 19:00:00,6.799,6.955,6.794,6.896,664473.0
2023-07-17 20:00:00,6.895,6.978,6.882,6.927,394084.0
2023-07-17 21:00:00,6.928,7.032,6.887,7.023,328965.0
2023-07-17 22:00:00,7.022,7.224,6.996,7.181,732917.0
2023-07-17 23:00:00,7.182,7.267,7.172,7.186,1069625.0
2023-07-18 00:00:00,7.187,7.299,7.187,7.283,1125690.0
2023-07-18 01:00:00,7.283,7.3,7.234,7.245,629703.0
2023-07-18 02:00:00,7.244,7.249,7.122,7.158,959516.0
2023-07-18 03:00:00,7.156,7.172,7.087,7.093,448710.0
2023-07-18 04:00:00,7.094,7.138,7.046,7.135,527906.0
2023-07-18 05:00:00,7.134,7.165,7.089,7.128,647164.0
2023-07-18 06:00:00,7.129,7.146,7.007,7.027,642503.0
2023-07-18 07:00:00,7.027,7.101,7.009,7.06,550586.0
2023-07-18 08:00:00,7.057,7.157,7.001,7.057,943521.0
2023-07-18 09:00:00,7.057,7.155,7.046,7.061,623799.0
2023-07-18 10:00:00,7.058,7.122,7.029,7.069,422766.0
2023-07-18 11:00:00,7.07,7.087,6.912,6.923,982896.0
2023-07-18 12:00:00,6.921,6.945,6.848,6.93,870982.0
2023-07-18 13:00:00,6.928,6.961,6.898,6.94,534490.0
2023-07-18 14:00:00,6.94,7.027,6.934,6.976,477452.0
2023-07-18 15:00:00,6.977,6.985,6.905,6.951,370734.0
2023-07-18 16:00:00,6.951,7.022,6.786,6.872,1021108.0
2023-07-18 17:00:00,6.874,6.935,6.837,6.935,613797.0
2023-07-18 18:00:00,6.935,6.987,6.931,6.951,260509.0
2023-07-18 19:00:00,6.951,6.971,6.868,6.879,187985.0
2023-07-18 20:00:00,6.879,6.905,6.856,6.865,123821.0
2023-07-18 21:00:00,6.865,6.937,6.862,6.879,218759.0
2023-07-18 22:00:00,6.878,6.942,6.853,6.939,194634.0
2023-07-18 23:00:00,6.938,6.955,6.896,6.913,530844.0
2023-07-19 00:00:00,6.912,7.02,6.877,7.009,594492.0
2023-07-19 01:00:00,7.01,7.03,6.967,7.005,417555.0
2023-07-19 02:00:00,7.002,7.014,6.965,6.984,131660.0
2023-07-19 03:00:00,6.984,7.011,6.97,6.971,179099.0
2023-07-19 04:00:00,6.971,7.02,6.951,6.963,262328.0
2023-07-19 05:00:00,6.962,6.982,6.938,6.942,139183.0
2023-07-19 06:00:00,6.94,6.953,6.883,6.901,191710.0
2023-07-19 07:00:00,6.902,6.923,6.873,6.879,140515.0
2023-07-19 08:00:00,6.879,6.885,6.81,6.82,457115.0
2023-07-19 09:00:00,6.82,6.872,6.802,6.848,190692.0
2023-07-19 10:00:00,6.846,6.868,6.823,6.835,110714.0
2023-07-19 11:00:00,6.833,6.858,6.816,6.852,92042.0
2023-07-19 12:00:00,6.851,6.851,6.785,6.808,177567.0
2023-07-19 13:00:00,6.808,6.89,6.775,6.851,429755.0
2023-07-19 14:00:00,6.851,6.925,6.799,6.839,604792.0
2023-07-19 15:00:00,6.84,6.933,6.803,6.904,442954.0
2023-07-19 16:00:00,6.902,6.941,6.864,6.887,168218.0
2023-07-19 17:00:00,6.888,7.003,6.878,6.97,277047.0
2023-07-19 18:00:00,6.971,7.012,6.954,7.01,277061.0
2023-07-19 19:00:00,7.008,7.049,6.989,7.031,213632.0
2023-07-19 20:00:00,7.031,7.032,6.948,6.949,330598.0
2023-07-19 21:00:00,6.947,6.95,6.85,6.928,352563.0
2023-07-19 22:00:00,6.928,6.928,6.868,6.887,138420.0
2023-07-19 23:00:00,6.889,6.928,6.874,6.913,129415.0
2023-07-20 00:00:00,6.914,6.979,6.884,6.963,247109.0
2023-07-20 01:00:00,6.964,6.986,6.956,6.975,116999.0
2023-07-20 02:00:00,6.975,7.023,6.975,6.991,177767.0
2023-07-20 03:00:00,6.99,6.992,6.936,6.951,113880.0
2023-07-20 04:00:00,6.952,6.967,6.922,6.929,76635.0
2023-07-20 05:00:00,6.931,7.044,6.916,7.026,314835.0
2023-07-20 06:00:00,7.026,7.059,7.01,7.019,171545.0
2023-07-20 07:00:00,7.021,7.461,7.021,7.429,2253437.0
2023-07-20 08:00:00,7.431,7.705,7.413,7.664,3528722.0
2023-07-20 09:00:00,7.664,8.133,7.605,8.106,8425969.0
2023-07-20 10:00:00,8.105,8.191,7.975,8.053,5319613.0
2023-07-20 11:00:00,8.054,8.42,7.983,8.326,6681795.0
2023-07-20 12:00:00,8.326,8.407,8.109,8.156,4189577.0
2023-07-20 13:00:00,8.155,8.302,8.155,8.253,2514016.0
2023-07-20 14:00:00,8.254,8.3,7.966,8.122,6349470.0
2023-07-20 15:00:00,8.121,8.328,7.958,8.066,4034344.0
2023-07-20 16:00:00,8.066,8.164,8.002,8.161,2714439.0
2023-07-20 17:00:00,8.162,8.249,8.093,8.106,2235114.0
2023-07-20 18:00:00,8.107,8.149,8.05,8.139,1202394.0
2023-07-20 19:00:00,8.138,8.3,8.068,8.132,1849056.0
2023-07-20 20:00:00,8.133,8.212,8.038,8.161,1817434.0
2023-07-20 21:00:00,8.161,8.3,8.144,8.239,1097774.0
2023-07-20 22:00:00,8.238,8.483,8.19,8.235,2643903.0
2023-07-20 23:00:00,8.236,8.385,8.215,8.358,1477948.0
2023-07-21 00:00:00,8.359,8.45,8.148,8.184,2972952.0
2023-07-21 01:00:00,8.183,8.369,8.161,8.317,1325912.0
2023-07-21 02:00:00,8.318,8.43,8.245,8.265,1601183.0
2023-07-21 03:00:00,8.265,8.318,8.213,8.292,921710.0
2023-07-21 04:00:00,8.292,8.359,8.18,8.181,1302752.0
2023-07-21 05:00:00,8.182,8.237,8.085,8.094,1495529.0
2023-07-21 06:00:00,8.094,8.179,8.056,8.112,954660.0
2023-07-21 07:00:00,8.112,8.169,8.036,8.072,1149022.0
2023-07-21 08:00:00,8.071,8.138,8.06,8.096,764102.0
2023-07-21 09:00:00,8.095,8.171,8.047,8.091,1354608.0
2023-07-21 10:00:00,8.089,8.229,8.085,8.206,1048355.0
2023-07-21 11:00:00,8.206,8.244,8.118,8.138,955567.0
2023-07-21 12:00:00,8.137,8.189,8.136,8.144,797727.0
2023-07-21 13:00:00,8.14,8.178,8.066,8.092,980547.0
2023-07-21 14:00:00,8.091,8.182,8.06,8.179,996997.0
2023-07-21 15:00:00,8.179,8.206,8.124,8.13,846821.0
2023-07-21 16:00:00,8.133,8.183,8.079,8.136,855128.0
2023-07-21 17:00:00,8.136,8.192,8.125,8.181,650427.0
2023-07-21 18:00:00,8.181,8.231,8.169,8.191,618459.0
2023-07-21 19:00:00,8.193,8.193,8.075,8.137,544530.0
2023-07-21 20:00:00,8.136,8.151,8.095,8.131,277504.0
2023-07-21 21:00:00,8.132,8.14,8.072,8.107,569496.0
2023-07-21 22:00:00,8.106,8.173,8.095,8.161,245176.0
2023-07-21 23:00:00,8.161,8.184,8.116,8.129,475707.0
2023-07-22 00:00:00,8.128,8.199,8.104,8.179,908311.0
2023-07-22 01:00:00,8.178,8.178,8.082,8.101,722885.0
2023-07-22 02:00:00,8.1,8.179,8.06,8.156,1124905.0
2023-07-22 03:00:00,8.157,8.194,8.132,8.153,581473.0
2023-07-22 04:00:00,8.154,8.183,8.128,8.16,441218.0
2023-07-22 05:00:00,8.161,8.164,8.11,8.135,285516.0
2023-07-22 06:00:00,8.136,8.181,8.13,8.147,416605.0
2023-07-22 07:00:00,8.147,8.183,8.129,8.164,344295.0
2023-07-22 08:00:00,8.165,8.38,8.063,8.11,3574938.0
2023-07-22 09:00:00,8.111,8.159,7.908,7.967,2941888.0
2023-07-22 10:00:00,7.968,7.998,7.855,7.945,2542019.0
2023-07-22 11:00:00,7.943,8.039,7.936,7.971,701214.0
2023-07-22 12:00:00,7.971,8.03,7.935,7.994,599512.0
2023-07-22 13:00:00,7.993,8.023,7.983,8.006,354298.0
2023-07-22 14:00:00,8.007,8.048,7.97,7.971,656851.0
2023-07-22 15:00:00,7.971,8.099,7.945,8.054,878493.0
2023-07-22 16:00:00,8.056,8.072,8.003,8.038,537892.0
2023-07-22 17:00:00,8.039,8.047,7.97,8.001,265564.0
2023-07-22 18:00:00,8.001,8.009,7.939,7.981,330726.0
2023-07-22 19:00:00,7.982,8.016,7.957,7.987,318797.0
2023-07-22 20:00:00,7.988,8.032,7.97,8.02,386270.0
2023-07-22 21:00:00,8.02,8.025,7.983,7.997,126618.0
2023-07-22 22:00:00,7.998,8.001,7.947,7.974,211302.0
2023-07-22 23:00:00,7.975,7.979,7.753,7.885,2141115.0
2023-07-23 00:00:00,7.884,7.893,7.815,7.873,471590.0
2023-07-23 01:00:00,7.872,7.952,7.865,7.929,422611.0
2023-07-23 02:00:00,7.927,7.961,7.904,7.921,371588.0
2023-07-23 03:00:00,7.92,7.934,7.892,7.902,182249.0
2023-07-23 04:00:00,7.902,8.064,7.902,7.996,757806.0
2023-07-23 05:00:00,7.995,8.045,7.974,7.985,535485.0
2023-07-23 06:00:00,7.985,8.024,7.968,8.008,317116.0
2023-07-23 07:00:00,8.006,8.006,7.92,8.002,578225.0
2023-07-23 08:00:00,8.003,8.022,7.963,8.012,396757.0
2023-07-23 09:00:00,8.013,8.021,7.985,8.007,258998.0
2023-07-23 10:00:00,8.008,8.041,7.996,8.026,295237.0
2023-07-23 11:00:00,8.026,8.06,8.007,8.008,296153.0
2023-07-23 12:00:00,8.008,8.03,7.993,8.028,219437.0
2023-07-23 13:00:00,8.029,8.03,7.979,7.997,272132.0
2023-07-23 14:00:00,7.998,8.005,7.98,7.991,188670.0
2023-07-23 15:00:00,7.993,8.017,7.981,7.991,159995.0
2023-07-23 16:00:00,7.991,8.037,7.982,8.035,400378.0
2023-07-23 17:00:00,8.035,8.099,7.998,8.053,690059.0
2023-07-23 18:00:00,8.054,8.066,8.02,8.054,283672.0
2023-07-23 19:00:00,8.054,8.078,7.928,7.95,548023.0
2023-07-23 20:00:00,7.949,7.961,7.935,7.951,171370.0
2023-07-23 21:00:00,7.951,7.952,7.858,7.873,561096.0
2023-07-23 22:00:00,7.874,7.909,7.851,7.868,368570.0
2023-07-23 23:00:00,7.867,7.917,7.861,7.891,244194.0
2023-07-24 00:00:00,7.891,7.891,7.832,7.835,379969.0
2023-07-24 01:00:00,7.835,7.837,7.719,7.758,1219191.0
2023-07-24 02:00:00,7.759,7.759,7.696,7.712,684308.0
2023-07-24 03:00:00,7.713,7.729,7.677,7.708,438414.0
2023-07-24 04:00:00,7.708,7.762,7.657,7.758,655631.0
2023-07-24 05:00:00,7.758,7.779,7.73,7.738,298974.0
2023-07-24 06:00:00,7.739,7.751,7.704,7.707,295820.0
2023-07-24 07:00:00,7.708,7.761,7.706,7.736,558180.0
2023-07-24 08:00:00,7.736,7.742,7.68,7.68,379126.0
2023-07-24 09:00:00,7.681,7.718,7.412,7.554,2556121.0
2023-07-24 10:00:00,7.555,7.658,7.54,7.641,1026357.0
2023-07-24 11:00:00,7.641,7.645,7.595,7.601,267920.0
2023-07-24 12:00:00,7.601,7.631,7.576,7.612,330755.0
2023-07-24 13:00:00,7.613,7.642,7.583,7.617,257923.0
2023-07-24 14:00:00,7.616,7.65,7.578,7.585,442897.0
2023-07-24 15:00:00,7.587,7.628,7.5,7.609,966522.0
2023-07-24 16:00:00,7.609,7.626,7.54,7.569,869861.0
2023-07-24 17:00:00,7.568,7.573,7.518,7.53,204682.0
2023-07-24 18:00:00,7.532,7.571,7.505,7.568,210877.0
2023-07-24 19:00:00,7.567,7.57,7.53,7.533,80754.0
2023-07-24 20:00:00,7.533,7.558,7.522,7.553,133137.0
2023-07-24 21:00:00,7.553,7.617,7.548,7.613,238492.0
2023-07-24 22:00:00,7.614,7.621,7.579,7.601,224106.0
2023-07-24 23:00:00,7.601,7.619,7.582,7.587,280512.0
2023-07-25 00:00:00,7.586,7.588,7.54,7.563,187534.0
2023-07-25 01:00:00,7.563,7.595,7.546,7.579,162266.0
2023-07-25 02:00:00,7.579,7.644,7.573,7.634,374853.0
2023-07-25 03:00:00,7.633,7.641,7.598,7.628,270435.0
2023-07-25 04:00:00,7.628,7.629,7.576,7.579,197494.0
2023-07-25 05:00:00,7.579,7.619,7.579,7.603,173293.0
2023-07-25 06:00:00,7.603,7.61,7.47,7.496,1296323.0
2023-07-25 07:00:00,7.496,7.519,7.37,7.431,1051193.0
2023-07-25 08:00:00,7.432,7.45,7.39,7.441,592721.0
2023-07-25 09:00:00,7.44,7.493,7.407,7.454,398653.0
2023-07-25 10:00:00,7.453,7.485,7.437,7.472,267533.0
2023-07-25 11:00:00,7.473,7.492,7.462,7.487,237561.0
2023-07-25 12:00:00,7.488,7.504,7.439,7.457,344841.0
2023-07-25 13:00:00,7.457,7.52,7.423,7.493,515704.0
2023-07-25 14:00:00,7.495,7.532,7.404,7.411,505223.0
2023-07-25 15:00:00,7.41,7.45,7.391,7.429,342525.0
2023-07-25 16:00:00,7.428,7.472,7.413,7.42,597083.0
2023-07-25 17:00:00,7.419,7.486,7.338,7.483,1146743.0
2023-07-25 18:00:00,7.483,7.499,7.453,7.453,298158.0
2023-07-25 19:00:00,7.453,7.464,7.417,7.423,190249.0
2023-07-25 20:00:00,7.423,7.456,7.386,7.394,196872.0
2023-07-25 21:00:00,7.393,7.42,7.393,7.401,101818.0
2023-07-25 22:00:00,7.401,7.437,7.395,7.425,134390.0
2023-07-25 23:00:00,7.425,7.443,7.389,7.391,145587.0
2023-07-26 00:00:00,7.39,7.424,7.333,7.352,644688.0
2023-07-26 01:00:00,7.352,7.37,7.27,7.361,623378.0
2023-07-26 02:00:00,7.362,7.41,7.328,7.407,421063.0
2023-07-26 03:00:00,7.409,7.464,7.388,7.451,429215.0
2023-07-26 04:00:00,7.451,7.544,7.444,7.459,625976.0
2023-07-26 05:00:00,7.46,7.492,7.451,7.485,146463.0
2023-07-26 06:00:00,7.486,7.486,7.418,7.424,300057.0
2023-07-26 07:00:00,7.424,7.468,7.413,7.463,173839.0
2023-07-26 08:00:00,7.464,7.534,7.464,7.491,287369.0
2023-07-26 09:00:00,7.492,7.53,7.475,7.526,270687.0
2023-07-26 10:00:00,7.526,7.527,7.482,7.502,157573.0
2023-07-26 11:00:00,7.502,7.519,7.478,7.498,161405.0
2023-07-26 12:00:00,7.502,7.633,7.485,7.573,1348010.0
2023-07-26 13:00:00,7.573,7.577,7.536,7.552,395069.0
2023-07-26 14:00:00,7.552,7.601,7.519,7.542,420708.0
2023-07-26 15:00:00,7.541,7.599,7.532,7.597,219072.0
2023-07-26 16:00:00,7.596,7.597,7.489,7.494,329752.0
2023-07-26 17:00:00,7.493,7.535,7.46,7.506,366524.0
2023-07-26 18:00:00,7.506,7.658,7.499,7.635,1370355.0
2023-07-26 19:00:00,7.633,7.826,7.54,7.813,1765759.0
2023-07-26 20:00:00,7.813,7.837,7.759,7.782,851457.0
2023-07-26 21:00:00,7.783,7.808,7.735,7.737,268311.0
2023-07-26 22:00:00,7.739,7.755,7.691,7.751,383082.0
2023-07-26 23:00:00,7.751,7.786,7.726,7.742,402574.0
2023-07-27 00:00:00,7.74,7.764,7.678,7.741,703028.0
2023-07-27 01:00:00,7.74,7.996,7.723,7.981,1406612.0
2023-07-27 02:00:00,7.981,8.023,7.896,7.914,1685386.0
2023-07-27 03:00:00,7.913,7.988,7.895,7.982,600057.0
2023-07-27 04:00:00,7.982,7.995,7.947,7.973,424769.0
2023-07-27 05:00:00,7.974,8.066,7.947,7.968,1053346.0
2023-07-27 06:00:00,7.968,7.988,7.934,7.956,451822.0
2023-07-27 07:00:00,7.956,7.996,7.933,7.944,481408.0
2023-07-27 08:00:00,7.943,8.003,7.918,7.985,531762.0
2023-07-27 09:00:00,7.985,8.032,7.957,7.997,417559.0
2023-07-27 10:00:00,7.997,8.004,7.951,7.976,358140.0
2023-07-27 11:00:00,7.975,8.058,7.948,8.032,600093.0
2023-07-27 12:00:00,8.032,8.098,8.015,8.073,1003237.0
2023-07-27 13:00:00,8.073,8.092,8.024,8.091,639535.0
2023-07-27 14:00:00,8.091,8.132,7.994,8.038,1572610.0
2023-07-27 15:00:00,8.038,8.045,7.957,7.976,1027508.0
2023-07-27 16:00:00,7.975,8.054,7.946,8.045,576408.0
2023-07-27 17:00:00,8.045,8.045,7.937,7.945,765365.0
2023-07-27 18:00:00,7.944,7.977,7.884,7.907,563101.0
2023-07-27 19:00:00,7.906,7.953,7.874,7.938,342192.0
2023-07-27 20:00:00,7.937,7.976,7.915,7.938,259840.0
2023-07-27 21:00:00,7.939,7.97,7.913,7.939,143355.0
2023-07-27 22:00:00,7.939,8.007,7.939,7.997,336150.0
2023-07-27 23:00:00,7.995,8.024,7.956,7.989,296758.0
2023-07-28 00:00:00,7.988,8.09,7.957,8.067,804086.0
2023-07-28 01:00:00,8.068,8.068,7.998,8.001,372732.0
2023-07-28 02:00:00,8.0,8.02,7.934,7.96,371044.0
2023-07-28 03:00:00,7.958,7.963,7.909,7.928,341633.0
2023-07-28 04:00:00,7.927,7.93,7.875,7.898,478511.0
2023-07-28 05:00:00,7.898,7.902,7.806,7.833,578805.0
2023-07-28 06:00:00,7.833,7.865,7.822,7.851,285431.0
2023-07-28 07:00:00,7.851,7.888,7.826,7.84,305947.0
2023-07-28 08:00:00,7.839,7.886,7.804,7.862,341863.0
2023-07-28 09:00:00,7.862,7.893,7.849,7.883,187724.0
2023-07-28 10:00:00,7.884,7.89,7.852,7.865,214382.0
2023-07-28 11:00:00,7.865,7.88,7.837,7.842,120460.0
2023-07-28 12:00:00,7.841,7.881,7.835,7.881,304945.0
2023-07-28 13:00:00,7.882,7.884,7.841,7.878,160126.0
2023-07-28 14:00:00,7.88,7.967,7.878,7.952,568072.0
2023-07-28 15:00:00,7.952,7.98,7.881,7.894,428447.0
2023-07-28 16:00:00,7.894,7.899,7.856,7.877,274472.0
2023-07-28 17:00:00,7.876,7.878,7.783,7.823,349967.0
2023-07-28 18:00:00,7.823,7.832,7.801,7.803,94037.0
2023-07-28 19:00:00,7.803,7.822,7.782,7.804,154514.0
2023-07-28 20:00:00,7.802,7.842,7.795,7.839,98979.0
2023-07-28 21:00:00,7.84,7.841,7.816,7.836,75601.0
2023-07-28 22:00:00,7.836,7.838,7.804,7.808,87858.0
2023-07-28 23:00:00,7.81,7.822,7.764,7.773,155906.0
2023-07-29 00:00:00,7.774,7.814,7.74,7.8,331761.0
2023-07-29 01:00:00,7.802,7.844,7.797,7.822,203092.0
2023-07-29 02:00:00,7.821,7.828,7.781,7.802,248637.0
2023-07-29 03:00:00,7.802,7.811,7.767,7.774,121721.0
2023-07-29 04:00:00,7.774,7.809,7.772,7.783,143093.0
2023-07-29 05:00:00,7.783,7.794,7.772,7.786,69695.0
2023-07-29 06:00:00,7.784,7.792,7.75,7.763,123353.0
2023-07-29 07:00:00,7.763,7.778,7.743,7.777,155984.0
2023-07-29 08:00:00,7.778,7.789,7.724,7.743,181347.0
2023-07-29 09:00:00,7.742,7.765,7.728,7.738,164231.0
2023-07-29 10:00:00,7.738,7.759,7.724,7.748,95148.0
2023-07-29 11:00:00,7.749,7.77,7.735,7.736,59277.0
2023-07-29 12:00:00,7.736,7.759,7.728,7.737,88103.0
2023-07-29 13:00:00,7.737,7.764,7.735,7.751,96431.0
2023-07-29 14:00:00,7.751,7.761,7.738,7.755,141636.0
2023-07-29 15:00:00,7.755,7.765,7.74,7.742,77632.0
2023-07-29 16:00:00,7.741,7.763,7.728,7.759,103991.0
2023-07-29 17:00:00,7.76,7.806,7.746,7.793,430093.0
2023-07-29 18:00:00,7.793,7.809,7.771,7.791,174946.0
2023-07-29 19:00:00,7.792,7.817,7.787,7.807,143667.0
2023-07-29 20:00:00,7.808,7.825,7.79,7.812,119656.0
2023-07-29 21:00:00,7.812,7.901,7.812,7.815,250602.0
2023-07-29 22:00:00,7.816,7.855,7.815,7.852,154745.0
2023-07-29 23:00:00,7.852,7.879,7.841,7.842,92106.0
2023-07-30 00:00:00,7.844,7.848,7.797,7.828,212193.0
2023-07-30 01:00:00,7.828,7.843,7.807,7.823,146163.0
2023-07-30 02:00:00,7.822,7.864,7.822,7.826,144451.0
2023-07-30 03:00:00,7.825,7.846,7.81,7.81,131115.0
2023-07-30 04:00:00,7.81,7.839,7.807,7.811,73387.0
2023-07-30 05:00:00,7.813,7.823,7.796,7.817,121288.0
2023-07-30 06:00:00,7.818,7.818,7.777,7.786,131435.0
2023-07-30 07:00:00,7.786,7.795,7.742,7.768,147258.0
2023-07-30 08:00:00,7.768,7.779,7.752,7.774,164861.0
2023-07-30 09:00:00,7.773,7.778,7.747,7.752,64269.0
2023-07-30 10:00:00,7.751,7.768,7.734,7.747,244074.0
2023-07-30 11:00:00,7.748,7.78,7.735,7.751,160807.0
2023-07-30 12:00:00,7.75,7.755,7.713,7.743,210954.0
2023-07-30 13:00:00,7.744,7.744,7.706,7.72,204769.0
2023-07-30 14:00:00,7.719,7.761,7.692,7.742,327528.0
2023-07-30 15:00:00,7.742,7.8,7.706,7.72,405095.0
2023-07-30 16:00:00,7.72,7.739,7.611,7.645,587654.0
2023-07-30 17:00:00,7.645,7.68,7.645,7.679,145411.0
2023-07-30 18:00:00,7.678,7.694,7.657,7.674,111029.0
2023-07-30 19:00:00,7.675,7.68,7.483,7.523,1141684.0
2023-07-30 20:00:00,7.52,7.526,7.358,7.511,1170751.0
2023-07-30 21:00:00,7.512,7.533,7.477,7.494,221692.0
2023-07-30 22:00:00,7.494,7.505,7.472,7.483,168860.0
2023-07-30 23:00:00,7.481,7.573,7.479,7.556,359633.0
2023-07-31 00:00:00,7.555,7.716,7.538,7.699,630275.0
2023-07-31 01:00:00,7.699,7.716,7.613,7.639,398452.0
2023-07-31 02:00:00,7.638,7.657,7.61,7.633,511779.0
2023-07-31 03:00:00,7.633,7.643,7.597,7.615,147853.0
2023-07-31 04:00:00,7.616,7.62,7.559,7.583,174336.0
2023-07-31 05:00:00,7.582,7.613,7.581,7.599,97004.0
2023-07-31 06:00:00,7.598,7.635,7.593,7.615,206601.0
2023-07-31 07:00:00,7.615,7.639,7.598,7.602,94961.0
2023-07-31 08:00:00,7.603,7.65,7.598,7.649,359921.0
2023-07-31 09:00:00,7.647,7.659,7.634,7.644,115518.0
2023-07-31 10:00:00,7.644,7.666,7.629,7.666,115865.0
2023-07-31 11:00:00,7.666,7.669,7.63,7.632,62274.0
2023-07-31 12:00:00,7.632,7.663,7.616,7.638,282821.0
2023-07-31 13:00:00,7.639,7.64,7.551,7.563,955665.0
2023-07-31 14:00:00,7.561,7.585,7.532,7.568,266689.0
2023-07-31 15:00:00,7.568,7.574,7.512,7.526,186134.0
2023-07-31 16:00:00,7.524,7.585,7.515,7.568,229217.0
2023-07-31 17:00:00,7.569,7.673,7.561,7.652,521186.0
2023-07-31 18:00:00,7.652,7.653,7.582,7.586,133928.0
2023-07-31 19:00:00,7.586,7.605,7.437,7.486,821661.0
2023-07-31 20:00:00,7.485,7.541,7.431,7.495,910712.0
2023-07-31 21:00:00,7.495,7.553,7.481,7.505,150951.0
2023-07-31 22:00:00,7.504,7.535,7.497,7.53,132974.0
2023-07-31 23:00:00,7.53,7.561,7.525,7.552,81590.0
2023-08-01 00:00:00,7.552,7.596,7.541,7.589,258007.0
2023-08-01 01:00:00,7.59,7.597,7.52,7.537,286639.0
2023-08-01 02:00:00,7.537,7.546,7.28,7.429,2037311.0
2023-08-01 03:00:00,7.427,7.436,7.351,7.388,442951.0
2023-08-01 04:00:00,7.387,7.405,7.348,7.349,233917.0
2023-08-01 05:00:00,7.348,7.43,7.341,7.425,647027.0
2023-08-01 06:00:00,7.425,7.474,7.399,7.451,283694.0
2023-08-01 07:00:00,7.452,7.458,7.428,7.442,196598.0
2023-08-01 08:00:00,7.441,7.498,7.44,7.491,314921.0
2023-08-01 09:00:00,7.492,7.494,7.458,7.48,230484.0
2023-08-01 10:00:00,7.48,7.495,7.47,7.473,115584.0
2023-08-01 11:00:00,7.472,7.485,7.45,7.461,186435.0
2023-08-01 12:00:00,7.461,7.514,7.43,7.475,592112.0
2023-08-01 13:00:00,7.474,7.485,7.447,7.451,137015.0
2023-08-01 14:00:00,7.452,7.466,7.393,7.412,353092.0
2023-08-01 15:00:00,7.411,7.476,7.348,7.466,642751.0
2023-08-01 16:00:00,7.468,7.505,7.432,7.461,679279.0
2023-08-01 17:00:00,7.461,7.484,7.458,7.462,92666.0
2023-08-01 18:00:00,7.465,7.529,7.463,7.515,696661.0
2023-08-01 19:00:00,7.514,7.55,7.513,7.545,212794.0
2023-08-01 20:00:00,7.545,7.563,7.513,7.532,170876.0
2023-08-01 21:00:00,7.532,7.546,7.51,7.526,79623.0
2023-08-01 22:00:00,7.526,7.529,7.506,7.526,78997.0
2023-08-01 23:00:00,7.525,7.65,7.521,7.643,532631.0
2023-08-02 00:00:00,7.642,7.669,7.603,7.627,283147.0
2023-08-02 01:00:00,7.626,7.718,7.609,7.676,362257.0
2023-08-02 02:00:00,7.676,7.699,7.655,7.674,220339.0
2023-08-02 03:00:00,7.673,7.675,7.631,7.631,236945.0
2023-08-02 04:00:00,7.63,7.65,7.611,7.626,136671.0
2023-08-02 05:00:00,7.627,7.631,7.605,7.624,103039.0
2023-08-02 06:00:00,7.624,7.638,7.579,7.58,121259.0
2023-08-02 07:00:00,7.58,7.632,7.579,7.588,128080.0
2023-08-02 08:00:00,7.586,7.701,7.576,7.656,455049.0
2023-08-02 09:00:00,7.657,7.658,7.591,7.597,251186.0
2023-08-02 10:00:00,7.597,7.647,7.591,7.644,123437.0
2023-08-02 11:00:00,7.644,7.663,7.621,7.656,130413.0
2023-08-02 12:00:00,7.655,7.666,7.602,7.615,231152.0
2023-08-02 13:00:00,7.615,7.675,7.608,7.655,276696.0
2023-08-02 14:00:00,7.654,7.719,7.456,7.537,2352915.0
2023-08-02 15:00:00,7.536,7.553,7.42,7.489,883848.0
2023-08-02 16:00:00,7.489,7.518,7.333,7.387,1159419.0
2023-08-02 17:00:00,7.386,7.453,7.349,7.445,469841.0
2023-08-02 18:00:00,7.445,7.465,7.406,7.416,175557.0
2023-08-02 19:00:00,7.416,7.436,7.395,7.423,92434.0
2023-08-02 20:00:00,7.421,7.427,7.387,7.393,104717.0
2023-08-02 21:00:00,7.395,7.425,7.36,7.413,148105.0
2023-08-02 22:00:00,7.414,7.434,7.388,7.39,92260.0
2023-08-02 23:00:00,7.391,7.393,7.332,7.35,186851.0
2023-08-03 00:00:00,7.349,7.391,7.317,7.322,568113.0
2023-08-03 01:00:00,7.323,7.409,7.319,7.406,784642.0
2023-08-03 02:00:00,7.406,7.414,7.33,7.355,285347.0
2023-08-03 03:00:00,7.355,7.357,7.323,7.353,148555.0
2023-08-03 04:00:00,7.353,7.364,7.327,7.337,111796.0
2023-08-03 05:00:00,7.338,7.378,7.323,7.374,120590.0
2023-08-03 06:00:00,7.374,7.377,7.294,7.315,258883.0
2023-08-03 07:00:00,7.314,7.336,7.286,7.301,247186.0
2023-08-03 08:00:00,7.3,7.305,7.204,7.237,648004.0
2023-08-03 09:00:00,7.238,7.292,7.23,7.282,201161.0
2023-08-03 10:00:00,7.282,7.323,7.279,7.31,199198.0
2023-08-03 11:00:00,7.311,7.326,7.304,7.317,265197.0
2023-08-03 12:00:00,7.316,7.322,7.252,7.265,282592.0
2023-08-03 13:00:00,7.264,7.298,7.242,7.282,444505.0
2023-08-03 14:00:00,7.282,7.334,7.273,7.321,258297.0
2023-08-03 15:00:00,7.32,7.33,7.16,7.213,888510.0
2023-08-03 16:00:00,7.214,7.274,7.165,7.246,809418.0
2023-08-03 17:00:00,7.245,7.298,7.2,7.202,310909.0
2023-08-03 18:00:00,7.201,7.216,7.186,7.204,114424.0
2023-08-03 19:00:00,7.203,7.207,7.177,7.2,161006.0
2023-08-03 20:00:00,7.2,7.248,7.179,7.181,171723.0
2023-08-03 21:00:00,7.182,7.198,7.12,7.147,331975.0
2023-08-03 22:00:00,7.147,7.163,7.069,7.143,1019740.0
2023-08-03 23:00:00,7.141,7.15,7.116,7.124,127731.0
2023-08-04 00:00:00,7.125,7.179,7.11,7.175,578313.0
2023-08-04 01:00:00,7.174,7.2,7.162,7.18,155390.0
2023-08-04 02:00:00,7.18,7.205,7.155,7.186,262007.0
2023-08-04 03:00:00,7.186,7.187,7.15,7.16,183007.0
2023-08-04 04:00:00,7.162,7.179,7.13,7.177,165762.0
2023-08-04 05:00:00,7.179,7.185,7.142,7.157,191421.0
2023-08-04 06:00:00,7.157,7.172,7.126,7.135,218360.0
2023-08-04 07:00:00,7.136,7.145,7.11,7.143,247465.0
2023-08-04 08:00:00,7.145,7.158,7.084,7.084,350773.0
2023-08-04 09:00:00,7.084,7.123,7.056,7.114,561287.0
2023-08-04 10:00:00,7.113,7.12,7.09,7.109,167384.0
2023-08-04 11:00:00,7.109,7.125,7.102,7.117,131214.0
2023-08-04 12:00:00,7.116,7.186,7.107,7.159,417356.0
2023-08-04 13:00:00,7.159,7.241,7.146,7.192,474231.0
2023-08-04 14:00:00,7.192,7.209,7.162,7.195,650109.0
2023-08-04 15:00:00,7.197,7.202,7.164,7.166,797030.0
2023-08-04 16:00:00,7.168,7.246,7.163,7.244,447220.0
2023-08-04 17:00:00,7.244,7.268,7.185,7.187,888306.0
2023-08-04 18:00:00,7.186,7.189,7.062,7.133,935562.0
2023-08-04 19:00:00,7.131,7.142,7.078,7.095,274525.0
2023-08-04 20:00:00,7.096,7.136,7.008,7.052,703053.0
2023-08-04 21:00:00,7.052,7.17,7.046,7.127,267392.0
2023-08-04 22:00:00,7.126,7.153,7.111,7.128,124828.0
2023-08-04 23:00:00,7.128,7.158,7.11,7.144,101440.0
2023-08-05 00:00:00,7.144,7.184,7.126,7.171,132184.0
2023-08-05 01:00:00,7.17,7.182,7.105,7.113,239667.0
2023-08-05 02:00:00,7.112,7.158,7.101,7.15,369954.0
2023-08-05 03:00:00,7.151,7.199,7.146,7.185,253450.0
2023-08-05 04:00:00,7.184,7.193,7.152,7.185,127549.0
2023-08-05 05:00:00,7.185,7.215,7.16,7.21,244904.0
2023-08-05 06:00:00,7.21,7.225,7.186,7.192,156096.0
2023-08-05 07:00:00,7.193,7.205,7.179,7.183,165121.0
2023-08-05 08:00:00,7.182,7.219,7.178,7.205,90863.0
2023-08-05 09:00:00,7.205,7.243,7.201,7.226,299897.0
2023-08-05 10:00:00,7.225,7.245,7.206,7.214,283511.0
2023-08-05 11:00:00,7.213,7.24,7.189,7.192,256301.0
2023-08-05 12:00:00,7.191,7.207,7.177,7.204,150039.0
2023-08-05 13:00:00,7.204,7.221,7.186,7.195,89230.0
2023-08-05 14:00:00,7.195,7.245,7.186,7.216,694066.0
2023-08-05 15:00:00,7.218,7.234,7.151,7.166,372331.0
2023-08-05 16:00:00,7.166,7.186,7.129,7.137,134151.0
2023-08-05 17:00:00,7.137,7.183,7.137,7.17,105476.0
2023-08-05 18:00:00,7.171,7.212,7.16,7.2,100753.0
2023-08-05 19:00:00,7.201,7.213,7.19,7.197,70938.0
2023-08-05 20:00:00,7.197,7.203,7.182,7.186,38063.0
2023-08-05 21:00:00,7.187,7.228,7.187,7.208,53391.0
2023-08-05 22:00:00,7.209,7.236,7.208,7.227,76762.0
2023-08-05 23:00:00,7.228,7.234,7.215,7.23,48892.0
2023-08-06 00:00:00,7.229,7.258,7.212,7.22,174925.0
2023-08-06 01:00:00,7.22,7.22,7.184,7.188,78071.0
2023-08-06 02:00:00,7.189,7.275,7.184,7.247,308431.0
2023-08-06 03:00:00,7.247,7.248,7.209,7.224,96996.0
2023-08-06 04:00:00,7.225,7.228,7.208,7.215,218204.0
2023-08-06 05:00:00,7.215,7.218,7.195,7.217,195152.0
2023-08-06 06:00:00,7.217,7.224,7.174,7.181,101578.0
2023-08-06 07:00:00,7.179,7.189,7.164,7.177,146720.0
2023-08-06 08:00:00,7.177,7.203,7.174,7.187,95984.0
2023-08-06 09:00:00,7.185,7.187,7.141,7.169,136678.0
2023-08-06 10:00:00,7.169,7.17,7.124,7.146,174803.0
2023-08-06 11:00:00,7.145,7.156,7.132,7.149,54239.0
2023-08-06 12:00:00,7.15,7.157,7.115,7.117,101839.0
2023-08-06 13:00:00,7.116,7.122,7.083,7.084,522857.0
2023-08-06 14:00:00,7.083,7.133,7.075,7.119,189298.0
2023-08-06 15:00:00,7.117,7.123,7.096,7.111,128382.0
2023-08-06 16:00:00,7.111,7.151,7.089,7.146,110238.0
2023-08-06 17:00:00,7.145,7.147,7.107,7.109,36607.0
2023-08-06 18:00:00,7.11,7.117,7.091,7.091,33623.0
2023-08-06 19:00:00,7.092,7.106,7.082,7.092,43420.0
2023-08-06 20:00:00,7.093,7.132,7.085,7.127,57197.0
2023-08-06 21:00:00,7.127,7.18,7.115,7.124,457854.0
2023-08-06 22:00:00,7.125,7.172,7.116,7.125,88580.0
2023-08-06 23:00:00,7.126,7.13,7.101,7.102,96255.0
2023-08-07 00:00:00,7.101,7.127,7.085,7.103,288881.0
2023-08-07 01:00:00,7.104,7.212,7.104,7.192,321189.0
2023-08-07 02:00:00,7.191,7.2,7.169,7.193,169813.0
2023-08-07 03:00:00,7.193,7.205,7.162,7.163,90343.0
2023-08-07 04:00:00,7.164,7.19,7.155,7.183,110862.0
2023-08-07 05:00:00,7.182,7.192,7.171,7.18,85054.0
2023-08-07 06:00:00,7.181,7.184,7.126,7.131,158081.0
2023-08-07 07:00:00,7.13,7.206,7.127,7.186,255833.0
2023-08-07 08:00:00,7.188,7.228,7.165,7.167,240840.0
2023-08-07 09:00:00,7.168,7.224,7.154,7.213,275223.0
2023-08-07 10:00:00,7.212,7.238,7.2,7.223,293854.0
2023-08-07 11:00:00,7.223,7.236,7.208,7.217,104423.0
2023-08-07 12:00:00,7.218,7.235,7.187,7.207,254297.0
2023-08-07 13:00:00,7.208,7.213,7.133,7.133,263916.0
2023-08-07 14:00:00,7.132,7.149,7.09,7.118,375697.0
2023-08-07 15:00:00,7.118,7.132,7.063,7.073,430649.0
2023-08-07 16:00:00,7.074,7.085,6.94,7.074,2386457.0
2023-08-07 17:00:00,7.074,7.12,7.055,7.1,499520.0
2023-08-07 18:00:00,7.098,7.19,7.09,7.115,1134499.0
2023-08-07 19:00:00,7.115,7.123,7.088,7.12,114165.0
2023-08-07 20:00:00,7.121,7.153,7.102,7.151,97251.0
2023-08-07 21:00:00,7.151,7.225,7.15,7.205,280006.0
2023-08-07 22:00:00,7.204,7.33,7.199,7.327,557170.0
2023-08-07 23:00:00,7.329,7.399,7.276,7.329,742443.0
2023-08-08 00:00:00,7.329,7.38,7.289,7.357,703217.0
2023-08-08 01:00:00,7.357,7.378,7.305,7.317,487769.0
2023-08-08 02:00:00,7.317,7.37,7.299,7.339,266549.0
2023-08-08 03:00:00,7.339,7.369,7.326,7.343,265574.0
2023-08-08 04:00:00,7.346,7.41,7.316,7.399,342866.0
2023-08-08 05:00:00,7.397,7.441,7.379,7.379,565103.0
2023-08-08 06:00:00,7.379,7.385,7.343,7.344,270772.0
2023-08-08 07:00:00,7.345,7.373,7.337,7.344,216039.0
2023-08-08 08:00:00,7.344,7.365,7.33,7.337,149639.0
2023-08-08 09:00:00,7.337,7.39,7.333,7.377,270932.0
2023-08-08 10:00:00,7.376,7.413,7.374,7.398,187992.0
2023-08-08 11:00:00,7.398,7.437,7.375,7.429,338226.0
2023-08-08 12:00:00,7.429,7.466,7.374,7.45,657111.0
2023-08-08 13:00:00,7.449,7.463,7.361,7.362,754455.0
2023-08-08 14:00:00,7.362,7.378,7.327,7.339,473213.0
2023-08-08 15:00:00,7.339,7.404,7.322,7.365,272569.0
2023-08-08 16:00:00,7.365,7.433,7.356,7.394,455734.0
2023-08-08 17:00:00,7.393,7.41,7.344,7.357,432897.0
2023-08-08 18:00:00,7.359,7.438,7.34,7.348,695742.0
2023-08-08 19:00:00,7.348,7.409,7.339,7.346,226787.0
2023-08-08 20:00:00,7.345,7.445,7.339,7.443,253359.0
2023-08-08 21:00:00,7.444,7.534,7.424,7.499,756824.0
2023-08-08 22:00:00,7.498,7.515,7.409,7.436,219932.0
2023-08-08 23:00:00,7.437,7.465,7.416,7.458,121998.0
2023-08-09 00:00:00,7.457,7.484,7.433,7.439,266955.0
2023-08-09 01:00:00,7.438,7.487,7.418,7.448,293784.0
2023-08-09 02:00:00,7.447,7.473,7.38,7.384,387506.0
2023-08-09 03:00:00,7.384,7.4,7.377,7.389,86674.0
2023-08-09 04:00:00,7.388,7.44,7.379,7.432,147354.0
2023-08-09 05:00:00,7.432,7.485,7.429,7.485,185788.0
2023-08-09 06:00:00,7.485,7.487,7.442,7.476,213637.0
2023-08-09 07:00:00,7.476,7.569,7.469,7.522,427263.0
2023-08-09 08:00:00,7.522,7.547,7.489,7.511,219037.0
2023-08-09 09:00:00,7.513,7.551,7.502,7.533,170469.0
2023-08-09 10:00:00,7.533,7.61,7.516,7.604,384177.0
2023-08-09 11:00:00,7.604,7.682,7.602,7.64,691016.0
2023-08-09 12:00:00,7.639,7.918,7.636,7.832,2359744.0
2023-08-09 13:00:00,7.832,7.84,7.732,7.737,730658.0
2023-08-09 14:00:00,7.736,7.857,7.733,7.763,1223812.0
2023-08-09 15:00:00,7.762,7.812,7.709,7.717,723685.0
2023-08-09 16:00:00,7.718,7.748,7.667,7.692,667865.0
2023-08-09 17:00:00,7.693,7.752,7.66,7.694,721241.0
2023-08-09 18:00:00,7.695,7.735,7.687,7.694,290633.0
2023-08-09 19:00:00,7.694,7.722,7.633,7.674,524846.0
2023-08-09 20:00:00,7.674,7.696,7.634,7.68,297096.0
2023-08-09 21:00:00,7.68,7.7,7.608,7.692,311892.0
2023-08-09 22:00:00,7.692,7.754,7.677,7.746,422183.0
2023-08-09 23:00:00,7.746,7.755,7.68,7.682,403052.0
2023-08-10 00:00:00,7.68,7.714,7.607,7.647,732985.0
2023-08-10 01:00:00,7.648,7.685,7.633,7.653,404181.0
2023-08-10 02:00:00,7.652,7.66,7.626,7.636,174949.0
2023-08-10 03:00:00,7.635,7.662,7.616,7.618,228296.0
2023-08-10 04:00:00,7.619,7.641,7.572,7.629,466287.0
2023-08-10 05:00:00,7.631,7.65,7.607,7.64,161262.0
2023-08-10 06:00:00,7.64,7.662,7.58,7.602,480638.0
2023-08-10 07:00:00,7.602,7.627,7.586,7.603,171043.0
2023-08-10 08:00:00,7.602,7.622,7.575,7.606,349874.0
2023-08-10 09:00:00,7.605,7.622,7.558,7.62,280239.0
2023-08-10 10:00:00,7.62,7.67,7.613,7.647,229463.0
2023-08-10 11:00:00,7.647,7.665,7.616,7.622,219578.0
2023-08-10 12:00:00,7.623,7.739,7.616,7.692,916967.0
2023-08-10 13:00:00,7.693,7.712,7.656,7.699,256253.0
2023-08-10 14:00:00,7.699,7.723,7.632,7.683,979716.0
2023-08-10 15:00:00,7.684,7.703,7.664,7.675,227365.0
2023-08-10 16:00:00,7.675,7.69,7.635,7.682,228354.0
2023-08-10 17:00:00,7.681,7.681,7.599,7.601,226527.0
2023-08-10 18:00:00,7.601,7.636,7.589,7.627,207541.0
2023-08-10 19:00:00,7.626,7.627,7.58,7.586,72508.0
2023-08-10 20:00:00,7.586,7.598,7.564,7.572,86450.0
2023-08-10 21:00:00,7.574,7.646,7.569,7.604,132274.0
2023-08-10 22:00:00,7.604,7.625,7.599,7.609,47094.0
2023-08-10 23:00:00,7.611,7.624,7.594,7.618,46954.0
2023-08-11 00:00:00,7.619,7.642,7.608,7.629,99392.0
2023-08-11 01:00:00,7.63,7.632,7.571,7.575,173666.0
2023-08-11 02:00:00,7.575,7.593,7.525,7.544,237863.0
2023-08-11 03:00:00,7.542,7.566,7.533,7.559,116898.0
2023-08-11 04:00:00,7.56,7.594,7.553,7.577,152005.0
2023-08-11 05:00:00,7.576,7.589,7.56,7.589,73281.0
2023-08-11 06:00:00,7.589,7.61,7.574,7.598,149147.0
2023-08-11 07:00:00,7.596,7.604,7.561,7.561,92507.0
2023-08-11 08:00:00,7.562,7.57,7.538,7.549,128548.0
2023-08-11 09:00:00,7.55,7.561,7.532,7.538,100773.0
2023-08-11 10:00:00,7.539,7.554,7.526,7.535,118134.0
2023-08-11 11:00:00,7.535,7.581,7.534,7.58,91209.0
2023-08-11 12:00:00,7.579,7.592,7.55,7.559,143181.0
2023-08-11 13:00:00,7.558,7.572,7.533,7.552,97677.0
2023-08-11 14:00:00,7.552,7.569,7.529,7.565,203543.0
2023-08-11 15:00:00,7.565,7.574,7.471,7.495,405122.0
2023-08-11 16:00:00,7.495,7.502,7.425,7.445,437946.0
2023-08-11 17:00:00,7.447,7.468,7.423,7.427,165799.0
2023-08-11 18:00:00,7.427,7.442,7.411,7.414,119356.0
2023-08-11 19:00:00,7.414,7.435,7.405,7.431,65392.0
2023-08-11 20:00:00,7.432,7.45,7.431,7.448,65038.0
2023-08-11 21:00:00,7.448,7.469,7.439,7.461,117672.0
2023-08-11 22:00:00,7.461,7.485,7.457,7.476,90960.0
2023-08-11 23:00:00,7.475,7.512,7.472,7.492,114841.0
2023-08-12 00:00:00,7.493,7.539,7.461,7.525,147854.0
2023-08-12 01:00:00,7.525,7.539,7.506,7.517,136804.0
2023-08-12 02:00:00,7.517,7.525,7.477,7.484,182408.0
2023-08-12 03:00:00,7.485,7.491,7.468,7.473,173095.0
2023-08-12 04:00:00,7.474,7.479,7.437,7.441,401572.0
2023-08-12 05:00:00,7.443,7.45,7.403,7.416,487819.0
2023-08-12 06:00:00,7.416,7.435,7.406,7.428,126602.0
2023-08-12 07:00:00,7.427,7.478,7.427,7.461,176453.0
2023-08-12 08:00:00,7.46,7.477,7.435,7.442,122784.0
2023-08-12 09:00:00,7.439,7.457,7.432,7.456,56203.0
2023-08-12 10:00:00,7.455,7.461,7.445,7.447,47455.0
2023-08-12 11:00:00,7.447,7.46,7.437,7.456,36655.0
2023-08-12 12:00:00,7.457,7.461,7.445,7.457,44465.0
2023-08-12 13:00:00,7.456,7.46,7.422,7.434,88370.0
2023-08-12 14:00:00,7.433,7.455,7.43,7.455,86770.0
2023-08-12 15:00:00,7.456,7.461,7.429,7.431,72410.0
2023-08-12 16:00:00,7.431,7.468,7.426,7.449,108656.0
2023-08-12 17:00:00,7.449,7.455,7.407,7.41,89956.0
2023-08-12 18:00:00,7.411,7.427,7.407,7.409,57155.0
2023-08-12 19:00:00,7.41,7.418,7.384,7.391,127053.0
2023-08-12 20:00:00,7.391,7.416,7.387,7.399,80548.0
2023-08-12 21:00:00,7.4,7.429,7.385,7.419,81871.0
2023-08-12 22:00:00,7.419,7.466,7.419,7.465,100148.0
2023-08-12 23:00:00,7.464,7.471,7.432,7.443,96316.0
2023-08-13 00:00:00,7.446,7.482,7.432,7.477,103600.0
2023-08-13 01:00:00,7.479,7.499,7.463,7.482,171099.0
2023-08-13 02:00:00,7.483,7.488,7.445,7.454,72268.0
2023-08-13 03:00:00,7.454,7.467,7.435,7.464,195885.0
2023-08-13 04:00:00,7.463,7.479,7.444,7.466,97647.0
2023-08-13 05:00:00,7.468,7.494,7.445,7.479,185268.0
2023-08-13 06:00:00,7.48,7.514,7.476,7.513,135968.0
2023-08-13 07:00:00,7.512,7.529,7.497,7.514,159447.0
2023-08-13 08:00:00,7.515,7.528,7.494,7.494,123037.0
2023-08-13 09:00:00,7.496,7.497,7.47,7.485,200641.0
2023-08-13 10:00:00,7.484,7.489,7.464,7.473,90423.0
2023-08-13 11:00:00,7.472,7.511,7.464,7.508,151362.0
2023-08-13 12:00:00,7.509,7.52,7.48,7.497,183574.0
2023-08-13 13:00:00,7.498,7.5,7.459,7.467,116410.0
2023-08-13 14:00:00,7.466,7.485,7.462,7.465,54176.0
2023-08-13 15:00:00,7.466,7.477,7.407,7.417,277668.0
2023-08-13 16:00:00,7.417,7.45,7.404,7.422,129365.0
2023-08-13 17:00:00,7.423,7.465,7.419,7.457,211576.0
2023-08-13 18:00:00,7.458,7.501,7.453,7.5,78876.0
2023-08-13 19:00:00,7.501,7.555,7.489,7.54,206004.0
2023-08-13 20:00:00,7.54,7.558,7.499,7.502,120104.0
2023-08-13 21:00:00,7.501,7.509,7.444,7.458,138404.0
2023-08-13 22:00:00,7.459,7.46,7.312,7.337,639571.0
2023-08-13 23:00:00,7.336,7.386,7.331,7.368,137550.0
2023-08-14 00:00:00,7.369,7.406,7.345,7.405,196040.0
2023-08-14 01:00:00,7.405,7.408,7.365,7.375,161756.0
2023-08-14 02:00:00,7.374,7.426,7.308,7.373,446432.0
2023-08-14 03:00:00,7.375,7.465,7.37,7.441,352035.0
2023-08-14 04:00:00,7.441,7.461,7.426,7.459,141102.0
2023-08-14 05:00:00,7.459,7.493,7.446,7.493,168208.0
2023-08-14 06:00:00,7.493,7.505,7.47,7.479,245755.0
2023-08-14 07:00:00,7.479,7.492,7.457,7.468,199728.0
2023-08-14 08:00:00,7.469,7.522,7.464,7.504,205699.0
2023-08-14 09:00:00,7.503,7.517,7.49,7.517,83073.0
2023-08-14 10:00:00,7.517,7.539,7.489,7.518,432056.0
2023-08-14 11:00:00,7.518,7.533,7.501,7.529,163634.0
2023-08-14 12:00:00,7.53,7.579,7.496,7.508,390901.0
2023-08-14 13:00:00,7.506,7.537,7.495,7.52,254785.0
2023-08-14 14:00:00,7.52,7.602,7.513,7.581,295257.0
2023-08-14 15:00:00,7.579,7.635,7.546,7.589,453664.0
2023-08-14 16:00:00,7.589,7.604,7.544,7.55,267470.0
2023-08-14 17:00:00,7.549,7.556,7.472,7.48,331795.0
2023-08-14 18:00:00,7.48,7.489,7.406,7.416,571923.0
2023-08-14 19:00:00,7.417,7.428,7.403,7.414,110275.0
2023-08-14 20:00:00,7.416,7.462,7.405,7.448,123746.0
2023-08-14 21:00:00,7.448,7.455,7.386,7.424,123450.0
2023-08-14 22:00:00,7.423,7.458,7.409,7.433,86415.0
2023-08-14 23:00:00,7.433,7.446,7.407,7.412,130723.0
2023-08-15 00:00:00,7.413,7.428,7.366,7.428,237053.0
2023-08-15 01:00:00,7.428,7.433,7.388,7.411,119094.0
2023-08-15 02:00:00,7.411,7.413,7.387,7.388,81902.0
2023-08-15 03:00:00,7.387,7.39,7.364,7.377,119807.0
2023-08-15 04:00:00,7.376,7.376,7.346,7.354,107572.0
2023-08-15 05:00:00,7.355,7.359,7.324,7.331,158354.0
2023-08-15 06:00:00,7.332,7.367,7.325,7.35,124705.0
2023-08-15 07:00:00,7.349,7.399,7.326,7.385,334234.0
2023-08-15 08:00:00,7.384,7.387,7.307,7.326,820706.0
2023-08-15 09:00:00,7.326,7.345,7.323,7.336,69724.0
2023-08-15 10:00:00,7.335,7.335,7.265,7.303,451875.0
2023-08-15 11:00:00,7.304,7.307,7.282,7.283,123471.0
2023-08-15 12:00:00,7.283,7.319,7.282,7.313,231811.0
2023-08-15 13:00:00,7.312,7.333,7.285,7.288,92134.0
2023-08-15 14:00:00,7.288,7.322,7.257,7.312,208532.0
2023-08-15 15:00:00,7.311,7.325,7.277,7.288,161800.0
2023-08-15 16:00:00,7.289,7.302,7.272,7.278,169721.0
2023-08-15 17:00:00,7.278,7.278,7.205,7.213,323902.0
2023-08-15 18:00:00,7.214,7.218,7.141,7.184,581193.0
2023-08-15 19:00:00,7.185,7.187,6.774,7.036,4258627.0
2023-08-15 20:00:00,7.037,7.062,6.996,7.011,304771.0
2023-08-15 21:00:00,7.012,7.049,6.976,7.046,362600.0
2023-08-15 22:00:00,7.045,7.058,7.015,7.025,190858.0
2023-08-15 23:00:00,7.026,7.057,7.019,7.042,142693.0
2023-08-16 00:00:00,7.039,7.072,7.009,7.011,176518.0
2023-08-16 01:00:00,7.012,7.05,6.995,7.028,482555.0
2023-08-16 02:00:00,7.026,7.048,7.016,7.042,135673.0
2023-08-16 03:00:00,7.042,7.051,7.013,7.015,83516.0
2023-08-16 04:00:00,7.015,7.037,7.004,7.016,139112.0
2023-08-16 05:00:00,7.016,7.029,6.969,6.972,344651.0
2023-08-16 06:00:00,6.972,6.999,6.946,6.995,334933.0
2023-08-16 07:00:00,6.995,7.018,6.984,6.999,238432.0
2023-08-16 08:00:00,6.999,7.013,6.981,6.986,158928.0
2023-08-16 09:00:00,6.986,6.994,6.939,6.98,246778.0
2023-08-16 10:00:00,6.981,7.017,6.975,6.994,87380.0
2023-08-16 11:00:00,6.995,7.002,6.97,6.976,86351.0
2023-08-16 12:00:00,6.976,6.976,6.826,6.878,1314311.0
2023-08-16 13:00:00,6.878,6.893,6.791,6.821,561552.0
2023-08-16 14:00:00,6.821,6.859,6.795,6.838,279434.0
2023-08-16 15:00:00,6.837,6.87,6.805,6.809,237994.0
2023-08-16 16:00:00,6.806,6.885,6.762,6.872,616898.0
2023-08-16 17:00:00,6.87,6.892,6.826,6.891,229285.0
2023-08-16 18:00:00,6.89,6.925,6.853,6.874,212212.0
2023-08-16 19:00:00,6.875,6.877,6.801,6.803,136685.0
2023-08-16 20:00:00,6.804,6.823,6.612,6.716,2130228.0
2023-08-16 21:00:00,6.715,6.731,6.59,6.712,879950.0
2023-08-16 22:00:00,6.712,6.757,6.708,6.752,201658.0
2023-08-16 23:00:00,6.752,6.774,6.716,6.763,185112.0
2023-08-17 00:00:00,6.765,6.776,6.63,6.767,1199599.0
2023-08-17 01:00:00,6.769,6.803,6.752,6.801,232359.0
2023-08-17 02:00:00,6.802,6.843,6.788,6.825,359310.0
2023-08-17 03:00:00,6.826,6.867,6.822,6.844,242922.0
2023-08-17 04:00:00,6.844,6.85,6.821,6.83,228276.0
2023-08-17 05:00:00,6.829,6.867,6.827,6.865,100473.0
2023-08-17 06:00:00,6.864,6.871,6.816,6.817,223162.0
2023-08-17 07:00:00,6.816,6.818,6.795,6.814,202799.0
2023-08-17 08:00:00,6.815,6.823,6.79,6.792,153169.0
2023-08-17 09:00:00,6.793,6.825,6.77,6.82,200904.0
2023-08-17 10:00:00,6.82,6.825,6.781,6.788,215355.0
2023-08-17 11:00:00,6.788,6.821,6.778,6.8,156389.0
2023-08-17 12:00:00,6.801,6.85,6.794,6.806,265298.0
2023-08-17 13:00:00,6.806,6.832,6.762,6.772,131261.0
2023-08-17 14:00:00,6.772,6.787,6.703,6.72,388314.0
2023-08-17 15:00:00,6.719,6.754,6.563,6.609,2274648.0
2023-08-17 16:00:00,6.608,6.682,6.53,6.586,1432444.0
2023-08-17 17:00:00,6.585,6.64,6.578,6.618,293841.0
2023-08-17 18:00:00,6.617,6.645,6.591,6.595,288135.0
2023-08-17 19:00:00,6.597,6.637,6.591,6.626,101629.0
2023-08-17 20:00:00,6.624,6.633,6.495,6.54,813192.0
2023-08-17 21:00:00,6.54,6.557,5.525,6.062,4049651.0
2023-08-17 22:00:00,6.059,6.289,5.987,6.255,2039365.0
2023-08-17 23:00:00,6.257,6.312,6.177,6.185,943509.0
2023-08-18 00:00:00,6.185,6.256,6.164,6.219,529859.0
2023-08-18 01:00:00,6.219,6.237,6.169,6.185,282631.0
2023-08-18 02:00:00,6.185,6.233,6.097,6.104,405138.0
2023-08-18 03:00:00,6.103,6.16,6.092,6.14,246070.0
2023-08-18 04:00:00,6.139,6.16,6.089,6.134,601319.0
2023-08-18 05:00:00,6.136,6.202,6.117,6.183,262320.0
2023-08-18 06:00:00,6.183,6.285,6.181,6.244,376191.0
2023-08-18 07:00:00,6.245,6.278,6.237,6.257,286579.0
2023-08-18 08:00:00,6.257,6.277,6.224,6.251,418039.0
2023-08-18 09:00:00,6.252,6.252,6.196,6.199,146376.0
2023-08-18 10:00:00,6.2,6.231,6.196,6.222,269725.0
2023-08-18 11:00:00,6.223,6.274,6.205,6.253,272656.0
2023-08-18 12:00:00,6.253,6.261,6.215,6.221,142199.0
2023-08-18 13:00:00,6.222,6.265,6.208,6.226,159481.0
2023-08-18 14:00:00,6.227,6.233,6.148,6.178,414626.0
2023-08-18 15:00:00,6.179,6.236,6.156,6.161,244992.0
2023-08-18 16:00:00,6.165,6.198,6.089,6.135,414191.0
2023-08-18 17:00:00,6.134,6.194,6.066,6.162,957768.0
2023-08-18 18:00:00,6.164,6.223,6.135,6.185,297051.0
2023-08-18 19:00:00,6.185,6.185,6.124,6.133,356558.0
2023-08-18 20:00:00,6.134,6.196,6.125,6.16,238324.0
2023-08-18 21:00:00,6.159,6.249,6.159,6.174,165417.0
2023-08-18 22:00:00,6.174,6.2,6.167,6.168,76860.0
2023-08-18 23:00:00,6.169,6.191,6.151,6.176,96162.0
2023-08-19 00:00:00,6.177,6.23,6.15,6.207,253361.0
2023-08-19 01:00:00,6.205,6.236,6.167,6.167,272040.0
2023-08-19 02:00:00,6.166,6.188,6.161,6.165,120625.0
2023-08-19 03:00:00,6.165,6.184,6.152,6.184,67617.0
2023-08-19 04:00:00,6.183,6.2,6.171,6.196,65145.0
2023-08-19 05:00:00,6.196,6.197,6.153,6.157,61107.0
2023-08-19 06:00:00,6.157,6.176,6.153,6.16,38245.0
2023-08-19 07:00:00,6.16,6.183,6.137,6.177,138079.0
2023-08-19 08:00:00,6.18,6.227,6.175,6.207,118702.0
2023-08-19 09:00:00,6.207,6.213,6.181,6.197,59143.0
2023-08-19 10:00:00,6.197,6.199,6.169,6.177,50233.0
2023-08-19 11:00:00,6.176,6.177,6.144,6.15,116055.0
2023-08-19 12:00:00,6.15,6.162,6.143,6.146,96191.0
2023-08-19 13:00:00,6.147,6.174,6.147,6.153,43108.0
2023-08-19 14:00:00,6.154,6.177,6.15,6.156,58788.0
2023-08-19 15:00:00,6.158,6.227,6.152,6.216,205934.0
2023-08-19 16:00:00,6.215,6.264,6.195,6.257,212337.0
2023-08-19 17:00:00,6.258,6.259,6.184,6.21,159729.0
2023-08-19 18:00:00,6.209,6.209,6.168,6.178,177894.0
2023-08-19 19:00:00,6.179,6.186,6.165,6.169,86915.0
2023-08-19 20:00:00,6.169,6.174,6.112,6.13,309743.0
2023-08-19 21:00:00,6.13,6.156,6.13,6.151,81249.0
2023-08-19 22:00:00,6.152,6.166,6.144,6.148,40710.0
2023-08-19 23:00:00,6.149,6.182,6.143,6.18,54826.0
2023-08-20 00:00:00,6.18,6.196,6.157,6.182,139857.0
2023-08-20 01:00:00,6.183,6.188,6.13,6.155,252606.0
2023-08-20 02:00:00,6.155,6.166,6.142,6.156,34924.0
2023-08-20 03:00:00,6.157,6.176,6.154,6.165,93113.0
2023-08-20 04:00:00,6.163,6.169,6.156,6.161,29158.0
2023-08-20 05:00:00,6.159,6.171,6.134,6.135,56574.0
2023-08-20 06:00:00,6.135,6.142,6.115,6.132,120110.0
2023-08-20 07:00:00,6.132,6.152,6.131,6.145,47557.0
2023-08-20 08:00:00,6.146,6.167,6.137,6.163,90528.0
2023-08-20 09:00:00,6.163,6.184,6.158,6.168,227619.0
2023-08-20 10:00:00,6.168,6.201,6.163,6.199,94392.0
2023-08-20 11:00:00,6.199,6.213,6.185,6.207,71041.0
2023-08-20 12:00:00,6.206,6.212,6.187,6.211,71433.0
2023-08-20 13:00:00,6.213,6.225,6.187,6.193,75785.0
2023-08-20 14:00:00,6.193,6.195,6.14,6.142,126165.0
2023-08-20 15:00:00,6.142,6.18,6.123,6.171,113571.0
2023-08-20 16:00:00,6.173,6.188,6.151,6.163,114931.0
2023-08-20 17:00:00,6.162,6.214,6.16,6.194,79412.0
2023-08-20 18:00:00,6.195,6.205,6.179,6.18,74030.0
2023-08-20 19:00:00,6.181,6.197,6.176,6.194,50837.0
2023-08-20 20:00:00,6.195,6.236,6.192,6.223,112523.0
2023-08-20 21:00:00,6.225,6.225,6.188,6.2,44250.0
2023-08-20 22:00:00,6.199,6.209,6.193,6.206,41257.0
2023-08-20 23:00:00,6.206,6.218,6.191,6.218,40866.0
2023-08-21 00:00:00,6.217,6.257,6.202,6.254,193656.0
2023-08-21 01:00:00,6.254,6.255,6.22,6.238,68589.0
2023-08-21 02:00:00,6.24,6.251,6.208,6.208,212886.0
2023-08-21 03:00:00,6.209,6.219,6.199,6.205,79655.0
2023-08-21 04:00:00,6.206,6.213,6.176,6.186,127030.0
2023-08-21 05:00:00,6.186,6.246,6.184,6.23,270290.0
2023-08-21 06:00:00,6.231,6.232,6.179,6.185,122483.0
2023-08-21 07:00:00,6.183,6.195,6.168,6.19,120815.0
2023-08-21 08:00:00,6.19,6.221,6.176,6.193,133423.0
2023-08-21 09:00:00,6.194,6.217,6.174,6.186,143845.0
2023-08-21 10:00:00,6.185,6.19,6.125,6.141,539892.0
2023-08-21 11:00:00,6.139,6.215,6.136,6.212,138577.0
2023-08-21 12:00:00,6.213,6.235,6.154,6.159,316446.0
2023-08-21 13:00:00,6.16,6.22,6.141,6.216,190312.0
2023-08-21 14:00:00,6.216,6.234,6.184,6.192,271837.0
2023-08-21 15:00:00,6.192,6.198,6.001,6.102,2033231.0
2023-08-21 16:00:00,6.104,6.132,6.079,6.1,242885.0
2023-08-21 17:00:00,6.098,6.161,6.097,6.154,197318.0
2023-08-21 18:00:00,6.156,6.169,6.14,6.145,113848.0
2023-08-21 19:00:00,6.147,6.203,6.143,6.185,173587.0
2023-08-21 20:00:00,6.187,6.201,6.165,6.168,66397.0
2023-08-21 21:00:00,6.167,6.207,6.148,6.203,89766.0
2023-08-21 22:00:00,6.203,6.212,6.188,6.197,71423.0
2023-08-21 23:00:00,6.197,6.202,6.17,6.174,63494.0
2023-08-22 00:00:00,6.175,6.186,6.157,6.16,183461.0
2023-08-22 01:00:00,6.159,6.172,6.15,6.155,79819.0
2023-08-22 02:00:00,6.155,6.183,6.153,6.159,73612.0
2023-08-22 03:00:00,6.16,6.166,6.136,6.141,84164.0
2023-08-22 04:00:00,6.14,6.148,6.122,6.136,121313.0
2023-08-22 05:00:00,6.136,6.16,6.127,6.155,70487.0
2023-08-22 06:00:00,6.155,6.179,6.146,6.168,313466.0
2023-08-22 07:00:00,6.17,6.198,6.165,6.196,219179.0
2023-08-22 08:00:00,6.198,6.215,6.181,6.195,121050.0
2023-08-22 09:00:00,6.195,6.24,6.192,6.21,132429.0
2023-08-22 10:00:00,6.21,6.23,6.207,6.215,142641.0
2023-08-22 11:00:00,6.216,6.223,6.182,6.198,86795.0
2023-08-22 12:00:00,6.197,6.257,6.189,6.216,152560.0
2023-08-22 13:00:00,6.215,6.222,6.148,6.153,374681.0
2023-08-22 14:00:00,6.155,6.175,6.129,6.154,281600.0
2023-08-22 15:00:00,6.152,6.183,6.111,6.125,234939.0
2023-08-22 16:00:00,6.125,6.136,6.049,6.123,1036950.0
2023-08-22 17:00:00,6.121,6.125,5.984,6.007,705958.0
2023-08-22 18:00:00,6.005,6.088,5.957,6.071,385719.0
2023-08-22 19:00:00,6.071,6.097,6.019,6.022,212101.0
2023-08-22 20:00:00,6.022,6.068,6.022,6.068,217222.0
2023-08-22 21:00:00,6.067,6.072,5.86,5.963,871266.0
2023-08-22 22:00:00,5.963,6.073,5.956,6.056,354716.0
2023-08-22 23:00:00,6.056,6.145,6.054,6.115,393626.0
2023-08-23 00:00:00,6.114,6.159,6.102,6.134,186737.0
2023-08-23 01:00:00,6.134,6.152,6.11,6.14,102331.0
2023-08-23 02:00:00,6.141,6.168,6.138,6.141,111839.0
2023-08-23 03:00:00,6.141,6.157,6.117,6.121,124608.0
2023-08-23 04:00:00,6.12,6.159,6.119,6.15,49923.0
2023-08-23 05:00:00,6.149,6.154,6.121,6.151,67597.0
2023-08-23 06:00:00,6.149,6.219,6.148,6.187,238672.0
2023-08-23 07:00:00,6.189,6.226,6.181,6.214,307603.0
2023-08-23 08:00:00,6.212,6.238,6.211,6.236,163801.0
2023-08-23 09:00:00,6.236,6.309,6.216,6.262,248889.0
2023-08-23 10:00:00,6.264,6.269,6.229,6.238,195856.0
2023-08-23 11:00:00,6.238,6.258,6.23,6.246,152662.0
2023-08-23 12:00:00,6.245,6.263,6.211,6.212,352816.0
2023-08-23 13:00:00,6.212,6.307,6.199,6.298,372251.0
2023-08-23 14:00:00,6.301,6.363,6.287,6.34,509011.0
2023-08-23 15:00:00,6.34,6.373,6.34,6.357,237678.0
2023-08-23 16:00:00,6.356,6.429,6.338,6.397,778450.0
2023-08-23 17:00:00,6.399,6.436,6.375,6.385,228051.0
2023-08-23 18:00:00,6.383,6.401,6.37,6.381,95611.0
2023-08-23 19:00:00,6.381,6.432,6.357,6.402,306306.0
2023-08-23 20:00:00,6.4,6.413,6.368,6.368,134593.0
2023-08-23 21:00:00,6.369,6.37,6.271,6.306,226809.0
2023-08-23 22:00:00,6.305,6.335,6.298,6.328,112029.0
2023-08-23 23:00:00,6.328,6.354,6.322,6.352,90948.0
2023-08-24 00:00:00,6.351,6.366,6.335,6.344,93973.0
2023-08-24 01:00:00,6.343,6.346,6.315,6.323,69314.0
2023-08-24 02:00:00,6.322,6.333,6.317,6.331,55562.0
2023-08-24 03:00:00,6.331,6.346,6.326,6.339,98930.0
2023-08-24 04:00:00,6.339,6.34,6.317,6.334,72542.0
2023-08-24 05:00:00,6.334,6.336,6.3,6.304,99063.0
2023-08-24 06:00:00,6.303,6.34,6.285,6.325,161778.0
2023-08-24 07:00:00,6.324,6.325,6.304,6.311,142241.0
2023-08-24 08:00:00,6.312,6.317,6.29,6.307,77949.0
2023-08-24 09:00:00,6.305,6.323,6.282,6.284,179956.0
2023-08-24 10:00:00,6.284,6.3,6.27,6.297,132524.0
2023-08-24 11:00:00,6.3,6.322,6.283,6.292,132601.0
2023-08-24 12:00:00,6.292,6.292,6.253,6.26,308207.0
2023-08-24 13:00:00,6.26,6.264,6.221,6.247,370897.0
2023-08-24 14:00:00,6.249,6.249,6.154,6.171,488115.0
2023-08-24 15:00:00,6.17,6.188,6.116,6.118,657160.0
2023-08-24 16:00:00,6.119,6.135,6.08,6.112,652433.0
2023-08-24 17:00:00,6.113,6.115,6.028,6.078,479049.0
2023-08-24 18:00:00,6.081,6.084,6.048,6.058,177987.0
2023-08-24 19:00:00,6.058,6.099,6.05,6.062,144412.0
2023-08-24 20:00:00,6.064,6.072,5.98,6.019,478964.0
2023-08-24 21:00:00,6.019,6.062,6.012,6.041,137682.0
2023-08-24 22:00:00,6.042,6.06,6.031,6.056,97836.0
2023-08-24 23:00:00,6.056,6.094,6.04,6.083,174953.0
2023-08-25 00:00:00,6.082,6.084,6.029,6.033,108839.0
2023-08-25 01:00:00,6.034,6.058,6.015,6.058,170988.0
2023-08-25 02:00:00,6.056,6.079,6.024,6.028,294388.0
2023-08-25 03:00:00,6.029,6.038,5.927,6.021,753799.0
2023-08-25 04:00:00,6.021,6.023,5.981,6.009,202694.0
2023-08-25 05:00:00,6.01,6.037,6.002,6.019,177546.0
2023-08-25 06:00:00,6.019,6.036,5.976,5.993,362486.0
2023-08-25 07:00:00,5.991,5.999,5.963,5.972,140713.0
2023-08-25 08:00:00,5.973,6.012,5.967,5.977,183716.0
2023-08-25 09:00:00,5.978,5.993,5.959,5.985,123531.0
2023-08-25 10:00:00,5.986,5.987,5.949,5.961,158878.0
2023-08-25 11:00:00,5.96,5.998,5.955,5.981,102775.0
2023-08-25 12:00:00,5.982,5.995,5.97,5.971,83993.0
2023-08-25 13:00:00,5.972,6.024,5.972,5.974,336474.0
2023-08-25 14:00:00,5.974,6.053,5.911,5.931,1333670.0
2023-08-25 15:00:00,5.931,6.003,5.913,5.957,310894.0
2023-08-25 16:00:00,5.957,5.985,5.932,5.937,123809.0
2023-08-25 17:00:00,5.941,5.966,5.929,5.953,88348.0
2023-08-25 18:00:00,5.955,6.007,5.944,6.003,122920.0
2023-08-25 19:00:00,6.003,6.008,5.96,5.975,135814.0
2023-08-25 20:00:00,5.974,5.975,5.947,5.966,84370.0
2023-08-25 21:00:00,5.967,5.985,5.952,5.984,67945.0
2023-08-25 22:00:00,5.983,6.001,5.965,5.998,64964.0
2023-08-25 23:00:00,5.998,6.021,5.991,6.014,116977.0
2023-08-26 00:00:00,6.014,6.018,5.988,6.018,89838.0
2023-08-26 01:00:00,6.019,6.031,6.009,6.012,90788.0
2023-08-26 02:00:00,6.013,6.024,6.001,6.016,120462.0
2023-08-26 03:00:00,6.019,6.043,6.019,6.022,342443.0
2023-08-26 04:00:00,6.022,6.042,6.018,6.033,86709.0
2023-08-26 05:00:00,6.034,6.034,6.009,6.01,90528.0
2023-08-26 06:00:00,6.01,6.019,5.979,6.019,234171.0
2023-08-26 07:00:00,6.019,6.042,6.014,6.016,209195.0
2023-08-26 08:00:00,6.015,6.022,5.995,6.008,139388.0
2023-08-26 09:00:00,6.007,6.031,5.999,6.018,58163.0
2023-08-26 10:00:00,6.018,6.026,6.002,6.025,82267.0
2023-08-26 11:00:00,6.025,6.031,6.001,6.012,149414.0
2023-08-26 12:00:00,6.012,6.015,5.984,6.0,239086.0
2023-08-26 13:00:00,6.0,6.008,5.98,6.001,87266.0
2023-08-26 14:00:00,6.002,6.015,5.99,6.013,109208.0
2023-08-26 15:00:00,6.014,6.023,5.993,6.0,51581.0
2023-08-26 16:00:00,6.001,6.002,5.959,5.971,258390.0
2023-08-26 17:00:00,5.971,5.979,5.955,5.975,97696.0
2023-08-26 18:00:00,5.974,5.983,5.964,5.982,24584.0
2023-08-26 19:00:00,5.982,5.991,5.977,5.99,32067.0
2023-08-26 20:00:00,5.99,6.012,5.986,6.008,84347.0
2023-08-26 21:00:00,6.007,6.014,5.998,6.012,70241.0
2023-08-26 22:00:00,6.013,6.015,5.995,6.0,44445.0
2023-08-26 23:00:00,6.0,6.01,5.985,6.004,80493.0
2023-08-27 00:00:00,6.005,6.023,5.984,5.985,84111.0
2023-08-27 01:00:00,5.986,5.989,5.972,5.985,62660.0
2023-08-27 02:00:00,5.986,5.992,5.955,5.957,84886.0
2023-08-27 03:00:00,5.956,5.966,5.955,5.958,36233.0
2023-08-27 04:00:00,5.958,5.992,5.958,5.987,40187.0
2023-08-27 05:00:00,5.988,5.991,5.972,5.982,51252.0
2023-08-27 06:00:00,5.981,5.987,5.967,5.984,175466.0
2023-08-27 07:00:00,5.984,5.994,5.98,5.985,31733.0
2023-08-27 08:00:00,5.987,5.999,5.978,5.992,53989.0
2023-08-27 09:00:00,5.993,6.0,5.977,5.986,60276.0
2023-08-27 10:00:00,5.988,6.002,5.988,5.99,55285.0
2023-08-27 11:00:00,5.99,5.991,5.967,5.972,83454.0
2023-08-27 12:00:00,5.971,5.987,5.957,5.982,89826.0
2023-08-27 13:00:00,5.983,5.991,5.968,5.983,105881.0
2023-08-27 14:00:00,5.983,6.033,5.981,6.03,189255.0
2023-08-27 15:00:00,6.031,6.035,6.005,6.016,134458.0
2023-08-27 16:00:00,6.015,6.041,6.004,6.04,59259.0
2023-08-27 17:00:00,6.041,6.045,5.975,5.986,157869.0
2023-08-27 18:00:00,5.986,6.003,5.971,5.997,71032.0
2023-08-27 19:00:00,5.998,6.023,5.995,6.012,59893.0
2023-08-27 20:00:00,6.01,6.017,6.001,6.007,30258.0
2023-08-27 21:00:00,6.008,6.028,5.989,5.996,60384.0
2023-08-27 22:00:00,5.996,6.035,5.982,6.029,95634.0
2023-08-27 23:00:00,6.028,6.039,6.013,6.031,45831.0
2023-08-28 00:00:00,6.03,6.03,5.938,5.955,275537.0
2023-08-28 01:00:00,5.956,5.959,5.892,5.935,433923.0
2023-08-28 02:00:00,5.935,5.947,5.906,5.921,296254.0
2023-08-28 03:00:00,5.921,5.94,5.907,5.933,249562.0
2023-08-28 04:00:00,5.933,5.948,5.922,5.945,330228.0
2023-08-28 05:00:00,5.944,5.945,5.861,5.919,380218.0
2023-08-28 06:00:00,5.918,5.934,5.904,5.925,112742.0
2023-08-28 07:00:00,5.925,5.933,5.892,5.914,74322.0
2023-08-28 08:00:00,5.914,5.921,5.891,5.915,217591.0
2023-08-28 09:00:00,5.912,5.922,5.851,5.904,462989.0
2023-08-28 10:00:00,5.903,5.935,5.901,5.934,113686.0
2023-08-28 11:00:00,5.934,5.938,5.916,5.929,69244.0
2023-08-28 12:00:00,5.93,6.019,5.928,6.002,532142.0
2023-08-28 13:00:00,6.002,6.026,5.984,5.994,309341.0
2023-08-28 14:00:00,5.996,6.022,5.97,6.02,195322.0
2023-08-28 15:00:00,6.019,6.048,5.988,6.005,222853.0
2023-08-28 16:00:00,6.005,6.024,5.979,5.99,117172.0
2023-08-28 17:00:00,5.991,6.011,5.976,5.976,85646.0
2023-08-28 18:00:00,5.976,5.997,5.958,5.996,98711.0
2023-08-28 19:00:00,5.996,6.001,5.918,5.958,247720.0
2023-08-28 20:00:00,5.956,5.966,5.937,5.944,174812.0
2023-08-28 21:00:00,5.944,5.953,5.925,5.938,72055.0
2023-08-28 22:00:00,5.938,5.988,5.934,5.978,66732.0
2023-08-28 23:00:00,5.977,5.996,5.97,5.981,115706.0
2023-08-29 00:00:00,5.981,5.993,5.965,5.988,77368.0
2023-08-29 01:00:00,5.988,6.008,5.974,5.98,84122.0
2023-08-29 02:00:00,5.98,5.98,5.942,5.95,120897.0
2023-08-29 03:00:00,5.951,5.956,5.928,5.937,138397.0
2023-08-29 04:00:00,5.938,5.949,5.931,5.937,298938.0
2023-08-29 05:00:00,5.936,5.944,5.926,5.939,85622.0
2023-08-29 06:00:00,5.938,5.94,5.902,5.905,120668.0
2023-08-29 07:00:00,5.905,5.915,5.884,5.891,481646.0
2023-08-29 08:00:00,5.887,5.893,5.875,5.88,414226.0
2023-08-29 09:00:00,5.881,5.897,5.877,5.884,296116.0
2023-08-29 10:00:00,5.883,5.886,5.84,5.884,296696.0
2023-08-29 11:00:00,5.883,5.903,5.874,5.886,183460.0
2023-08-29 12:00:00,5.886,5.913,5.878,5.908,155821.0
2023-08-29 13:00:00,5.908,5.926,5.895,5.911,99375.0
2023-08-29 14:00:00,5.91,6.321,5.91,6.25,5069805.0
2023-08-29 15:00:00,6.25,6.287,6.17,6.186,675601.0
2023-08-29 16:00:00,6.185,6.289,6.174,6.242,904624.0
2023-08-29 17:00:00,6.245,6.287,6.218,6.238,452834.0
2023-08-29 18:00:00,6.237,6.25,6.206,6.21,197843.0
2023-08-29 19:00:00,6.21,6.231,6.193,6.228,113596.0
2023-08-29 20:00:00,6.226,6.242,6.187,6.187,161224.0
2023-08-29 21:00:00,6.186,6.219,6.184,6.216,87184.0
2023-08-29 22:00:00,6.216,6.234,6.198,6.21,99124.0
2023-08-29 23:00:00,6.211,6.211,6.168,6.195,159401.0
2023-08-30 00:00:00,6.194,6.201,6.141,6.148,111493.0
2023-08-30 01:00:00,6.148,6.157,6.098,6.11,237079.0
2023-08-30 02:00:00,6.112,6.119,6.083,6.091,268549.0
2023-08-30 03:00:00,6.089,6.096,6.053,6.088,306358.0
2023-08-30 04:00:00,6.087,6.093,6.068,6.085,85846.0
2023-08-30 05:00:00,6.086,6.091,6.067,6.087,285492.0
2023-08-30 06:00:00,6.087,6.088,6.053,6.057,215516.0
2023-08-30 07:00:00,6.058,6.079,6.054,6.068,48071.0
2023-08-30 08:00:00,6.069,6.078,6.05,6.069,132925.0
2023-08-30 09:00:00,6.069,6.071,6.027,6.039,165012.0
2023-08-30 10:00:00,6.04,6.077,6.036,6.071,89571.0
2023-08-30 11:00:00,6.07,6.07,6.019,6.02,143948.0
2023-08-30 12:00:00,6.02,6.037,5.979,6.0,325778.0
2023-08-30 13:00:00,5.999,6.021,5.943,5.996,566422.0
2023-08-30 14:00:00,5.996,6.001,5.879,5.915,857392.0
2023-08-30 15:00:00,5.915,5.962,5.887,5.939,448178.0
2023-08-30 16:00:00,5.938,5.946,5.92,5.942,129237.0
2023-08-30 17:00:00,5.942,5.965,5.932,5.937,91147.0
2023-08-30 18:00:00,5.935,5.947,5.91,5.945,74383.0
2023-08-30 19:00:00,5.945,5.953,5.933,5.938,53593.0
2023-08-30 20:00:00,5.936,5.958,5.932,5.942,44995.0
2023-08-30 21:00:00,5.942,5.964,5.94,5.947,80271.0
2023-08-30 22:00:00,5.946,5.96,5.932,5.939,86197.0
2023-08-30 23:00:00,5.939,5.945,5.921,5.924,47747.0
2023-08-31 00:00:00,5.925,5.925,5.902,5.909,123721.0
2023-08-31 01:00:00,5.909,5.921,5.896,5.908,61358.0
2023-08-31 02:00:00,5.908,5.939,5.907,5.936,237738.0
2023-08-31 03:00:00,5.936,5.958,5.932,5.95,92506.0
2023-08-31 04:00:00,5.95,5.974,5.949,5.971,79664.0
2023-08-31 05:00:00,5.97,5.986,5.961,5.967,163244.0
2023-08-31 06:00:00,5.967,5.987,5.949,5.974,191711.0
2023-08-31 07:00:00,5.973,6.006,5.963,5.983,464481.0
2023-08-31 08:00:00,5.983,6.0,5.975,5.99,284713.0
2023-08-31 09:00:00,5.991,5.994,5.967,5.987,91017.0
2023-08-31 10:00:00,5.986,5.999,5.978,5.999,92852.0
2023-08-31 11:00:00,5.999,6.068,5.997,6.033,641097.0
2023-08-31 12:00:00,6.032,6.034,5.99,5.991,398490.0
2023-08-31 13:00:00,5.991,6.005,5.966,5.987,348836.0
2023-08-31 14:00:00,5.988,6.02,5.961,6.017,377031.0
2023-08-31 15:00:00,6.015,6.019,5.899,5.944,674944.0
2023-08-31 16:00:00,5.945,5.957,5.81,5.822,1227915.0
2023-08-31 17:00:00,5.824,5.864,5.728,5.86,1452444.0
2023-08-31 18:00:00,5.861,5.89,5.843,5.858,165714.0
2023-08-31 19:00:00,5.858,5.863,5.792,5.847,324394.0
2023-08-31 20:00:00,5.846,5.863,5.816,5.831,116404.0
2023-08-31 21:00:00,5.831,5.839,5.758,5.828,517106.0
2023-08-31 22:00:00,5.828,5.873,5.812,5.872,170121.0
2023-08-31 23:00:00,5.873,5.883,5.854,5.878,122912.0
2023-09-01 00:00:00,5.876,5.929,5.87,5.927,164350.0
2023-09-01 01:00:00,5.925,5.964,5.914,5.955,249517.0
2023-09-01 02:00:00,5.956,5.961,5.913,5.919,526771.0
2023-09-01 03:00:00,5.919,5.97,5.917,5.969,142131.0
2023-09-01 04:00:00,5.967,6.033,5.967,5.996,364378.0
2023-09-01 05:00:00,5.996,6.008,5.972,5.973,153307.0
2023-09-01 06:00:00,5.974,6.012,5.973,5.992,348251.0
2023-09-01 07:00:00,5.992,6.004,5.941,5.96,268628.0
2023-09-01 08:00:00,5.962,6.022,5.962,6.013,381463.0
2023-09-01 09:00:00,6.013,6.033,5.996,6.03,286709.0
2023-09-01 10:00:00,6.03,6.03,5.991,5.991,217069.0
2023-09-01 11:00:00,5.992,6.019,5.991,6.001,148171.0
2023-09-01 12:00:00,6.001,6.024,5.973,5.989,307151.0
2023-09-01 13:00:00,5.988,5.992,5.938,5.977,317649.0
2023-09-01 14:00:00,5.977,6.016,5.921,5.96,689131.0
2023-09-01 15:00:00,5.96,5.999,5.93,5.937,392459.0
2023-09-01 16:00:00,5.935,5.957,5.909,5.92,238189.0
2023-09-01 17:00:00,5.919,5.924,5.812,5.848,1420963.0
2023-09-01 18:00:00,5.848,5.932,5.833,5.901,298755.0
2023-09-01 19:00:00,5.901,5.904,5.875,5.881,69121.0
2023-09-01 20:00:00,5.881,5.94,5.864,5.902,166390.0
2023-09-01 21:00:00,5.902,5.936,5.894,5.906,80097.0
2023-09-01 22:00:00,5.905,5.924,5.883,5.888,68404.0
2023-09-01 23:00:00,5.889,5.941,5.884,5.939,203139.0
2023-09-02 00:00:00,5.939,5.988,5.933,5.956,281875.0
2023-09-02 01:00:00,5.956,5.958,5.942,5.951,60920.0
2023-09-02 02:00:00,5.951,5.972,5.937,5.939,90477.0
2023-09-02 03:00:00,5.94,5.95,5.93,5.947,105161.0
2023-09-02 04:00:00,5.946,5.959,5.938,5.947,112507.0
2023-09-02 05:00:00,5.947,5.968,5.937,5.96,121223.0
2023-09-02 06:00:00,5.96,5.968,5.937,5.948,44748.0
2023-09-02 07:00:00,5.948,5.954,5.927,5.949,107129.0
2023-09-02 08:00:00,5.95,5.953,5.897,5.904,166157.0
2023-09-02 09:00:00,5.905,5.958,5.902,5.954,150824.0
2023-09-02 10:00:00,5.954,5.964,5.944,5.961,75074.0
2023-09-02 11:00:00,5.961,5.972,5.934,5.944,76571.0
2023-09-02 12:00:00,5.944,5.946,5.931,5.944,50942.0
2023-09-02 13:00:00,5.944,5.963,5.924,5.949,98414.0
2023-09-02 14:00:00,5.949,5.97,5.94,5.957,140306.0
2023-09-02 15:00:00,5.957,6.001,5.95,5.967,568678.0
2023-09-02 16:00:00,5.967,5.977,5.928,5.938,207802.0
2023-09-02 17:00:00,5.938,5.946,5.911,5.917,89408.0
2023-09-02 18:00:00,5.918,5.921,5.886,5.911,152867.0
2023-09-02 19:00:00,5.911,5.947,5.911,5.934,77073.0
2023-09-02 20:00:00,5.934,5.939,5.923,5.939,27772.0
2023-09-02 21:00:00,5.939,5.946,5.931,5.943,49018.0
2023-09-02 22:00:00,5.943,5.974,5.937,5.968,51441.0
2023-09-02 23:00:00,5.969,5.974,5.961,5.97,40311.0
2023-09-03 00:00:00,5.971,5.989,5.948,5.96,154875.0
2023-09-03 01:00:00,5.96,5.991,5.96,5.967,113560.0
2023-09-03 02:00:00,5.966,6.026,5.961,5.984,134558.0
2023-09-03 03:00:00,5.984,6.029,5.983,6.014,188158.0
2023-09-03 04:00:00,6.013,6.045,6.008,6.016,261944.0
2023-09-03 05:00:00,6.016,6.04,6.012,6.021,93404.0
2023-09-03 06:00:00,6.021,6.048,6.015,6.043,317605.0
2023-09-03 07:00:00,6.043,6.048,6.006,6.011,232805.0
2023-09-03 08:00:00,6.012,6.02,5.988,6.007,158774.0
2023-09-03 09:00:00,6.007,6.014,5.993,5.997,55721.0
2023-09-03 10:00:00,5.997,6.027,5.994,6.023,79237.0
2023-09-03 11:00:00,6.022,6.04,6.017,6.029,71175.0
2023-09-03 12:00:00,6.028,6.065,6.009,6.014,280477.0
2023-09-03 13:00:00,6.015,6.027,5.986,6.017,146425.0
2023-09-03 14:00:00,6.019,6.027,6.003,6.011,89494.0
2023-09-03 15:00:00,6.01,6.013,5.971,5.991,105621.0
2023-09-03 16:00:00,5.991,6.013,5.961,5.993,209441.0
2023-09-03 17:00:00,5.992,6.008,5.974,5.999,101794.0
2023-09-03 18:00:00,5.999,6.057,5.995,6.03,173404.0
2023-09-03 19:00:00,6.029,6.041,6.011,6.027,86680.0
2023-09-03 20:00:00,6.027,6.043,5.999,6.03,127233.0
2023-09-03 21:00:00,6.03,6.042,6.006,6.01,58596.0
2023-09-03 22:00:00,6.009,6.022,6.003,6.022,74360.0
2023-09-03 23:00:00,6.022,6.038,6.014,6.029,36464.0
2023-09-04 00:00:00,6.029,6.049,6.023,6.047,96720.0
2023-09-04 01:00:00,6.047,6.055,6.027,6.043,90923.0
2023-09-04 02:00:00,6.044,6.104,6.04,6.084,640729.0
2023-09-04 03:00:00,6.086,6.137,6.086,6.104,255004.0
2023-09-04 04:00:00,6.104,6.114,6.079,6.08,85260.0
2023-09-04 05:00:00,6.08,6.085,6.05,6.056,121246.0
2023-09-04 06:00:00,6.056,6.091,6.05,6.076,135700.0
2023-09-04 07:00:00,6.074,6.114,6.068,6.099,212354.0
2023-09-04 08:00:00,6.101,6.161,6.1,6.156,251937.0
2023-09-04 09:00:00,6.156,6.165,6.108,6.12,224783.0
2023-09-04 10:00:00,6.119,6.135,6.112,6.133,86704.0
2023-09-04 11:00:00,6.133,6.136,6.058,6.07,204263.0
2023-09-04 12:00:00,6.07,6.085,6.045,6.047,143475.0
2023-09-04 13:00:00,6.048,6.078,6.031,6.043,248719.0
2023-09-04 14:00:00,6.041,6.053,6.007,6.015,147747.0
2023-09-04 15:00:00,6.016,6.068,5.97,6.016,596775.0
2023-09-04 16:00:00,6.017,6.026,6.0,6.006,125495.0
2023-09-04 17:00:00,6.007,6.056,5.995,6.04,234085.0
2023-09-04 18:00:00,6.039,6.044,6.024,6.032,96968.0
2023-09-04 19:00:00,6.03,6.033,5.998,6.015,59096.0
2023-09-04 20:00:00,6.017,6.025,5.993,5.999,90720.0
2023-09-04 21:00:00,5.999,6.0,5.944,5.952,240417.0
2023-09-04 22:00:00,5.951,5.995,5.938,5.991,102032.0
2023-09-04 23:00:00,5.991,6.023,5.989,6.014,115223.0
2023-09-05 00:00:00,6.013,6.02,5.964,5.976,196551.0
2023-09-05 01:00:00,5.975,5.984,5.955,5.958,124532.0
2023-09-05 02:00:00,5.958,5.968,5.925,5.929,515247.0
2023-09-05 03:00:00,5.931,5.954,5.906,5.953,250412.0
2023-09-05 04:00:00,5.953,5.982,5.951,5.976,135489.0
2023-09-05 05:00:00,5.977,5.99,5.97,5.982,155498.0
2023-09-05 06:00:00,5.982,5.992,5.968,5.974,50355.0
2023-09-05 07:00:00,5.974,5.995,5.972,5.988,289455.0
2023-09-05 08:00:00,5.988,6.013,5.963,5.997,316590.0
2023-09-05 09:00:00,5.996,6.072,5.987,6.058,304275.0
2023-09-05 10:00:00,6.059,6.129,6.055,6.076,431128.0
2023-09-05 11:00:00,6.076,6.091,6.067,6.086,122134.0
2023-09-05 12:00:00,6.086,6.135,6.071,6.118,303558.0
2023-09-05 13:00:00,6.118,6.122,6.068,6.074,180305.0
2023-09-05 14:00:00,6.075,6.085,6.055,6.077,164206.0
2023-09-05 15:00:00,6.076,6.132,6.067,6.102,426773.0
2023-09-05 16:00:00,6.101,6.15,6.084,6.087,289143.0
2023-09-05 17:00:00,6.086,6.121,6.079,6.119,108419.0
2023-09-05 18:00:00,6.12,6.146,6.103,6.131,131323.0
2023-09-05 19:00:00,6.133,6.14,6.111,6.113,53680.0
2023-09-05 20:00:00,6.112,6.139,6.103,6.11,74348.0
2023-09-05 21:00:00,6.108,6.143,6.107,6.116,62878.0
2023-09-05 22:00:00,6.116,6.154,6.115,6.147,147331.0
2023-09-05 23:00:00,6.146,6.153,6.125,6.136,78434.0
2023-09-06 00:00:00,6.136,6.163,6.112,6.143,180981.0
2023-09-06 01:00:00,6.144,6.251,6.141,6.166,905335.0
2023-09-06 02:00:00,6.166,6.246,6.164,6.236,399651.0
2023-09-06 03:00:00,6.237,6.277,6.204,6.205,363804.0
2023-09-06 04:00:00,6.204,6.209,6.169,6.173,274638.0
2023-09-06 05:00:00,6.173,6.176,6.131,6.153,451408.0
2023-09-06 06:00:00,6.153,6.216,6.127,6.21,567612.0
2023-09-06 07:00:00,6.211,6.215,6.132,6.141,588918.0
2023-09-06 08:00:00,6.141,6.152,6.125,6.133,220347.0
2023-09-06 09:00:00,6.132,6.145,6.115,6.131,213161.0
2023-09-06 10:00:00,6.13,6.158,6.127,6.136,101400.0
2023-09-06 11:00:00,6.135,6.148,6.12,6.122,82059.0
2023-09-06 12:00:00,6.121,6.137,6.109,6.121,132091.0
2023-09-06 13:00:00,6.121,6.156,6.108,6.152,183783.0
2023-09-06 14:00:00,6.152,6.177,6.103,6.171,723745.0
2023-09-06 15:00:00,6.171,6.211,6.136,6.174,470830.0
2023-09-06 16:00:00,6.176,6.193,6.155,6.166,222154.0
2023-09-06 17:00:00,6.166,6.351,6.092,6.274,1861150.0
2023-09-06 18:00:00,6.274,6.333,6.214,6.245,670249.0
2023-09-06 19:00:00,6.246,6.279,6.227,6.247,227003.0
2023-09-06 20:00:00,6.249,6.279,6.248,6.251,138584.0
2023-09-06 21:00:00,6.253,6.29,6.242,6.267,124480.0
2023-09-06 22:00:00,6.266,6.291,6.25,6.262,96983.0
2023-09-06 23:00:00,6.262,6.305,6.258,6.3,108970.0
2023-09-07 00:00:00,6.3,6.328,6.275,6.294,240612.0
2023-09-07 01:00:00,6.292,6.359,6.291,6.352,294793.0
2023-09-07 02:00:00,6.351,6.396,6.322,6.386,530479.0
2023-09-07 03:00:00,6.386,6.386,6.336,6.368,475925.0
2023-09-07 04:00:00,6.367,6.387,6.338,6.343,229514.0
2023-09-07 05:00:00,6.344,6.371,6.328,6.346,123361.0
2023-09-07 06:00:00,6.346,6.349,6.309,6.309,187550.0
2023-09-07 07:00:00,6.309,6.313,6.275,6.278,162015.0
2023-09-07 08:00:00,6.279,6.317,6.258,6.292,261126.0
2023-09-07 09:00:00,6.293,6.3,6.261,6.263,174349.0
2023-09-07 10:00:00,6.265,6.277,6.247,6.26,125651.0
2023-09-07 11:00:00,6.261,6.264,6.236,6.238,132771.0
2023-09-07 12:00:00,6.238,6.242,6.2,6.223,252082.0
2023-09-07 13:00:00,6.224,6.262,6.216,6.224,220197.0
2023-09-07 14:00:00,6.224,6.279,6.211,6.279,236120.0
2023-09-07 15:00:00,6.278,6.287,6.252,6.258,199632.0
2023-09-07 16:00:00,6.258,6.315,6.253,6.283,349641.0
2023-09-07 17:00:00,6.283,6.3,6.257,6.296,146318.0
2023-09-07 18:00:00,6.297,6.308,6.268,6.291,124465.0
2023-09-07 19:00:00,6.292,6.334,6.279,6.324,105426.0
2023-09-07 20:00:00,6.323,6.352,6.318,6.349,154138.0
2023-09-07 21:00:00,6.348,6.469,6.346,6.37,858641.0
2023-09-07 22:00:00,6.37,6.42,6.37,6.402,201887.0
2023-09-07 23:00:00,6.403,6.408,6.361,6.385,214907.0
2023-09-08 00:00:00,6.384,6.402,6.345,6.384,287203.0
2023-09-08 01:00:00,6.387,6.392,6.343,6.349,101743.0
2023-09-08 02:00:00,6.351,6.362,6.329,6.333,94466.0
2023-09-08 03:00:00,6.333,6.349,6.325,6.341,75312.0
2023-09-08 04:00:00,6.341,6.365,6.339,6.353,209946.0
2023-09-08 05:00:00,6.352,6.357,6.311,6.311,195539.0
2023-09-08 06:00:00,6.312,6.321,6.295,6.309,182955.0
2023-09-08 07:00:00,6.31,6.333,6.297,6.306,161474.0
2023-09-08 08:00:00,6.306,6.308,6.266,6.279,187533.0
2023-09-08 09:00:00,6.277,6.277,6.243,6.244,186834.0
2023-09-08 10:00:00,6.244,6.244,6.142,6.225,1018793.0
2023-09-08 11:00:00,6.225,6.229,6.196,6.213,229562.0
2023-09-08 12:00:00,6.212,6.249,6.208,6.241,142767.0
2023-09-08 13:00:00,6.241,6.264,6.238,6.254,186511.0
2023-09-08 14:00:00,6.254,6.276,6.232,6.238,120605.0
2023-09-08 15:00:00,6.238,6.252,6.217,6.222,59964.0
2023-09-08 16:00:00,6.223,6.231,6.197,6.218,158468.0
2023-09-08 17:00:00,6.218,6.246,6.213,6.24,126824.0
2023-09-08 18:00:00,6.237,6.241,6.21,6.24,63399.0
2023-09-08 19:00:00,6.24,6.272,6.235,6.25,125257.0
2023-09-08 20:00:00,6.25,6.269,6.25,6.254,72150.0
2023-09-08 21:00:00,6.255,6.262,6.233,6.256,84064.0
2023-09-08 22:00:00,6.256,6.258,6.244,6.252,67326.0
2023-09-08 23:00:00,6.253,6.291,6.251,6.279,145286.0
2023-09-09 00:00:00,6.278,6.278,6.234,6.236,115505.0
2023-09-09 01:00:00,6.237,6.275,6.237,6.274,106361.0
2023-09-09 02:00:00,6.275,6.288,6.267,6.282,85165.0
2023-09-09 03:00:00,6.281,6.292,6.25,6.269,260889.0
2023-09-09 04:00:00,6.27,6.275,6.259,6.274,73391.0
2023-09-09 05:00:00,6.274,6.28,6.242,6.249,69342.0
2023-09-09 06:00:00,6.249,6.249,6.239,6.248,71194.0
2023-09-09 07:00:00,6.248,6.252,6.238,6.248,92626.0
2023-09-09 08:00:00,6.248,6.253,6.224,6.229,100016.0
2023-09-09 09:00:00,6.229,6.241,6.214,6.233,137784.0
2023-09-09 10:00:00,6.233,6.236,6.218,6.218,69363.0
2023-09-09 11:00:00,6.218,6.223,6.206,6.22,77921.0
2023-09-09 12:00:00,6.219,6.221,6.203,6.207,72769.0
2023-09-09 13:00:00,6.208,6.208,6.181,6.196,244138.0
2023-09-09 14:00:00,6.195,6.196,6.18,6.186,52571.0
2023-09-09 15:00:00,6.186,6.22,6.183,6.191,135512.0
2023-09-09 16:00:00,6.192,6.215,6.186,6.193,159421.0
2023-09-09 17:00:00,6.193,6.193,6.162,6.167,111110.0
2023-09-09 18:00:00,6.168,6.176,6.155,6.168,71467.0
2023-09-09 19:00:00,6.168,6.18,6.16,6.179,41948.0
2023-09-09 20:00:00,6.179,6.184,6.156,6.159,75781.0
2023-09-09 21:00:00,6.159,6.181,6.158,6.176,57396.0
2023-09-09 22:00:00,6.175,6.181,6.167,6.169,42036.0
2023-09-09 23:00:00,6.17,6.17,6.159,6.163,67228.0
2023-09-10 00:00:00,6.163,6.164,6.096,6.135,543431.0
2023-09-10 01:00:00,6.134,6.135,6.083,6.115,303087.0
2023-09-10 02:00:00,6.116,6.123,6.09,6.122,88934.0
2023-09-10 03:00:00,6.124,6.129,6.106,6.114,87554.0
2023-09-10 04:00:00,6.112,6.116,5.94,6.054,1567694.0
2023-09-10 05:00:00,6.054,6.098,6.039,6.095,186087.0
2023-09-10 06:00:00,6.095,6.127,6.095,6.112,174983.0
2023-09-10 07:00:00,6.116,6.126,6.104,6.115,97835.0
2023-09-10 08:00:00,6.116,6.121,6.093,6.11,256430.0
2023-09-10 09:00:00,6.11,6.112,6.086,6.099,81376.0
2023-09-10 10:00:00,6.097,6.1,6.069,6.071,80147.0
2023-09-10 11:00:00,6.072,6.104,6.066,6.089,125247.0
2023-09-10 12:00:00,6.086,6.108,6.082,6.089,87691.0
2023-09-10 13:00:00,6.089,6.09,6.054,6.067,138531.0
2023-09-10 14:00:00,6.068,6.076,6.014,6.028,235941.0
2023-09-10 15:00:00,6.028,6.054,5.977,6.046,395972.0
2023-09-10 16:00:00,6.046,6.055,5.953,6.016,406617.0
2023-09-10 17:00:00,6.017,6.018,5.98,5.993,140920.0
2023-09-10 18:00:00,5.993,6.034,5.989,6.022,81075.0
2023-09-10 19:00:00,6.022,6.064,5.975,6.041,291779.0
2023-09-10 20:00:00,6.04,6.078,6.015,6.042,331140.0
2023-09-10 21:00:00,6.041,6.068,6.034,6.051,102458.0
2023-09-10 22:00:00,6.051,6.066,6.015,6.018,151298.0
2023-09-10 23:00:00,6.017,6.035,6.005,6.017,118164.0
2023-09-11 00:00:00,6.017,6.031,5.937,5.977,1000677.0
2023-09-11 01:00:00,5.978,6.0,5.96,5.989,139525.0
2023-09-11 02:00:00,5.99,6.001,5.961,5.993,736932.0
2023-09-11 03:00:00,5.992,6.01,5.99,6.0,75766.0
2023-09-11 04:00:00,5.999,6.001,5.978,5.999,75892.0
2023-09-11 05:00:00,5.999,6.033,5.98,6.032,269072.0
2023-09-11 06:00:00,6.032,6.036,5.989,5.992,121288.0
2023-09-11 07:00:00,5.991,6.004,5.978,5.99,88355.0
2023-09-11 08:00:00,5.989,5.998,5.93,5.942,465206.0
2023-09-11 09:00:00,5.943,5.962,5.852,5.907,1124107.0
2023-09-11 10:00:00,5.906,5.909,5.784,5.877,1545521.0
2023-09-11 11:00:00,5.877,5.902,5.872,5.887,192849.0
2023-09-11 12:00:00,5.887,5.922,5.876,5.921,178945.0
2023-09-11 13:00:00,5.918,5.939,5.88,5.882,352827.0
2023-09-11 14:00:00,5.882,5.907,5.8,5.842,1842663.0
2023-09-11 15:00:00,5.843,5.872,5.816,5.86,347572.0
2023-09-11 16:00:00,5.859,5.883,5.842,5.851,307988.0
2023-09-11 17:00:00,5.852,5.867,5.823,5.867,155708.0
2023-09-11 18:00:00,5.867,5.87,5.834,5.837,179637.0
2023-09-11 19:00:00,5.837,5.842,5.736,5.769,938204.0
2023-09-11 20:00:00,5.77,5.807,5.742,5.791,411165.0
2023-09-11 21:00:00,5.791,5.815,5.778,5.801,169102.0
2023-09-11 22:00:00,5.8,5.827,5.795,5.801,89144.0
2023-09-11 23:00:00,5.801,5.83,5.797,5.828,79145.0
2023-09-12 00:00:00,5.828,5.881,5.811,5.857,354654.0
2023-09-12 01:00:00,5.857,5.862,5.807,5.82,80983.0
2023-09-12 02:00:00,5.82,5.849,5.819,5.844,58720.0
2023-09-12 03:00:00,5.844,5.994,5.844,5.938,1536649.0
2023-09-12 04:00:00,5.94,5.965,5.903,5.907,262575.0
2023-09-12 05:00:00,5.907,5.916,5.875,5.91,402005.0
2023-09-12 06:00:00,5.91,5.929,5.899,5.905,213884.0
2023-09-12 07:00:00,5.905,5.929,5.902,5.919,247732.0
2023-09-12 08:00:00,5.918,5.943,5.896,5.898,287162.0
2023-09-12 09:00:00,5.9,5.97,5.889,5.959,206283.0
2023-09-12 10:00:00,5.959,6.077,5.948,6.029,1404786.0
2023-09-12 11:00:00,6.029,6.043,6.004,6.021,200547.0
2023-09-12 12:00:00,6.023,6.04,5.994,6.0,205519.0
2023-09-12 13:00:00,6.001,6.018,5.958,6.016,300318.0
2023-09-12 14:00:00,6.014,6.034,5.972,5.985,233022.0
2023-09-12 15:00:00,5.984,6.004,5.979,5.992,121181.0
2023-09-12 16:00:00,5.992,6.067,5.952,5.97,729292.0
2023-09-12 17:00:00,5.969,5.978,5.903,5.924,586676.0
2023-09-12 18:00:00,5.927,5.964,5.918,5.956,91262.0
2023-09-12 19:00:00,5.956,5.999,5.954,5.972,217038.0
2023-09-12 20:00:00,5.971,5.985,5.964,5.967,38644.0
2023-09-12 21:00:00,5.968,5.994,5.963,5.98,36176.0
2023-09-12 22:00:00,5.979,5.979,5.956,5.97,40295.0
2023-09-12 23:00:00,5.97,5.976,5.952,5.958,117621.0
2023-09-13 00:00:00,5.96,6.008,5.939,5.995,295642.0
2023-09-13 01:00:00,5.995,6.009,5.967,5.986,147648.0
2023-09-13 02:00:00,5.986,5.998,5.975,5.98,793074.0
2023-09-13 03:00:00,5.978,5.996,5.959,5.973,62404.0
2023-09-13 04:00:00,5.972,5.991,5.964,5.983,84065.0
2023-09-13 05:00:00,5.983,5.985,5.927,5.949,159251.0
2023-09-13 06:00:00,5.949,5.975,5.935,5.969,74438.0
2023-09-13 07:00:00,5.97,6.094,5.94,5.956,2075378.0
2023-09-13 08:00:00,5.957,6.041,5.951,6.02,319151.0
2023-09-13 09:00:00,6.022,6.042,6.004,6.031,205365.0
2023-09-13 10:00:00,6.031,6.045,6.007,6.012,99330.0
2023-09-13 11:00:00,6.014,6.03,6.0,6.017,86871.0
2023-09-13 12:00:00,6.018,6.025,5.969,6.002,280713.0
2023-09-13 13:00:00,6.004,6.007,5.94,5.953,248574.0
2023-09-13 14:00:00,5.953,5.999,5.931,5.988,351704.0
2023-09-13 15:00:00,5.988,6.04,5.985,6.015,232744.0
2023-09-13 16:00:00,6.015,6.034,6.0,6.003,178307.0
2023-09-13 17:00:00,6.002,6.023,5.965,5.97,184836.0
2023-09-13 18:00:00,5.97,5.998,5.964,5.965,63142.0
2023-09-13 19:00:00,5.964,5.988,5.952,5.979,120367.0
2023-09-13 20:00:00,5.979,6.012,5.974,6.008,222131.0
2023-09-13 21:00:00,6.007,6.015,5.998,6.004,58181.0
2023-09-13 22:00:00,6.004,6.038,6.004,6.015,73328.0
2023-09-13 23:00:00,6.014,6.025,6.006,6.017,98892.0
2023-09-14 00:00:00,6.018,6.12,6.018,6.119,501702.0
2023-09-14 01:00:00,6.119,6.125,6.022,6.026,471034.0
2023-09-14 02:00:00,6.025,6.046,6.005,6.046,197123.0
2023-09-14 03:00:00,6.046,6.065,6.028,6.043,362109.0
2023-09-14 04:00:00,6.043,6.053,6.015,6.017,49657.0
2023-09-14 05:00:00,6.018,6.033,6.006,6.02,60010.0
2023-09-14 06:00:00,6.02,6.041,6.015,6.037,61990.0
2023-09-14 07:00:00,6.037,6.05,6.015,6.029,504873.0
2023-09-14 08:00:00,6.029,6.037,6.014,6.022,102122.0
2023-09-14 09:00:00,6.024,6.048,6.021,6.046,74437.0
2023-09-14 10:00:00,6.046,6.059,6.037,6.049,61705.0
2023-09-14 11:00:00,6.048,6.064,6.041,6.056,144161.0
2023-09-14 12:00:00,6.054,6.078,6.023,6.047,258612.0
2023-09-14 13:00:00,6.049,6.098,6.044,6.07,351197.0
2023-09-14 14:00:00,6.071,6.118,6.049,6.112,242700.0
2023-09-14 15:00:00,6.111,6.131,6.059,6.092,250972.0
2023-09-14 16:00:00,6.093,6.115,6.07,6.115,215920.0
2023-09-14 17:00:00,6.115,6.135,6.103,6.133,104779.0
2023-09-14 18:00:00,6.132,6.171,6.107,6.124,605426.0
2023-09-14 19:00:00,6.124,6.169,6.123,6.165,173996.0
2023-09-14 20:00:00,6.166,6.176,6.147,6.153,128973.0
2023-09-14 21:00:00,6.153,6.168,6.147,6.168,72398.0
2023-09-14 22:00:00,6.168,6.215,6.168,6.194,204988.0
2023-09-14 23:00:00,6.193,6.2,6.138,6.151,118486.0
2023-09-15 00:00:00,6.153,6.19,6.135,6.163,161863.0
2023-09-15 01:00:00,6.164,6.172,6.14,6.17,108750.0
2023-09-15 02:00:00,6.17,6.239,6.169,6.215,260402.0
2023-09-15 03:00:00,6.217,6.222,6.187,6.191,102410.0
2023-09-15 04:00:00,6.192,6.213,6.182,6.207,97672.0
2023-09-15 05:00:00,6.207,6.207,6.169,6.192,202927.0
2023-09-15 06:00:00,6.191,6.202,6.175,6.177,102564.0
2023-09-15 07:00:00,6.177,6.179,6.145,6.15,100842.0
2023-09-15 08:00:00,6.149,6.168,6.136,6.167,112879.0
2023-09-15 09:00:00,6.166,6.175,6.135,6.139,68551.0
2023-09-15 10:00:00,6.139,6.147,6.124,6.135,75127.0
2023-09-15 11:00:00,6.136,6.137,6.099,6.107,183490.0
2023-09-15 12:00:00,6.109,6.143,6.105,6.114,143064.0
2023-09-15 13:00:00,6.115,6.159,6.114,6.136,140842.0
2023-09-15 14:00:00,6.136,6.168,6.13,6.162,144353.0
2023-09-15 15:00:00,6.161,6.207,6.159,6.204,203017.0
2023-09-15 16:00:00,6.204,6.248,6.198,6.245,255125.0
2023-09-15 17:00:00,6.244,6.248,6.206,6.208,254430.0
2023-09-15 18:00:00,6.209,6.22,6.193,6.205,160804.0
2023-09-15 19:00:00,6.205,6.241,6.198,6.226,82193.0
2023-09-15 20:00:00,6.224,6.242,6.222,6.225,103995.0
2023-09-15 21:00:00,6.227,6.283,6.224,6.243,280532.0
2023-09-15 22:00:00,6.244,6.353,6.244,6.348,319736.0
2023-09-15 23:00:00,6.349,6.376,6.332,6.366,272556.0
2023-09-16 00:00:00,6.365,6.403,6.349,6.353,240465.0
2023-09-16 01:00:00,6.354,6.378,6.341,6.375,208089.0
2023-09-16 02:00:00,6.374,6.426,6.369,6.369,357744.0
2023-09-16 03:00:00,6.368,6.391,6.301,6.306,505880.0
2023-09-16 04:00:00,6.306,6.326,6.29,6.311,142251.0
2023-09-16 05:00:00,6.313,6.325,6.288,6.297,77319.0
2023-09-16 06:00:00,6.296,6.308,6.266,6.275,255614.0
2023-09-16 07:00:00,6.273,6.298,6.268,6.298,69172.0
2023-09-16 08:00:00,6.298,6.298,6.263,6.269,209966.0
2023-09-16 09:00:00,6.267,6.297,6.259,6.264,229551.0
2023-09-16 10:00:00,6.263,6.293,6.251,6.283,145449.0
2023-09-16 11:00:00,6.284,6.285,6.244,6.247,115923.0
2023-09-16 12:00:00,6.246,6.253,6.231,6.243,101337.0
2023-09-16 13:00:00,6.243,6.251,6.216,6.224,106554.0
2023-09-16 14:00:00,6.223,6.243,6.192,6.199,246825.0
2023-09-16 15:00:00,6.199,6.23,6.187,6.222,120502.0
2023-09-16 16:00:00,6.222,6.24,6.218,6.237,90156.0
2023-09-16 17:00:00,6.236,6.243,6.214,6.229,91717.0
2023-09-16 18:00:00,6.229,6.24,6.212,6.225,59286.0
2023-09-16 19:00:00,6.224,6.235,6.185,6.197,69493.0
2023-09-16 20:00:00,6.198,6.219,6.196,6.208,35213.0
2023-09-16 21:00:00,6.208,6.288,6.207,6.284,148132.0
2023-09-16 22:00:00,6.285,6.291,6.267,6.268,112978.0
2023-09-16 23:00:00,6.268,6.286,6.257,6.279,39900.0
2023-09-17 00:00:00,6.279,6.279,6.212,6.219,221518.0
2023-09-17 01:00:00,6.22,6.231,6.17,6.21,474216.0
2023-09-17 02:00:00,6.211,6.237,6.196,6.226,101938.0
2023-09-17 03:00:00,6.226,6.239,6.222,6.236,76810.0
2023-09-17 04:00:00,6.237,6.243,6.219,6.241,65876.0
2023-09-17 05:00:00,6.242,6.257,6.223,6.225,70086.0
2023-09-17 06:00:00,6.224,6.227,6.207,6.211,44742.0
2023-09-17 07:00:00,6.212,6.219,6.185,6.188,90629.0
2023-09-17 08:00:00,6.189,6.214,6.184,6.212,122265.0
2023-09-17 09:00:00,6.212,6.219,6.189,6.207,70780.0
2023-09-17 10:00:00,6.205,6.227,6.201,6.22,112865.0
2023-09-17 11:00:00,6.219,6.225,6.204,6.205,59123.0
2023-09-17 12:00:00,6.204,6.219,6.203,6.212,71842.0
2023-09-17 13:00:00,6.211,6.212,6.156,6.173,142606.0
2023-09-17 14:00:00,6.174,6.2,6.169,6.183,74736.0
2023-09-17 15:00:00,6.182,6.196,6.165,6.185,93840.0
2023-09-17 16:00:00,6.183,6.191,6.128,6.147,252768.0
2023-09-17 17:00:00,6.148,6.148,6.108,6.11,132196.0
2023-09-17 18:00:00,6.11,6.146,6.103,6.134,114419.0
2023-09-17 19:00:00,6.134,6.143,6.123,6.132,23540.0
2023-09-17 20:00:00,6.131,6.136,6.049,6.067,965053.0
2023-09-17 21:00:00,6.067,6.102,6.055,6.101,107120.0
2023-09-17 22:00:00,6.102,6.129,6.09,6.128,77142.0
2023-09-17 23:00:00,6.128,6.15,6.118,6.145,74030.0
2023-09-18 00:00:00,6.145,6.163,6.095,6.125,368610.0
2023-09-18 01:00:00,6.124,6.161,6.121,6.158,346960.0
2023-09-18 02:00:00,6.157,6.286,6.156,6.279,744196.0
2023-09-18 03:00:00,6.278,6.624,6.257,6.621,2609214.0
2023-09-18 04:00:00,6.62,6.658,6.54,6.592,1599616.0
2023-09-18 05:00:00,6.592,6.673,6.555,6.629,824026.0
2023-09-18 06:00:00,6.629,6.661,6.574,6.58,806083.0
2023-09-18 07:00:00,6.581,6.603,6.535,6.548,766871.0
2023-09-18 08:00:00,6.547,6.584,6.509,6.529,828120.0
2023-09-18 09:00:00,6.529,6.627,6.516,6.61,957541.0
2023-09-18 10:00:00,6.609,6.814,6.591,6.778,2459057.0
2023-09-18 11:00:00,6.779,6.825,6.687,6.733,1033930.0
2023-09-18 12:00:00,6.733,6.812,6.674,6.791,1293027.0
2023-09-18 13:00:00,6.789,6.82,6.707,6.756,1169953.0
2023-09-18 14:00:00,6.757,6.842,6.718,6.788,867340.0
2023-09-18 15:00:00,6.789,6.81,6.714,6.726,786759.0
2023-09-18 16:00:00,6.727,6.732,6.65,6.705,983672.0
2023-09-18 17:00:00,6.706,6.725,6.587,6.601,1059489.0
2023-09-18 18:00:00,6.6,6.645,6.584,6.62,507684.0
2023-09-18 19:00:00,6.62,6.643,6.582,6.618,326713.0
2023-09-18 20:00:00,6.617,6.62,6.575,6.595,202373.0
2023-09-18 21:00:00,6.595,6.657,6.569,6.653,250426.0
2023-09-18 22:00:00,6.653,6.657,6.588,6.614,548066.0
2023-09-18 23:00:00,6.614,6.615,6.533,6.563,317571.0
2023-09-19 00:00:00,6.562,6.59,6.516,6.54,534823.0
2023-09-19 01:00:00,6.54,6.653,6.533,6.631,663827.0
2023-09-19 02:00:00,6.631,6.723,6.613,6.72,595752.0
2023-09-19 03:00:00,6.719,6.78,6.69,6.762,795297.0
2023-09-19 04:00:00,6.762,6.929,6.745,6.856,1393793.0
2023-09-19 05:00:00,6.856,6.867,6.793,6.804,645016.0
2023-09-19 06:00:00,6.803,6.809,6.695,6.726,925787.0
2023-09-19 07:00:00,6.726,6.737,6.678,6.691,423061.0
2023-09-19 08:00:00,6.691,6.755,6.69,6.748,511751.0
2023-09-19 09:00:00,6.749,6.812,6.73,6.777,807431.0
2023-09-19 10:00:00,6.779,6.804,6.688,6.74,546855.0
2023-09-19 11:00:00,6.74,6.749,6.706,6.741,173089.0
2023-09-19 12:00:00,6.742,6.788,6.714,6.762,301834.0
2023-09-19 13:00:00,6.762,6.877,6.756,6.792,1165848.0
2023-09-19 14:00:00,6.791,6.888,6.757,6.813,1096127.0
2023-09-19 15:00:00,6.813,6.878,6.799,6.871,535725.0
2023-09-19 16:00:00,6.87,6.912,6.806,6.82,444993.0
2023-09-19 17:00:00,6.819,6.851,6.798,6.836,233726.0
2023-09-19 18:00:00,6.837,6.86,6.825,6.84,175547.0
2023-09-19 19:00:00,6.838,6.844,6.79,6.837,219384.0
2023-09-19 20:00:00,6.837,6.838,6.784,6.829,240964.0
2023-09-19 21:00:00,6.83,6.87,6.784,6.859,217231.0
2023-09-19 22:00:00,6.858,6.888,6.848,6.883,130272.0
2023-09-19 23:00:00,6.885,6.972,6.837,6.845,878636.0
2023-09-20 00:00:00,6.845,6.858,6.812,6.845,289937.0
2023-09-20 01:00:00,6.845,6.971,6.838,6.956,516427.0
2023-09-20 02:00:00,6.958,6.98,6.916,6.96,627724.0
2023-09-20 03:00:00,6.96,6.995,6.892,6.928,489068.0
2023-09-20 04:00:00,6.923,6.943,6.888,6.891,299656.0
2023-09-20 05:00:00,6.893,6.955,6.89,6.912,269781.0
2023-09-20 06:00:00,6.913,6.917,6.833,6.842,478597.0
2023-09-20 07:00:00,6.842,6.842,6.777,6.806,537993.0
2023-09-20 08:00:00,6.805,6.855,6.787,6.838,351520.0
2023-09-20 09:00:00,6.838,6.877,6.757,6.814,786937.0
2023-09-20 10:00:00,6.812,6.823,6.764,6.803,515262.0
2023-09-20 11:00:00,6.802,6.835,6.79,6.829,217728.0
2023-09-20 12:00:00,6.831,6.837,6.741,6.794,425661.0
2023-09-20 13:00:00,6.794,6.906,6.792,6.87,595277.0
2023-09-20 14:00:00,6.87,6.923,6.861,6.887,469062.0
2023-09-20 15:00:00,6.887,6.935,6.856,6.919,344688.0
2023-09-20 16:00:00,6.919,6.93,6.89,6.916,353466.0
2023-09-20 17:00:00,6.917,6.944,6.895,6.916,224857.0
2023-09-20 18:00:00,6.916,7.047,6.894,6.921,995661.0
2023-09-20 19:00:00,6.92,6.955,6.787,6.874,1018359.0
2023-09-20 20:00:00,6.874,6.893,6.837,6.891,191857.0
2023-09-20 21:00:00,6.891,6.973,6.884,6.951,309859.0
2023-09-20 22:00:00,6.952,6.967,6.914,6.918,151878.0
2023-09-20 23:00:00,6.918,6.924,6.893,6.904,152254.0
2023-09-21 00:00:00,6.906,6.946,6.857,6.883,538470.0
2023-09-21 01:00:00,6.883,6.89,6.812,6.854,377217.0
2023-09-21 02:00:00,6.852,6.888,6.82,6.838,276322.0
2023-09-21 03:00:00,6.838,6.878,6.83,6.877,141556.0
2023-09-21 04:00:00,6.878,6.879,6.82,6.824,145917.0
2023-09-21 05:00:00,6.823,6.856,6.797,6.835,204372.0
2023-09-21 06:00:00,6.835,6.84,6.799,6.823,282190.0
2023-09-21 07:00:00,6.824,6.826,6.782,6.796,225028.0
2023-09-21 08:00:00,6.798,6.829,6.774,6.78,342304.0
2023-09-21 09:00:00,6.779,6.784,6.72,6.727,744357.0
2023-09-21 10:00:00,6.729,6.756,6.682,6.687,1211379.0
2023-09-21 11:00:00,6.689,6.731,6.677,6.707,320623.0
2023-09-21 12:00:00,6.707,6.751,6.692,6.702,657726.0
2023-09-21 13:00:00,6.703,6.705,6.606,6.658,963157.0
2023-09-21 14:00:00,6.658,6.742,6.649,6.733,375931.0
2023-09-21 15:00:00,6.733,6.787,6.73,6.748,239737.0
2023-09-21 16:00:00,6.747,6.748,6.707,6.713,269750.0
2023-09-21 17:00:00,6.713,6.755,6.713,6.746,150232.0
2023-09-21 18:00:00,6.747,6.765,6.723,6.753,114517.0
2023-09-21 19:00:00,6.753,6.761,6.713,6.719,123895.0
2023-09-21 20:00:00,6.719,6.733,6.683,6.721,154429.0
2023-09-21 21:00:00,6.722,6.728,6.673,6.728,100902.0
2023-09-21 22:00:00,6.727,6.727,6.688,6.711,78635.0
2023-09-21 23:00:00,6.711,6.714,6.661,6.662,105932.0
2023-09-22 00:00:00,6.664,6.707,6.595,6.698,626384.0
2023-09-22 01:00:00,6.697,6.717,6.651,6.694,179350.0
2023-09-22 02:00:00,6.695,6.721,6.663,6.667,110734.0
2023-09-22 03:00:00,6.667,6.716,6.661,6.696,302920.0
2023-09-22 04:00:00,6.698,6.719,6.667,6.668,174502.0
2023-09-22 05:00:00,6.668,6.702,6.639,6.7,190692.0
2023-09-22 06:00:00,6.703,6.718,6.676,6.678,154204.0
2023-09-22 07:00:00,6.677,6.705,6.645,6.696,285456.0
2023-09-22 08:00:00,6.696,6.743,6.693,6.735,303808.0
2023-09-22 09:00:00,6.735,6.756,6.706,6.741,284069.0
2023-09-22 10:00:00,6.741,6.77,6.724,6.729,361723.0
2023-09-22 11:00:00,6.73,6.787,6.729,6.784,309632.0
2023-09-22 12:00:00,6.784,6.787,6.74,6.756,238393.0
2023-09-22 13:00:00,6.755,6.76,6.713,6.738,213246.0
2023-09-22 14:00:00,6.737,6.78,6.72,6.779,270634.0
2023-09-22 15:00:00,6.779,6.798,6.759,6.768,180684.0
2023-09-22 16:00:00,6.767,6.792,6.737,6.746,361451.0
2023-09-22 17:00:00,6.745,6.829,6.731,6.823,261801.0
2023-09-22 18:00:00,6.824,6.931,6.808,6.912,850010.0
2023-09-22 19:00:00,6.913,6.972,6.875,6.878,567500.0
2023-09-22 20:00:00,6.876,6.915,6.863,6.886,228477.0
2023-09-22 21:00:00,6.887,6.962,6.882,6.95,236059.0
2023-09-22 22:00:00,6.95,6.966,6.918,6.954,207630.0
2023-09-22 23:00:00,6.954,6.961,6.918,6.956,204583.0
2023-09-23 00:00:00,6.959,7.189,6.946,7.083,1787120.0
2023-09-23 01:00:00,7.083,7.103,7.055,7.091,452029.0
2023-09-23 02:00:00,7.089,7.093,7.008,7.051,483186.0
2023-09-23 03:00:00,7.051,7.058,6.975,6.993,547288.0
2023-09-23 04:00:00,6.994,7.03,6.965,6.997,637487.0
2023-09-23 05:00:00,6.996,7.004,6.946,6.974,303123.0
2023-09-23 06:00:00,6.975,7.016,6.965,7.002,210091.0
2023-09-23 07:00:00,7.003,7.069,7.001,7.037,490285.0
2023-09-23 08:00:00,7.037,7.046,6.998,7.026,454485.0
2023-09-23 09:00:00,7.024,7.028,6.963,6.989,364270.0
2023-09-23 10:00:00,6.989,7.011,6.967,6.996,299322.0
2023-09-23 11:00:00,6.996,7.008,6.971,7.001,144983.0
2023-09-23 12:00:00,7.001,7.04,6.988,7.018,347624.0
2023-09-23 13:00:00,7.019,7.051,6.995,7.009,362682.0
2023-09-23 14:00:00,7.009,7.058,7.001,7.018,379315.0
2023-09-23 15:00:00,7.018,7.021,6.925,6.936,657486.0
2023-09-23 16:00:00,6.936,7.088,6.917,7.052,1794264.0
2023-09-23 17:00:00,7.054,7.192,7.026,7.167,1444148.0
2023-09-23 18:00:00,7.167,7.174,7.081,7.101,819170.0
2023-09-23 19:00:00,7.097,7.229,7.091,7.181,888146.0
2023-09-23 20:00:00,7.179,7.195,7.134,7.139,455170.0
2023-09-23 21:00:00,7.141,7.19,7.131,7.179,330264.0
2023-09-23 22:00:00,7.18,7.223,7.155,7.208,557487.0
2023-09-23 23:00:00,7.209,7.21,7.165,7.186,392908.0
2023-09-24 00:00:00,7.186,7.253,7.132,7.146,1265283.0
2023-09-24 01:00:00,7.145,7.22,7.131,7.202,694443.0
2023-09-24 02:00:00,7.202,7.248,7.187,7.194,678773.0
2023-09-24 03:00:00,7.194,7.21,7.155,7.163,376794.0
2023-09-24 04:00:00,7.163,7.211,7.153,7.167,492055.0
2023-09-24 05:00:00,7.167,7.177,7.136,7.14,268668.0
2023-09-24 06:00:00,7.141,7.15,7.109,7.129,629872.0
2023-09-24 07:00:00,7.13,7.184,7.118,7.165,405532.0
2023-09-24 08:00:00,7.164,7.174,7.14,7.165,243543.0
2023-09-24 09:00:00,7.164,7.177,7.122,7.147,362355.0
2023-09-24 10:00:00,7.148,7.153,7.087,7.124,477720.0
2023-09-24 11:00:00,7.125,7.14,7.076,7.095,516144.0
2023-09-24 12:00:00,7.095,7.126,7.078,7.124,352526.0
2023-09-24 13:00:00,7.124,7.126,7.088,7.111,220464.0
2023-09-24 14:00:00,7.11,7.193,7.093,7.168,791393.0
2023-09-24 15:00:00,7.167,7.172,7.087,7.097,462833.0
2023-09-24 16:00:00,7.096,7.122,7.09,7.119,240744.0
2023-09-24 17:00:00,7.118,7.18,7.094,7.153,383363.0
2023-09-24 18:00:00,7.154,7.159,7.042,7.047,779357.0
2023-09-24 19:00:00,7.049,7.092,7.035,7.082,415307.0
2023-09-24 20:00:00,7.081,7.096,7.036,7.061,161712.0
2023-09-24 21:00:00,7.061,7.065,7.044,7.05,138150.0
2023-09-24 22:00:00,7.051,7.063,7.026,7.032,177634.0
2023-09-24 23:00:00,7.031,7.032,6.946,6.973,814464.0
2023-09-25 00:00:00,6.973,7.079,6.906,7.079,914824.0
2023-09-25 01:00:00,7.079,7.27,7.071,7.173,1882523.0
2023-09-25 02:00:00,7.173,7.265,7.16,7.204,1048614.0
2023-09-25 03:00:00,7.203,7.22,7.16,7.162,259286.0
2023-09-25 04:00:00,7.162,7.22,7.151,7.182,432637.0
2023-09-25 05:00:00,7.183,7.237,7.173,7.225,599234.0
2023-09-25 06:00:00,7.225,7.238,7.191,7.236,460272.0
2023-09-25 07:00:00,7.236,7.31,7.219,7.277,1106407.0
2023-09-25 08:00:00,7.276,7.325,7.239,7.258,883774.0
2023-09-25 09:00:00,7.259,7.281,7.206,7.208,460411.0
2023-09-25 10:00:00,7.209,7.248,7.209,7.228,227976.0
2023-09-25 11:00:00,7.228,7.271,7.216,7.256,486228.0
2023-09-25 12:00:00,7.256,7.315,7.254,7.264,802093.0
2023-09-25 13:00:00,7.265,7.282,7.249,7.259,377841.0
2023-09-25 14:00:00,7.26,7.368,7.225,7.33,936204.0
2023-09-25 15:00:00,7.33,7.399,7.311,7.39,1579919.0
2023-09-25 16:00:00,7.391,7.518,7.378,7.471,1870682.0
2023-09-25 17:00:00,7.472,7.502,7.456,7.495,507151.0
2023-09-25 18:00:00,7.495,7.512,7.461,7.482,334973.0
2023-09-25 19:00:00,7.483,7.487,7.423,7.456,253990.0
2023-09-25 20:00:00,7.457,7.498,7.436,7.446,242302.0
2023-09-25 21:00:00,7.447,7.481,7.427,7.47,204591.0
2023-09-25 22:00:00,7.469,7.494,7.455,7.458,200408.0
2023-09-25 23:00:00,7.458,7.504,7.435,7.489,419471.0
2023-09-26 00:00:00,7.489,7.562,7.411,7.476,1211202.0
2023-09-26 01:00:00,7.475,7.499,7.452,7.496,421778.0
2023-09-26 02:00:00,7.495,7.575,7.485,7.538,716766.0
2023-09-26 03:00:00,7.537,7.558,7.503,7.521,416291.0
2023-09-26 04:00:00,7.521,7.529,7.465,7.491,380145.0
2023-09-26 05:00:00,7.49,7.499,7.456,7.474,262810.0
2023-09-26 06:00:00,7.473,7.499,7.461,7.472,274402.0
2023-09-26 07:00:00,7.472,7.514,7.438,7.44,460302.0
2023-09-26 08:00:00,7.438,7.485,7.437,7.461,260265.0
2023-09-26 09:00:00,7.46,7.462,7.416,7.434,555716.0
2023-09-26 10:00:00,7.436,7.44,7.38,7.412,467890.0
2023-09-26 11:00:00,7.413,7.438,7.37,7.428,404201.0
2023-09-26 12:00:00,7.428,7.429,7.371,7.375,293075.0
2023-09-26 13:00:00,7.376,7.396,7.342,7.348,477128.0
2023-09-26 14:00:00,7.346,7.359,7.322,7.354,467920.0
2023-09-26 15:00:00,7.355,7.367,7.301,7.331,404417.0
2023-09-26 16:00:00,7.333,7.355,7.312,7.332,494277.0
2023-09-26 17:00:00,7.333,7.344,7.253,7.282,526117.0
2023-09-26 18:00:00,7.281,7.281,7.251,7.253,157912.0
2023-09-26 19:00:00,7.254,7.414,7.247,7.392,662797.0
2023-09-26 20:00:00,7.391,7.475,7.38,7.387,880755.0
2023-09-26 21:00:00,7.388,7.401,7.278,7.359,583709.0
2023-09-26 22:00:00,7.358,7.385,7.319,7.329,234613.0
2023-09-26 23:00:00,7.329,7.376,7.321,7.355,210973.0
2023-09-27 00:00:00,7.355,7.415,7.332,7.339,396508.0
2023-09-27 01:00:00,7.338,7.34,7.273,7.284,443722.0
2023-09-27 02:00:00,7.285,7.334,7.271,7.307,302364.0
2023-09-27 03:00:00,7.308,7.379,7.301,7.364,294455.0
2023-09-27 04:00:00,7.363,7.392,7.342,7.389,367311.0
2023-09-27 05:00:00,7.389,7.391,7.333,7.368,217444.0
2023-09-27 06:00:00,7.368,7.381,7.327,7.353,234051.0
2023-09-27 07:00:00,7.351,7.372,7.321,7.368,184285.0
2023-09-27 08:00:00,7.37,7.432,7.349,7.409,395018.0
2023-09-27 09:00:00,7.409,7.594,7.408,7.549,1887581.0
2023-09-27 10:00:00,7.548,7.575,7.503,7.532,691864.0
2023-09-27 11:00:00,7.532,7.687,7.532,7.632,1238439.0
2023-09-27 12:00:00,7.631,7.884,7.615,7.733,2817198.0
2023-09-27 13:00:00,7.733,7.803,7.666,7.715,950042.0
2023-09-27 14:00:00,7.715,7.726,7.5,7.5,2026304.0
2023-09-27 15:00:00,7.501,7.637,7.484,7.588,1546255.0
2023-09-27 16:00:00,7.587,7.628,7.578,7.61,602566.0
2023-09-27 17:00:00,7.609,7.609,7.516,7.557,557961.0
2023-09-27 18:00:00,7.557,7.604,7.488,7.6,493111.0
2023-09-27 19:00:00,7.6,7.695,7.597,7.659,773104.0
2023-09-27 20:00:00,7.659,7.688,7.57,7.614,431893.0
2023-09-27 21:00:00,7.616,7.684,7.611,7.661,316734.0
2023-09-27 22:00:00,7.662,7.677,7.613,7.626,199166.0
2023-09-27 23:00:00,7.626,7.675,7.604,7.641,294553.0
2023-09-28 00:00:00,7.641,7.7,7.571,7.694,648772.0
2023-09-28 01:00:00,7.694,7.743,7.645,7.697,608880.0
2023-09-28 02:00:00,7.697,7.758,7.65,7.681,665814.0
2023-09-28 03:00:00,7.682,7.698,7.636,7.659,348398.0
2023-09-28 04:00:00,7.66,7.66,7.576,7.595,626960.0
2023-09-28 05:00:00,7.595,7.663,7.574,7.659,298677.0
2023-09-28 06:00:00,7.657,7.677,7.624,7.672,334433.0
2023-09-28 07:00:00,7.674,7.827,7.667,7.748,1305693.0
2023-09-28 08:00:00,7.748,7.862,7.728,7.848,1172896.0
2023-09-28 09:00:00,7.845,7.851,7.772,7.817,778498.0
2023-09-28 10:00:00,7.816,7.868,7.791,7.796,888173.0
2023-09-28 11:00:00,7.796,7.813,7.748,7.777,502133.0
2023-09-28 12:00:00,7.776,7.791,7.687,7.697,625846.0
2023-09-28 13:00:00,7.697,7.788,7.685,7.773,753672.0
2023-09-28 14:00:00,7.772,7.895,7.771,7.863,1416183.0
2023-09-28 15:00:00,7.86,7.925,7.823,7.884,1003034.0
2023-09-28 16:00:00,7.885,7.919,7.825,7.851,843259.0
2023-09-28 17:00:00,7.85,7.883,7.842,7.857,208567.0
2023-09-28 18:00:00,7.856,7.89,7.776,7.803,724439.0
2023-09-28 19:00:00,7.803,8.066,7.797,7.956,2025316.0
2023-09-28 20:00:00,7.957,7.957,7.842,7.855,456812.0
2023-09-28 21:00:00,7.854,7.861,7.769,7.821,488301.0
2023-09-28 22:00:00,7.82,7.872,7.815,7.829,262176.0
2023-09-28 23:00:00,7.829,7.844,7.802,7.809,134237.0
2023-09-29 00:00:00,7.808,7.844,7.756,7.783,429432.0
2023-09-29 01:00:00,7.781,7.791,7.733,7.765,296435.0
2023-09-29 02:00:00,7.763,7.764,7.683,7.715,440835.0
2023-09-29 03:00:00,7.714,7.749,7.687,7.748,211045.0
2023-09-29 04:00:00,7.747,7.776,7.716,7.766,252614.0
2023-09-29 05:00:00,7.766,7.79,7.749,7.779,236717.0
2023-09-29 06:00:00,7.779,7.788,7.732,7.776,200534.0
2023-09-29 07:00:00,7.776,7.827,7.741,7.786,426350.0
2023-09-29 08:00:00,7.785,7.787,7.719,7.723,318044.0
2023-09-29 09:00:00,7.723,7.758,7.713,7.719,156597.0
2023-09-29 10:00:00,7.721,7.724,7.69,7.704,239289.0
2023-09-29 11:00:00,7.702,7.749,7.694,7.7,285644.0
2023-09-29 12:00:00,7.7,7.765,7.67,7.751,628575.0
2023-09-29 13:00:00,7.751,7.788,7.74,7.754,355052.0
2023-09-29 14:00:00,7.754,7.877,7.699,7.849,948268.0
2023-09-29 15:00:00,7.848,7.909,7.807,7.816,477391.0
2023-09-29 16:00:00,7.816,7.837,7.754,7.808,381401.0
2023-09-29 17:00:00,7.807,7.824,7.775,7.789,249894.0
2023-09-29 18:00:00,7.789,8.017,7.767,7.976,1123933.0
2023-09-29 19:00:00,7.975,8.051,7.971,8.049,1173782.0
2023-09-29 20:00:00,8.047,8.081,7.955,7.972,687961.0
2023-09-29 21:00:00,7.973,8.001,7.932,7.977,349385.0
2023-09-29 22:00:00,7.977,8.004,7.943,7.962,301726.0
2023-09-29 23:00:00,7.961,7.979,7.941,7.948,180787.0
2023-09-30 00:00:00,7.947,8.019,7.947,8.005,458714.0
2023-09-30 01:00:00,8.006,8.009,7.936,7.958,262518.0
2023-09-30 02:00:00,7.956,8.044,7.944,8.038,502885.0
2023-09-30 03:00:00,8.04,8.053,7.996,8.022,418983.0
2023-09-30 04:00:00,8.021,8.05,8.004,8.008,338945.0
2023-09-30 05:00:00,8.01,8.128,8.006,8.086,770133.0
2023-09-30 06:00:00,8.086,8.15,8.058,8.125,854036.0
2023-09-30 07:00:00,8.128,8.158,8.062,8.081,611890.0
2023-09-30 08:00:00,8.08,8.115,8.014,8.021,641738.0
2023-09-30 09:00:00,8.022,8.083,8.011,8.056,587546.0
2023-09-30 10:00:00,8.055,8.177,8.055,8.147,1037170.0
2023-09-30 11:00:00,8.146,8.268,8.131,8.197,2172298.0
2023-09-30 12:00:00,8.198,8.212,8.144,8.171,672497.0
2023-09-30 13:00:00,8.174,8.237,8.146,8.194,594495.0
2023-09-30 14:00:00,8.193,8.218,8.129,8.154,595765.0
2023-09-30 15:00:00,8.154,8.238,8.136,8.223,629804.0
2023-09-30 16:00:00,8.222,8.243,8.168,8.175,631067.0
2023-09-30 17:00:00,8.174,8.198,8.145,8.168,234632.0
2023-09-30 18:00:00,8.169,8.19,8.086,8.14,522265.0
2023-09-30 19:00:00,8.141,8.195,8.113,8.179,264979.0
2023-09-30 20:00:00,8.18,8.182,8.135,8.153,193521.0
2023-09-30 21:00:00,8.154,8.173,8.109,8.127,397922.0
2023-09-30 22:00:00,8.127,8.216,8.12,8.181,360671.0
2023-09-30 23:00:00,8.18,8.2,8.153,8.19,303401.0
2023-10-01 00:00:00,8.191,8.259,8.161,8.247,699379.0
2023-10-01 01:00:00,8.246,8.247,8.163,8.163,351286.0
2023-10-01 02:00:00,8.162,8.173,8.113,8.135,296560.0
2023-10-01 03:00:00,8.135,8.171,8.118,8.165,222058.0
2023-10-01 04:00:00,8.164,8.174,8.115,8.125,179341.0
2023-10-01 05:00:00,8.125,8.149,8.093,8.102,223129.0
2023-10-01 06:00:00,8.101,8.141,8.099,8.112,221359.0
2023-10-01 07:00:00,8.112,8.114,8.039,8.063,636315.0
2023-10-01 08:00:00,8.063,8.09,8.042,8.083,288446.0
2023-10-01 09:00:00,8.083,8.137,8.065,8.12,529757.0
2023-10-01 10:00:00,8.119,8.225,8.117,8.191,1244453.0
2023-10-01 11:00:00,8.189,8.193,8.122,8.128,331558.0
2023-10-01 12:00:00,8.126,8.13,8.076,8.124,499530.0
2023-10-01 13:00:00,8.121,8.134,8.045,8.071,623126.0
2023-10-01 14:00:00,8.072,8.111,7.957,7.998,768807.0
2023-10-01 15:00:00,7.997,8.035,7.965,8.013,410102.0
2023-10-01 16:00:00,8.014,8.016,7.913,7.94,814937.0
2023-10-01 17:00:00,7.94,7.955,7.782,7.82,1428750.0
2023-10-01 18:00:00,7.823,7.905,7.817,7.866,502925.0
2023-10-01 19:00:00,7.866,7.889,7.835,7.839,461255.0
2023-10-01 20:00:00,7.839,7.905,7.763,7.794,1230697.0
2023-10-01 21:00:00,7.795,7.843,7.789,7.837,488407.0
2023-10-01 22:00:00,7.836,8.086,7.828,8.081,1999178.0
2023-10-01 23:00:00,8.081,8.149,8.026,8.054,1142375.0
2023-10-02 00:00:00,8.053,8.099,7.928,7.932,822651.0
2023-10-02 01:00:00,7.93,7.958,7.887,7.925,410822.0
2023-10-02 02:00:00,7.925,7.929,7.87,7.877,403629.0
2023-10-02 03:00:00,7.878,7.954,7.859,7.88,453937.0
2023-10-02 04:00:00,7.881,7.896,7.841,7.862,320799.0
2023-10-02 05:00:00,7.862,7.928,7.852,7.921,525039.0
2023-10-02 06:00:00,7.921,8.059,7.914,8.055,1070113.0
2023-10-02 07:00:00,8.054,8.099,7.995,8.035,891535.0
2023-10-02 08:00:00,8.035,8.08,7.991,8.015,710677.0
2023-10-02 09:00:00,8.013,8.033,7.849,7.98,979694.0
2023-10-02 10:00:00,7.98,7.988,7.924,7.937,498049.0
2023-10-02 11:00:00,7.937,7.947,7.867,7.887,553980.0
2023-10-02 12:00:00,7.89,7.954,7.882,7.918,414715.0
2023-10-02 13:00:00,7.917,7.924,7.824,7.881,638270.0
2023-10-02 14:00:00,7.881,7.886,7.63,7.779,2082370.0
2023-10-02 15:00:00,7.778,7.798,7.614,7.671,1448878.0
2023-10-02 16:00:00,7.67,7.726,7.61,7.697,955488.0
2023-10-02 17:00:00,7.696,7.705,7.652,7.666,281843.0
2023-10-02 18:00:00,7.668,7.668,7.43,7.53,1849499.0
2023-10-02 19:00:00,7.53,7.61,7.478,7.606,640955.0
2023-10-02 20:00:00,7.607,7.609,7.522,7.524,273066.0
2023-10-02 21:00:00,7.524,7.527,7.354,7.451,772637.0
2023-10-02 22:00:00,7.451,7.489,7.439,7.468,436957.0
2023-10-02 23:00:00,7.468,7.494,7.415,7.466,365807.0
2023-10-03 00:00:00,7.469,7.526,7.413,7.505,554349.0
2023-10-03 01:00:00,7.503,7.587,7.484,7.582,430647.0
2023-10-03 02:00:00,7.582,7.583,7.521,7.546,315488.0
2023-10-03 03:00:00,7.546,7.559,7.511,7.554,182487.0
2023-10-03 04:00:00,7.554,7.605,7.5,7.598,524855.0
2023-10-03 05:00:00,7.598,7.635,7.566,7.624,369058.0
2023-10-03 06:00:00,7.623,7.709,7.601,7.681,504730.0
2023-10-03 07:00:00,7.681,7.744,7.618,7.626,925974.0
2023-10-03 08:00:00,7.628,7.733,7.626,7.655,452646.0
2023-10-03 09:00:00,7.654,7.694,7.62,7.622,436450.0
2023-10-03 10:00:00,7.621,7.662,7.56,7.582,551363.0
2023-10-03 11:00:00,7.58,7.597,7.509,7.54,453073.0
2023-10-03 12:00:00,7.542,7.587,7.502,7.568,375878.0
2023-10-03 13:00:00,7.566,7.724,7.547,7.67,882062.0
2023-10-03 14:00:00,7.67,7.671,7.465,7.515,1132141.0
2023-10-03 15:00:00,7.514,7.538,7.398,7.431,720731.0
2023-10-03 16:00:00,7.431,7.492,7.411,7.443,477202.0
2023-10-03 17:00:00,7.443,7.543,7.438,7.529,342533.0
2023-10-03 18:00:00,7.529,7.538,7.452,7.486,330530.0
2023-10-03 19:00:00,7.486,7.536,7.384,7.404,349775.0
2023-10-03 20:00:00,7.407,7.505,7.365,7.462,450814.0
2023-10-03 21:00:00,7.461,7.494,7.42,7.435,187457.0
2023-10-03 22:00:00,7.438,7.451,7.366,7.448,320902.0
2023-10-03 23:00:00,7.447,7.48,7.399,7.409,308363.0
2023-10-04 00:00:00,7.408,7.426,7.181,7.325,2443227.0
2023-10-04 01:00:00,7.327,7.387,7.305,7.379,383277.0
2023-10-04 02:00:00,7.379,7.513,7.368,7.486,997474.0
2023-10-04 03:00:00,7.487,7.546,7.451,7.483,725958.0
2023-10-04 04:00:00,7.482,7.53,7.454,7.513,536861.0
2023-10-04 05:00:00,7.514,7.633,7.5,7.577,1664428.0
2023-10-04 06:00:00,7.575,7.601,7.515,7.599,934097.0
2023-10-04 07:00:00,7.6,7.626,7.562,7.593,405322.0
2023-10-04 08:00:00,7.594,7.613,7.549,7.557,713093.0
2023-10-04 09:00:00,7.558,7.591,7.532,7.587,333268.0
2023-10-04 10:00:00,7.587,7.599,7.519,7.55,318373.0
2023-10-04 11:00:00,7.55,7.583,7.525,7.543,319603.0
2023-10-04 12:00:00,7.543,7.664,7.534,7.589,731739.0
2023-10-04 13:00:00,7.591,7.598,7.479,7.495,786388.0
2023-10-04 14:00:00,7.494,7.533,7.467,7.507,476638.0
2023-10-04 15:00:00,7.503,7.67,7.493,7.637,1358231.0
2023-10-04 16:00:00,7.637,7.741,7.615,7.687,1651298.0
2023-10-04 17:00:00,7.688,7.778,7.629,7.643,954290.0
2023-10-04 18:00:00,7.645,7.675,7.569,7.631,739947.0
2023-10-04 19:00:00,7.63,7.715,7.6,7.611,1117168.0
2023-10-04 20:00:00,7.61,7.682,7.586,7.67,220005.0
2023-10-04 21:00:00,7.669,7.685,7.639,7.642,192433.0
2023-10-04 22:00:00,7.642,7.704,7.63,7.67,195638.0
2023-10-04 23:00:00,7.673,7.742,7.66,7.669,301890.0
2023-10-05 00:00:00,7.669,7.695,7.6,7.654,489075.0
2023-10-05 01:00:00,7.655,7.686,7.589,7.67,554582.0
2023-10-05 02:00:00,7.669,7.67,7.597,7.61,213125.0
2023-10-05 03:00:00,7.61,7.65,7.599,7.612,233949.0
2023-10-05 04:00:00,7.612,7.649,7.598,7.649,203230.0
2023-10-05 05:00:00,7.65,7.713,7.634,7.681,357245.0
2023-10-05 06:00:00,7.681,7.736,7.669,7.698,382897.0
2023-10-05 07:00:00,7.697,7.763,7.695,7.712,555718.0
2023-10-05 08:00:00,7.713,7.768,7.68,7.768,659594.0
2023-10-05 09:00:00,7.768,7.796,7.696,7.697,615516.0
2023-10-05 10:00:00,7.698,7.73,7.67,7.715,397737.0
2023-10-05 11:00:00,7.713,7.731,7.678,7.678,248834.0
2023-10-05 12:00:00,7.679,7.7,7.64,7.65,436820.0
2023-10-05 13:00:00,7.651,7.705,7.58,7.623,1090078.0
2023-10-05 14:00:00,7.623,7.677,7.609,7.626,538988.0
2023-10-05 15:00:00,7.626,7.629,7.48,7.532,1182378.0
2023-10-05 16:00:00,7.531,7.56,7.494,7.542,468557.0
2023-10-05 17:00:00,7.543,7.557,7.487,7.538,319292.0
2023-10-05 18:00:00,7.539,7.553,7.475,7.515,316258.0
2023-10-05 19:00:00,7.512,7.532,7.494,7.509,96163.0
2023-10-05 20:00:00,7.506,7.522,7.48,7.502,135227.0
2023-10-05 21:00:00,7.502,7.519,7.49,7.499,101996.0
2023-10-05 22:00:00,7.5,7.566,7.461,7.528,233844.0
2023-10-05 23:00:00,7.528,7.545,7.455,7.466,247296.0
2023-10-06 00:00:00,7.468,7.546,7.458,7.494,298817.0
2023-10-06 01:00:00,7.495,7.566,7.491,7.541,251672.0
2023-10-06 02:00:00,7.544,7.583,7.544,7.553,209718.0
2023-10-06 03:00:00,7.553,7.554,7.517,7.528,112608.0
2023-10-06 04:00:00,7.527,7.53,7.497,7.516,124351.0
2023-10-06 05:00:00,7.516,7.554,7.503,7.54,303685.0
2023-10-06 06:00:00,7.539,7.552,7.516,7.544,109800.0
2023-10-06 07:00:00,7.543,7.582,7.531,7.576,357717.0
2023-10-06 08:00:00,7.576,7.599,7.568,7.575,377551.0
2023-10-06 09:00:00,7.576,7.59,7.553,7.59,172227.0
2023-10-06 10:00:00,7.591,7.614,7.564,7.566,231810.0
2023-10-06 11:00:00,7.568,7.569,7.54,7.559,138799.0
2023-10-06 12:00:00,7.559,7.583,7.45,7.462,742712.0
2023-10-06 13:00:00,7.464,7.561,7.43,7.529,745726.0
2023-10-06 14:00:00,7.529,7.575,7.507,7.553,471197.0
2023-10-06 15:00:00,7.553,7.705,7.548,7.66,1174142.0
2023-10-06 16:00:00,7.66,7.692,7.621,7.674,413391.0
2023-10-06 17:00:00,7.674,7.722,7.641,7.678,415951.0
2023-10-06 18:00:00,7.679,7.684,7.645,7.645,249913.0
2023-10-06 19:00:00,7.646,7.708,7.641,7.667,248761.0
2023-10-06 20:00:00,7.666,7.709,7.65,7.707,239303.0
2023-10-06 21:00:00,7.706,7.768,7.675,7.7,310072.0
2023-10-06 22:00:00,7.702,7.713,7.65,7.665,226704.0
2023-10-06 23:00:00,7.664,7.677,7.636,7.638,134159.0
2023-10-07 00:00:00,7.638,7.682,7.616,7.652,279525.0
2023-10-07 01:00:00,7.651,7.661,7.597,7.63,252928.0
2023-10-07 02:00:00,7.631,7.636,7.602,7.607,105765.0
2023-10-07 03:00:00,7.606,7.664,7.593,7.6,383976.0
2023-10-07 04:00:00,7.6,7.643,7.597,7.612,143984.0
2023-10-07 05:00:00,7.611,7.619,7.582,7.615,286456.0
2023-10-07 06:00:00,7.615,7.619,7.557,7.565,405930.0
2023-10-07 07:00:00,7.564,7.599,7.56,7.597,104486.0
2023-10-07 08:00:00,7.597,7.631,7.583,7.631,217227.0
2023-10-07 09:00:00,7.631,7.644,7.567,7.579,174917.0
2023-10-07 10:00:00,7.578,7.621,7.575,7.619,117704.0
2023-10-07 11:00:00,7.62,7.64,7.581,7.585,206276.0
2023-10-07 12:00:00,7.584,7.616,7.577,7.599,102479.0
2023-10-07 13:00:00,7.599,7.616,7.582,7.598,73007.0
2023-10-07 14:00:00,7.596,7.617,7.58,7.617,111564.0
2023-10-07 15:00:00,7.614,7.619,7.555,7.562,239162.0
2023-10-07 16:00:00,7.561,7.566,7.524,7.531,214448.0
2023-10-07 17:00:00,7.531,7.55,7.499,7.524,454250.0
2023-10-07 18:00:00,7.524,7.529,7.48,7.498,244252.0
2023-10-07 19:00:00,7.498,7.498,7.471,7.49,129516.0
2023-10-07 20:00:00,7.491,7.513,7.485,7.505,94847.0
2023-10-07 21:00:00,7.505,7.549,7.501,7.548,101726.0
2023-10-07 22:00:00,7.548,7.555,7.536,7.549,67418.0
2023-10-07 23:00:00,7.55,7.554,7.517,7.525,102928.0
2023-10-08 00:00:00,7.525,7.574,7.511,7.561,189763.0
2023-10-08 01:00:00,7.562,7.57,7.502,7.535,205747.0
2023-10-08 02:00:00,7.537,7.589,7.535,7.571,256030.0
2023-10-08 03:00:00,7.57,7.621,7.555,7.619,222968.0
2023-10-08 04:00:00,7.621,7.667,7.605,7.616,372580.0
2023-10-08 05:00:00,7.616,7.66,7.592,7.634,513676.0
2023-10-08 06:00:00,7.634,7.674,7.629,7.633,366069.0
2023-10-08 07:00:00,7.632,7.659,7.619,7.651,263007.0
2023-10-08 08:00:00,7.65,7.707,7.639,7.692,597323.0
2023-10-08 09:00:00,7.693,7.707,7.628,7.644,512570.0
2023-10-08 10:00:00,7.643,7.658,7.536,7.578,697299.0
2023-10-08 11:00:00,7.575,7.6,7.55,7.566,287154.0
2023-10-08 12:00:00,7.564,7.63,7.563,7.583,226070.0
2023-10-08 13:00:00,7.583,7.671,7.557,7.641,397810.0
2023-10-08 14:00:00,7.64,7.685,7.633,7.657,396540.0
2023-10-08 15:00:00,7.656,7.694,7.645,7.665,239098.0
2023-10-08 16:00:00,7.665,7.691,7.642,7.661,300252.0
2023-10-08 17:00:00,7.662,7.698,7.648,7.67,129208.0
2023-10-08 18:00:00,7.671,7.688,7.638,7.683,144153.0
2023-10-08 19:00:00,7.683,7.735,7.68,7.725,282004.0
2023-10-08 20:00:00,7.727,7.844,7.692,7.802,697264.0
2023-10-08 21:00:00,7.802,7.948,7.79,7.793,1293335.0
2023-10-08 22:00:00,7.791,7.799,7.666,7.692,1031511.0
2023-10-08 23:00:00,7.692,7.72,7.665,7.674,319902.0
2023-10-09 00:00:00,7.673,7.695,7.57,7.588,664314.0
2023-10-09 01:00:00,7.587,7.629,7.564,7.603,605661.0
2023-10-09 02:00:00,7.605,7.608,7.577,7.6,214512.0
2023-10-09 03:00:00,7.6,7.67,7.6,7.641,346398.0
2023-10-09 04:00:00,7.641,7.648,7.616,7.628,151560.0
2023-10-09 05:00:00,7.627,7.64,7.6,7.601,120640.0
2023-10-09 06:00:00,7.602,7.633,7.59,7.631,205322.0
2023-10-09 07:00:00,7.629,7.63,7.547,7.555,358344.0
2023-10-09 08:00:00,7.557,7.576,7.503,7.532,588575.0
2023-10-09 09:00:00,7.534,7.577,7.321,7.414,2334636.0
2023-10-09 10:00:00,7.412,7.472,7.38,7.391,645413.0
2023-10-09 11:00:00,7.39,7.39,7.328,7.357,591808.0
2023-10-09 12:00:00,7.356,7.4,7.314,7.369,536822.0
2023-10-09 13:00:00,7.371,7.412,7.344,7.398,399593.0
2023-10-09 14:00:00,7.397,7.408,7.339,7.342,356447.0
2023-10-09 15:00:00,7.342,7.373,7.318,7.334,526880.0
2023-10-09 16:00:00,7.334,7.357,7.134,7.261,2241217.0
2023-10-09 17:00:00,7.262,7.35,7.222,7.348,400725.0
2023-10-09 18:00:00,7.35,7.363,7.28,7.283,373374.0
2023-10-09 19:00:00,7.282,7.313,7.276,7.295,116077.0
2023-10-09 20:00:00,7.297,7.317,7.25,7.263,150824.0
2023-10-09 21:00:00,7.264,7.313,7.232,7.305,177668.0
2023-10-09 22:00:00,7.304,7.328,7.285,7.289,169911.0
2023-10-09 23:00:00,7.289,7.304,7.257,7.278,155535.0
2023-10-10 00:00:00,7.278,7.337,7.258,7.296,327896.0
2023-10-10 01:00:00,7.296,7.317,7.252,7.289,374994.0
2023-10-10 02:00:00,7.289,7.333,7.265,7.332,380617.0
2023-10-10 03:00:00,7.333,7.353,7.305,7.311,513353.0
2023-10-10 04:00:00,7.312,7.314,7.277,7.289,256313.0
2023-10-10 05:00:00,7.29,7.323,7.27,7.318,239445.0
2023-10-10 06:00:00,7.319,7.35,7.311,7.348,143962.0
2023-10-10 07:00:00,7.347,7.376,7.341,7.344,286312.0
2023-10-10 08:00:00,7.344,7.385,7.335,7.351,407983.0
2023-10-10 09:00:00,7.352,7.394,7.336,7.345,624069.0
2023-10-10 10:00:00,7.343,7.354,7.298,7.309,405169.0
2023-10-10 11:00:00,7.311,7.325,7.264,7.274,455968.0
2023-10-10 12:00:00,7.274,7.303,7.237,7.251,444503.0
2023-10-10 13:00:00,7.252,7.287,7.225,7.279,546508.0
2023-10-10 14:00:00,7.279,7.365,7.224,7.257,748846.0
2023-10-10 15:00:00,7.256,7.281,7.213,7.221,416217.0
2023-10-10 16:00:00,7.221,7.272,7.191,7.262,550118.0
2023-10-10 17:00:00,7.261,7.267,7.205,7.234,270368.0
2023-10-10 18:00:00,7.235,7.263,7.224,7.254,144928.0
2023-10-10 19:00:00,7.254,7.281,7.24,7.258,162080.0
2023-10-10 20:00:00,7.258,7.266,7.171,7.236,284091.0
2023-10-10 21:00:00,7.234,7.255,7.207,7.246,144738.0
2023-10-10 22:00:00,7.246,7.289,7.246,7.278,150421.0
2023-10-10 23:00:00,7.277,7.304,7.256,7.261,186998.0
2023-10-11 00:00:00,7.261,7.331,7.254,7.323,260540.0
2023-10-11 01:00:00,7.321,7.327,7.286,7.295,149054.0
2023-10-11 02:00:00,7.294,7.302,7.101,7.208,1228468.0
2023-10-11 03:00:00,7.207,7.224,7.162,7.162,289061.0
2023-10-11 04:00:00,7.165,7.212,7.162,7.205,177582.0
2023-10-11 05:00:00,7.204,7.231,7.182,7.219,158206.0
2023-10-11 06:00:00,7.219,7.228,7.189,7.211,200562.0
2023-10-11 07:00:00,7.212,7.225,7.178,7.204,151502.0
2023-10-11 08:00:00,7.204,7.229,7.188,7.226,173835.0
2023-10-11 09:00:00,7.229,7.327,7.224,7.31,397164.0
2023-10-11 10:00:00,7.311,7.34,7.283,7.337,308835.0
2023-10-11 11:00:00,7.338,7.357,7.316,7.318,353905.0
2023-10-11 12:00:00,7.318,7.383,7.312,7.349,576508.0
2023-10-11 13:00:00,7.349,7.357,7.307,7.356,261840.0
2023-10-11 14:00:00,7.355,7.397,7.332,7.367,452281.0
2023-10-11 15:00:00,7.366,7.375,7.253,7.304,1161323.0
2023-10-11 16:00:00,7.308,7.326,7.23,7.273,592505.0
2023-10-11 17:00:00,7.27,7.336,7.256,7.299,363770.0
2023-10-11 18:00:00,7.297,7.352,7.28,7.326,304562.0
2023-10-11 19:00:00,7.325,7.357,7.315,7.33,150335.0
2023-10-11 20:00:00,7.331,7.343,7.312,7.34,166578.0
2023-10-11 21:00:00,7.341,7.409,7.331,7.392,202872.0
2023-10-11 22:00:00,7.392,7.432,7.379,7.414,370330.0
2023-10-11 23:00:00,7.413,7.425,7.385,7.392,231651.0
2023-10-12 00:00:00,7.391,7.416,7.353,7.363,203804.0
2023-10-12 01:00:00,7.361,7.366,7.319,7.321,212958.0
2023-10-12 02:00:00,7.32,7.389,7.284,7.38,385716.0
2023-10-12 03:00:00,7.381,7.387,7.327,7.349,427375.0
2023-10-12 04:00:00,7.346,7.351,7.327,7.333,160512.0
2023-10-12 05:00:00,7.332,7.363,7.312,7.363,140511.0
2023-10-12 06:00:00,7.364,7.397,7.343,7.347,310512.0
2023-10-12 07:00:00,7.347,7.382,7.335,7.341,205190.0
2023-10-12 08:00:00,7.342,7.345,7.294,7.306,306441.0
2023-10-12 09:00:00,7.306,7.315,7.175,7.218,793603.0
2023-10-12 10:00:00,7.218,7.251,7.206,7.225,419105.0
2023-10-12 11:00:00,7.224,7.271,7.205,7.262,224087.0
2023-10-12 12:00:00,7.262,7.28,7.233,7.266,297975.0
2023-10-12 13:00:00,7.264,7.271,7.203,7.225,243936.0
2023-10-12 14:00:00,7.225,7.238,7.174,7.2,335298.0
2023-10-12 15:00:00,7.201,7.243,7.191,7.217,154182.0
2023-10-12 16:00:00,7.218,7.24,7.122,7.177,949442.0
2023-10-12 17:00:00,7.176,7.193,7.107,7.189,691241.0
2023-10-12 18:00:00,7.189,7.223,7.154,7.173,220238.0
2023-10-12 19:00:00,7.173,7.218,7.158,7.19,214710.0
2023-10-12 20:00:00,7.189,7.218,7.176,7.218,147770.0
2023-10-12 21:00:00,7.218,7.248,7.202,7.236,155514.0
2023-10-12 22:00:00,7.235,7.241,7.21,7.219,104109.0
2023-10-12 23:00:00,7.219,7.223,7.183,7.195,149591.0
2023-10-13 00:00:00,7.196,7.235,7.184,7.234,198732.0
2023-10-13 01:00:00,7.234,7.243,7.199,7.202,168609.0
2023-10-13 02:00:00,7.201,7.232,7.187,7.228,176607.0
2023-10-13 03:00:00,7.229,7.253,7.112,7.123,947460.0
2023-10-13 04:00:00,7.123,7.164,7.119,7.161,215458.0
2023-10-13 05:00:00,7.162,7.176,7.143,7.143,128633.0
2023-10-13 06:00:00,7.144,7.183,7.128,7.16,180874.0
2023-10-13 07:00:00,7.161,7.232,7.154,7.207,320437.0
2023-10-13 08:00:00,7.207,7.231,7.202,7.206,188541.0
2023-10-13 09:00:00,7.206,7.242,7.177,7.18,255081.0
2023-10-13 10:00:00,7.181,7.207,7.181,7.205,99415.0
2023-10-13 11:00:00,7.205,7.246,7.198,7.224,243062.0
2023-10-13 12:00:00,7.225,7.29,7.205,7.267,347925.0
2023-10-13 13:00:00,7.267,7.271,7.227,7.249,175097.0
2023-10-13 14:00:00,7.249,7.25,7.182,7.191,251001.0
2023-10-13 15:00:00,7.19,7.203,7.161,7.163,249662.0
2023-10-13 16:00:00,7.161,7.203,7.159,7.196,233907.0
2023-10-13 17:00:00,7.197,7.202,7.152,7.173,163833.0
2023-10-13 18:00:00,7.172,7.182,7.145,7.173,177599.0
2023-10-13 19:00:00,7.172,7.18,7.154,7.179,107559.0
2023-10-13 20:00:00,7.177,7.297,7.166,7.286,637490.0
2023-10-13 21:00:00,7.287,7.402,7.25,7.301,1396056.0
2023-10-13 22:00:00,7.3,7.356,7.247,7.275,300148.0
2023-10-13 23:00:00,7.276,7.277,7.24,7.256,131912.0
2023-10-14 00:00:00,7.257,7.295,7.242,7.295,96995.0
2023-10-14 01:00:00,7.294,7.316,7.264,7.31,152396.0
2023-10-14 02:00:00,7.313,7.319,7.287,7.288,110786.0
2023-10-14 03:00:00,7.289,7.311,7.288,7.303,70108.0
2023-10-14 04:00:00,7.304,7.317,7.284,7.289,70938.0
2023-10-14 05:00:00,7.29,7.295,7.267,7.272,118876.0
2023-10-14 06:00:00,7.273,7.274,7.232,7.24,132915.0
2023-10-14 07:00:00,7.24,7.256,7.212,7.223,239519.0
2023-10-14 08:00:00,7.223,7.241,7.215,7.24,119910.0
2023-10-14 09:00:00,7.24,7.251,7.229,7.246,80938.0
2023-10-14 10:00:00,7.247,7.261,7.234,7.239,80991.0
2023-10-14 11:00:00,7.24,7.253,7.233,7.248,61041.0
2023-10-14 12:00:00,7.247,7.28,7.24,7.274,139032.0
2023-10-14 13:00:00,7.274,7.29,7.264,7.287,216811.0
2023-10-14 14:00:00,7.286,7.303,7.265,7.272,144122.0
2023-10-14 15:00:00,7.271,7.318,7.27,7.314,167580.0
2023-10-14 16:00:00,7.313,7.336,7.299,7.334,203553.0
2023-10-14 17:00:00,7.333,7.347,7.323,7.329,108473.0
2023-10-14 18:00:00,7.329,7.373,7.327,7.353,171091.0
2023-10-14 19:00:00,7.354,7.361,7.327,7.342,129759.0
2023-10-14 20:00:00,7.342,7.344,7.305,7.325,129250.0
2023-10-14 21:00:00,7.326,7.342,7.296,7.298,89578.0
2023-10-14 22:00:00,7.297,7.325,7.289,7.323,134462.0
2023-10-14 23:00:00,7.324,7.339,7.313,7.329,104966.0
2023-10-15 00:00:00,7.329,7.344,7.297,7.321,167308.0
2023-10-15 01:00:00,7.32,7.383,7.311,7.355,341131.0
2023-10-15 02:00:00,7.355,7.372,7.34,7.352,244527.0
2023-10-15 03:00:00,7.351,7.354,7.327,7.33,219369.0
2023-10-15 04:00:00,7.33,7.343,7.323,7.333,87120.0
2023-10-15 05:00:00,7.334,7.347,7.316,7.34,75704.0
2023-10-15 06:00:00,7.339,7.351,7.333,7.349,61967.0
2023-10-15 07:00:00,7.35,7.366,7.337,7.351,90604.0
2023-10-15 08:00:00,7.35,7.389,7.335,7.378,170507.0
2023-10-15 09:00:00,7.378,7.404,7.371,7.403,218679.0
2023-10-15 10:00:00,7.404,7.404,7.374,7.39,133959.0
2023-10-15 11:00:00,7.39,7.39,7.342,7.347,246600.0
2023-10-15 12:00:00,7.346,7.359,7.337,7.348,125368.0
2023-10-15 13:00:00,7.347,7.378,7.291,7.314,568380.0
2023-10-15 14:00:00,7.314,7.329,7.291,7.293,220949.0
2023-10-15 15:00:00,7.294,7.321,7.284,7.311,159026.0
2023-10-15 16:00:00,7.31,7.348,7.298,7.345,183287.0
2023-10-15 17:00:00,7.345,7.385,7.332,7.382,331067.0
2023-10-15 18:00:00,7.381,7.432,7.368,7.431,532838.0
2023-10-15 19:00:00,7.43,7.486,7.424,7.453,526000.0
2023-10-15 20:00:00,7.453,7.569,7.449,7.501,853209.0
2023-10-15 21:00:00,7.5,7.508,7.444,7.449,224510.0
2023-10-15 22:00:00,7.449,7.476,7.387,7.396,298877.0
2023-10-15 23:00:00,7.397,7.431,7.376,7.422,271232.0
2023-10-16 00:00:00,7.422,7.455,7.409,7.454,225689.0
2023-10-16 01:00:00,7.454,7.477,7.432,7.453,169752.0
2023-10-16 02:00:00,7.454,7.495,7.436,7.438,214500.0
2023-10-16 03:00:00,7.437,7.448,7.427,7.433,97323.0
2023-10-16 04:00:00,7.433,7.446,7.422,7.442,159113.0
2023-10-16 05:00:00,7.441,7.648,7.44,7.61,1846089.0
2023-10-16 06:00:00,7.61,7.627,7.561,7.57,355621.0
2023-10-16 07:00:00,7.57,7.599,7.558,7.563,177285.0
2023-10-16 08:00:00,7.564,7.582,7.555,7.556,133393.0
2023-10-16 09:00:00,7.557,7.585,7.492,7.582,576889.0
2023-10-16 10:00:00,7.584,7.593,7.559,7.563,202263.0
2023-10-16 11:00:00,7.562,7.572,7.533,7.566,96064.0
2023-10-16 12:00:00,7.566,7.592,7.543,7.579,243743.0
2023-10-16 13:00:00,7.581,7.838,7.418,7.498,3731728.0
2023-10-16 14:00:00,7.5,7.551,7.431,7.5,694352.0
2023-10-16 15:00:00,7.501,7.519,7.433,7.436,302163.0
2023-10-16 16:00:00,7.436,7.469,7.428,7.452,215498.0
2023-10-16 17:00:00,7.452,7.485,7.435,7.473,193438.0
2023-10-16 18:00:00,7.473,7.511,7.45,7.501,405707.0
2023-10-16 19:00:00,7.503,7.584,7.494,7.516,520626.0
2023-10-16 20:00:00,7.516,7.537,7.469,7.482,193957.0
2023-10-16 21:00:00,7.484,7.501,7.445,7.501,138422.0
2023-10-16 22:00:00,7.5,7.571,7.498,7.568,212666.0
2023-10-16 23:00:00,7.572,7.578,7.523,7.524,116878.0
2023-10-17 00:00:00,7.524,7.559,7.489,7.494,390420.0
2023-10-17 01:00:00,7.494,7.526,7.492,7.506,148833.0
2023-10-17 02:00:00,7.505,7.508,7.469,7.499,193563.0
2023-10-17 03:00:00,7.498,7.501,7.453,7.459,176292.0
2023-10-17 04:00:00,7.459,7.481,7.426,7.471,387494.0
2023-10-17 05:00:00,7.47,7.483,7.443,7.464,156457.0
2023-10-17 06:00:00,7.464,7.465,7.43,7.452,126183.0
2023-10-17 07:00:00,7.451,7.496,7.432,7.483,233029.0
2023-10-17 08:00:00,7.483,7.5,7.456,7.488,197726.0
2023-10-17 09:00:00,7.489,7.492,7.443,7.457,139170.0
2023-10-17 10:00:00,7.457,7.508,7.444,7.474,317386.0
2023-10-17 11:00:00,7.473,7.497,7.461,7.487,225258.0
2023-10-17 12:00:00,7.488,7.495,7.376,7.385,530049.0
2023-10-17 13:00:00,7.384,7.411,7.257,7.364,1358543.0
2023-10-17 14:00:00,7.361,7.386,7.335,7.34,337400.0
2023-10-17 15:00:00,7.341,7.423,7.334,7.397,229277.0
2023-10-17 16:00:00,7.395,7.422,7.382,7.387,232857.0
2023-10-17 17:00:00,7.387,7.388,7.317,7.336,239009.0
2023-10-17 18:00:00,7.336,7.338,7.267,7.284,266743.0
2023-10-17 19:00:00,7.284,7.324,7.274,7.323,193609.0
2023-10-17 20:00:00,7.322,7.326,7.291,7.296,104669.0
2023-10-17 21:00:00,7.296,7.331,7.282,7.317,90488.0
2023-10-17 22:00:00,7.316,7.345,7.304,7.345,121896.0
2023-10-17 23:00:00,7.344,7.353,7.319,7.319,81747.0
2023-10-18 00:00:00,7.319,7.333,7.293,7.318,113476.0
2023-10-18 01:00:00,7.316,7.333,7.293,7.311,164714.0
2023-10-18 02:00:00,7.311,7.351,7.28,7.337,144985.0
2023-10-18 03:00:00,7.338,7.349,7.317,7.345,67577.0
2023-10-18 04:00:00,7.344,7.424,7.332,7.383,478213.0
2023-10-18 05:00:00,7.385,7.405,7.365,7.388,230315.0
2023-10-18 06:00:00,7.388,7.404,7.351,7.361,181371.0
2023-10-18 07:00:00,7.362,7.364,7.326,7.358,197844.0
2023-10-18 08:00:00,7.357,7.386,7.35,7.383,158172.0
2023-10-18 09:00:00,7.385,7.406,7.35,7.35,273329.0
2023-10-18 10:00:00,7.351,7.433,7.343,7.41,364602.0
2023-10-18 11:00:00,7.411,7.46,7.409,7.439,310146.0
2023-10-18 12:00:00,7.439,7.48,7.411,7.422,384634.0
2023-10-18 13:00:00,7.421,7.437,7.386,7.396,245084.0
2023-10-18 14:00:00,7.396,7.438,7.369,7.407,586098.0
2023-10-18 15:00:00,7.408,7.415,7.386,7.387,208490.0
2023-10-18 16:00:00,7.389,7.439,7.386,7.398,211102.0
2023-10-18 17:00:00,7.397,7.411,7.362,7.365,220764.0
2023-10-18 18:00:00,7.366,7.39,7.358,7.374,116845.0
2023-10-18 19:00:00,7.371,7.379,7.335,7.361,145388.0
2023-10-18 20:00:00,7.362,7.384,7.333,7.342,115778.0
2023-10-18 21:00:00,7.342,7.342,7.313,7.339,123131.0
2023-10-18 22:00:00,7.339,7.378,7.334,7.373,146142.0
2023-10-18 23:00:00,7.372,7.372,7.353,7.357,97471.0
2023-10-19 00:00:00,7.356,7.364,7.329,7.339,182626.0
2023-10-19 01:00:00,7.339,7.347,7.204,7.281,1039823.0
2023-10-19 02:00:00,7.279,7.298,7.246,7.282,411813.0
2023-10-19 03:00:00,7.281,7.296,7.273,7.29,128479.0
2023-10-19 04:00:00,7.289,7.311,7.279,7.31,161945.0
2023-10-19 05:00:00,7.31,7.337,7.308,7.316,129239.0
2023-10-19 06:00:00,7.317,7.334,7.31,7.322,88342.0
2023-10-19 07:00:00,7.321,7.357,7.309,7.35,192583.0
2023-10-19 08:00:00,7.349,7.37,7.337,7.339,181628.0
2023-10-19 09:00:00,7.339,7.35,7.301,7.308,215262.0
2023-10-19 10:00:00,7.309,7.334,7.29,7.314,154514.0
2023-10-19 11:00:00,7.314,7.343,7.302,7.342,114851.0
2023-10-19 12:00:00,7.343,7.38,7.343,7.363,190386.0
2023-10-19 13:00:00,7.364,7.403,7.353,7.357,309598.0
2023-10-19 14:00:00,7.357,7.399,7.344,7.397,226271.0
2023-10-19 15:00:00,7.399,7.437,7.354,7.365,769144.0
2023-10-19 16:00:00,7.365,7.418,7.35,7.353,562463.0
2023-10-19 17:00:00,7.352,7.382,7.328,7.332,219753.0
2023-10-19 18:00:00,7.332,7.362,7.332,7.343,159094.0
2023-10-19 19:00:00,7.342,7.371,7.337,7.363,72451.0
2023-10-19 20:00:00,7.362,7.392,7.341,7.345,263261.0
2023-10-19 21:00:00,7.346,7.353,7.292,7.312,212575.0
2023-10-19 22:00:00,7.311,7.334,7.303,7.303,109384.0
2023-10-19 23:00:00,7.303,7.31,7.288,7.305,162258.0
2023-10-20 00:00:00,7.306,7.322,7.29,7.296,178050.0
2023-10-20 01:00:00,7.297,7.304,7.262,7.302,196201.0
2023-10-20 02:00:00,7.302,7.414,7.291,7.409,830229.0
2023-10-20 03:00:00,7.411,7.495,7.411,7.427,940798.0
2023-10-20 04:00:00,7.427,7.481,7.417,7.469,305000.0
2023-10-20 05:00:00,7.47,7.49,7.437,7.454,200135.0
2023-10-20 06:00:00,7.456,7.483,7.428,7.479,210403.0
2023-10-20 07:00:00,7.478,7.514,7.453,7.466,384691.0
2023-10-20 08:00:00,7.466,7.657,7.462,7.619,976743.0
2023-10-20 09:00:00,7.619,7.663,7.603,7.651,398842.0
2023-10-20 10:00:00,7.653,7.714,7.629,7.644,1048788.0
2023-10-20 11:00:00,7.645,7.676,7.599,7.608,260518.0
2023-10-20 12:00:00,7.611,7.631,7.553,7.59,308489.0
2023-10-20 13:00:00,7.591,7.646,7.562,7.641,218374.0
2023-10-20 14:00:00,7.641,7.662,7.605,7.626,291415.0
2023-10-20 15:00:00,7.626,7.643,7.593,7.632,216656.0
2023-10-20 16:00:00,7.633,7.664,7.618,7.642,178296.0
2023-10-20 17:00:00,7.642,7.689,7.604,7.659,247128.0
2023-10-20 18:00:00,7.658,7.667,7.623,7.628,130541.0
2023-10-20 19:00:00,7.628,7.644,7.604,7.628,71898.0
2023-10-20 20:00:00,7.629,7.63,7.584,7.586,99962.0
2023-10-20 21:00:00,7.586,7.606,7.579,7.599,88433.0
2023-10-20 22:00:00,7.599,7.612,7.586,7.603,63156.0
2023-10-20 23:00:00,7.6,7.612,7.568,7.573,125921.0
2023-10-21 00:00:00,7.573,7.592,7.55,7.563,136898.0
2023-10-21 01:00:00,7.562,7.587,7.557,7.579,108069.0
2023-10-21 02:00:00,7.577,7.577,7.533,7.543,138447.0
2023-10-21 03:00:00,7.541,7.622,7.521,7.601,217615.0
2023-10-21 04:00:00,7.599,7.623,7.588,7.613,138429.0
2023-10-21 05:00:00,7.614,7.657,7.612,7.623,328018.0
2023-10-21 06:00:00,7.624,7.789,7.623,7.785,711608.0
2023-10-21 07:00:00,7.786,7.846,7.739,7.837,569237.0
2023-10-21 08:00:00,7.837,7.894,7.805,7.831,523819.0
2023-10-21 09:00:00,7.831,7.905,7.822,7.89,360636.0
2023-10-21 10:00:00,7.889,8.046,7.853,7.983,986497.0
2023-10-21 11:00:00,7.983,8.099,7.977,8.06,1503224.0
2023-10-21 12:00:00,8.06,8.188,8.044,8.1,1532772.0
2023-10-21 13:00:00,8.103,8.472,8.065,8.399,3495673.0
2023-10-21 14:00:00,8.398,8.868,8.334,8.69,6976608.0
2023-10-21 15:00:00,8.689,8.981,8.596,8.952,4634256.0
2023-10-21 16:00:00,8.953,9.174,8.824,8.901,5791406.0
2023-10-21 17:00:00,8.903,9.176,8.901,9.083,3057813.0
2023-10-21 18:00:00,9.085,9.138,8.923,9.006,1947335.0
2023-10-21 19:00:00,9.006,9.014,8.849,8.901,1360686.0
2023-10-21 20:00:00,8.902,8.918,8.792,8.801,743181.0
2023-10-21 21:00:00,8.805,8.917,8.779,8.878,631038.0
2023-10-21 22:00:00,8.878,8.965,8.861,8.96,728231.0
2023-10-21 23:00:00,8.96,8.975,8.866,8.916,681390.0
2023-10-22 00:00:00,8.917,9.226,8.843,9.085,2497425.0
2023-10-22 01:00:00,9.084,9.098,8.886,9.03,2127185.0
2023-10-22 02:00:00,9.029,9.134,8.943,9.111,1079423.0
2023-10-22 03:00:00,9.109,9.409,9.078,9.293,4401305.0
2023-10-22 04:00:00,9.292,9.626,9.251,9.506,4409768.0
2023-10-22 05:00:00,9.511,9.756,9.435,9.639,3294431.0
2023-10-22 06:00:00,9.64,9.67,9.45,9.501,1819077.0
2023-10-22 07:00:00,9.501,9.526,9.135,9.31,3406348.0
2023-10-22 08:00:00,9.311,9.378,9.17,9.236,2183449.0
2023-10-22 09:00:00,9.235,9.349,9.183,9.187,1070718.0
2023-10-22 10:00:00,9.186,9.433,9.184,9.317,1456374.0
2023-10-22 11:00:00,9.316,9.338,9.031,9.1,2584071.0
2023-10-22 12:00:00,9.1,9.249,9.081,9.21,1406833.0
2023-10-22 13:00:00,9.211,9.391,9.199,9.335,1264969.0
2023-10-22 14:00:00,9.333,9.357,9.204,9.241,1411270.0
2023-10-22 15:00:00,9.24,9.297,9.161,9.229,1855400.0
2023-10-22 16:00:00,9.233,9.468,9.227,9.45,1999859.0
2023-10-22 17:00:00,9.452,9.66,9.381,9.63,1942063.0
2023-10-22 18:00:00,9.63,9.756,9.406,9.426,2189179.0
2023-10-22 19:00:00,9.425,9.481,9.386,9.395,1076635.0
2023-10-22 20:00:00,9.394,9.541,9.39,9.493,591607.0
2023-10-22 21:00:00,9.493,9.527,9.348,9.489,736512.0
2023-10-22 22:00:00,9.489,10.193,9.455,10.1,6032371.0
2023-10-22 23:00:00,10.1,10.25,9.945,10.195,3215767.0
2023-10-23 00:00:00,10.194,10.464,10.022,10.358,3961095.0
2023-10-23 01:00:00,10.359,11.0,10.31,10.903,6199591.0
2023-10-23 02:00:00,10.904,11.017,10.687,10.75,2833208.0
2023-10-23 03:00:00,10.75,10.923,10.601,10.8,2537940.0
2023-10-23 04:00:00,10.802,10.987,10.648,10.881,2334743.0
2023-10-23 05:00:00,10.881,11.086,10.605,10.653,3125652.0
2023-10-23 06:00:00,10.651,10.754,10.5,10.543,2134497.0
2023-10-23 07:00:00,10.543,10.58,10.335,10.453,2898416.0
2023-10-23 08:00:00,10.452,10.622,10.364,10.433,1772549.0
2023-10-23 09:00:00,10.432,10.462,9.927,10.08,10228405.0
2023-10-23 10:00:00,10.08,10.285,10.05,10.176,1876324.0
2023-10-23 11:00:00,10.176,10.335,10.175,10.266,1314723.0
2023-10-23 12:00:00,10.266,10.271,9.906,10.002,3084281.0
2023-10-23 13:00:00,10.002,10.043,9.789,10.006,3127992.0
2023-10-23 14:00:00,10.006,10.234,9.997,10.18,2492231.0
2023-10-23 15:00:00,10.18,10.222,9.935,10.001,2158286.0
2023-10-23 16:00:00,10.001,10.457,9.98,10.403,3078951.0
2023-10-23 17:00:00,10.404,10.499,10.066,10.187,2777117.0
2023-10-23 18:00:00,10.188,10.35,10.12,10.323,1119858.0
2023-10-23 19:00:00,10.323,10.437,10.035,10.283,1925046.0
2023-10-23 20:00:00,10.281,10.384,10.171,10.189,1430309.0
2023-10-23 21:00:00,10.192,10.263,10.113,10.187,836442.0
2023-10-23 22:00:00,10.186,10.992,10.131,10.938,4864532.0
2023-10-23 23:00:00,10.935,10.999,10.378,10.581,3656573.0
2023-10-24 00:00:00,10.581,11.168,10.4,10.583,6559965.0
2023-10-24 01:00:00,10.584,10.648,10.246,10.426,3544895.0
2023-10-24 02:00:00,10.425,10.496,10.141,10.419,3983845.0
2023-10-24 03:00:00,10.416,10.486,10.242,10.247,1914084.0
2023-10-24 04:00:00,10.244,10.385,10.171,10.256,1263961.0
2023-10-24 05:00:00,10.256,10.385,10.13,10.234,1524522.0
2023-10-24 06:00:00,10.235,10.258,10.062,10.14,1504955.0
2023-10-24 07:00:00,10.142,10.156,10.01,10.102,1312295.0
2023-10-24 08:00:00,10.104,10.321,10.088,10.3,1658440.0
2023-10-24 09:00:00,10.299,10.512,10.24,10.397,1917261.0
2023-10-24 10:00:00,10.396,10.548,10.375,10.478,1027559.0
2023-10-24 11:00:00,10.476,10.547,10.361,10.532,1327519.0
2023-10-24 12:00:00,10.534,10.534,10.366,10.394,1260578.0
2023-10-24 13:00:00,10.392,10.402,10.191,10.381,1609263.0
2023-10-24 14:00:00,10.38,10.39,10.163,10.247,1016783.0
2023-10-24 15:00:00,10.249,10.318,9.522,9.898,6167821.0
2023-10-24 16:00:00,9.898,10.1,9.774,9.964,2197334.0
2023-10-24 17:00:00,9.962,10.066,9.921,9.934,686849.0
2023-10-24 18:00:00,9.934,10.026,9.795,10.006,1055784.0
2023-10-24 19:00:00,10.007,10.114,9.948,10.021,680952.0
2023-10-24 20:00:00,10.019,10.064,9.94,9.954,638337.0
2023-10-24 21:00:00,9.952,10.235,9.891,10.19,928227.0
2023-10-24 22:00:00,10.191,10.28,10.084,10.242,968890.0
2023-10-24 23:00:00,10.241,10.486,10.228,10.374,2373610.0
2023-10-25 00:00:00,10.374,11.037,10.342,10.984,3517296.0
2023-10-25 01:00:00,10.983,11.649,10.969,11.523,6113691.0
2023-10-25 02:00:00,11.52,11.559,11.186,11.278,2718051.0
2023-10-25 03:00:00,11.277,11.466,11.161,11.337,2328545.0
2023-10-25 04:00:00,11.342,11.6,11.258,11.535,2725725.0
2023-10-25 05:00:00,11.53,11.6,11.281,11.384,2481583.0
2023-10-25 06:00:00,11.385,11.549,11.347,11.363,1499640.0
2023-10-25 07:00:00,11.363,11.463,10.877,10.922,4598666.0
2023-10-25 08:00:00,10.922,11.045,10.732,10.897,2674204.0
2023-10-25 09:00:00,10.896,11.204,10.838,11.035,1859342.0
2023-10-25 10:00:00,11.035,11.239,10.971,11.169,1437484.0
2023-10-25 11:00:00,11.171,11.287,11.111,11.184,1214500.0
2023-10-25 12:00:00,11.183,11.287,11.013,11.133,1693729.0
2023-10-25 13:00:00,11.133,11.165,10.902,11.072,1731762.0
2023-10-25 14:00:00,11.071,11.206,11.008,11.139,1983283.0
2023-10-25 15:00:00,11.136,11.797,11.099,11.344,3857839.0
2023-10-25 16:00:00,11.343,11.397,10.959,10.995,3056123.0
2023-10-25 17:00:00,10.996,11.101,10.942,11.009,1071090.0
2023-10-25 18:00:00,11.01,11.173,10.99,11.159,554339.0
2023-10-25 19:00:00,11.159,11.223,11.115,11.168,465664.0
2023-10-25 20:00:00,11.167,11.18,10.972,10.982,601590.0
2023-10-25 21:00:00,10.983,11.044,10.822,10.902,651062.0
2023-10-25 22:00:00,10.902,10.932,10.845,10.897,490708.0
2023-10-25 23:00:00,10.896,11.065,10.759,11.065,1358433.0
2023-10-26 00:00:00,11.064,11.087,10.861,11.04,1360218.0
2023-10-26 01:00:00,11.038,11.083,10.92,11.036,769994.0
2023-10-26 02:00:00,11.037,11.047,10.952,11.012,377649.0
2023-10-26 03:00:00,11.013,11.399,10.986,11.116,2053286.0
2023-10-26 04:00:00,11.115,11.173,11.033,11.145,681562.0
2023-10-26 05:00:00,11.144,11.188,11.01,11.039,678848.0
2023-10-26 06:00:00,11.037,11.139,10.892,11.103,1081966.0
2023-10-26 07:00:00,11.104,11.31,11.073,11.219,1141346.0
2023-10-26 08:00:00,11.221,11.349,10.961,10.992,2122772.0
2023-10-26 09:00:00,10.993,11.028,10.786,10.873,1200685.0
2023-10-26 10:00:00,10.872,10.899,10.625,10.889,2176268.0
2023-10-26 11:00:00,10.89,10.944,10.72,10.864,1199919.0
2023-10-26 12:00:00,10.865,11.209,10.832,11.09,1666969.0
2023-10-26 13:00:00,11.092,11.166,10.838,10.853,1127910.0
2023-10-26 14:00:00,10.849,10.945,10.343,10.727,3453327.0
2023-10-26 15:00:00,10.727,10.76,10.381,10.508,1937158.0
2023-10-26 16:00:00,10.507,10.588,10.407,10.466,1129565.0
2023-10-26 17:00:00,10.46,10.568,10.396,10.482,800347.0
2023-10-26 18:00:00,10.481,10.556,10.451,10.522,586711.0
2023-10-26 19:00:00,10.521,10.713,10.503,10.704,580321.0
2023-10-26 20:00:00,10.702,10.816,10.682,10.742,549124.0
2023-10-26 21:00:00,10.742,10.79,10.654,10.717,327666.0
2023-10-26 22:00:00,10.718,11.078,10.718,11.039,1284443.0
2023-10-26 23:00:00,11.038,11.149,10.88,10.926,1354703.0
2023-10-27 00:00:00,10.928,10.958,10.784,10.867,865276.0
2023-10-27 01:00:00,10.866,10.886,10.6,10.681,1141293.0
2023-10-27 02:00:00,10.682,10.956,10.625,10.841,1318989.0
2023-10-27 03:00:00,10.841,11.049,10.812,11.049,1153433.0
2023-10-27 04:00:00,11.049,11.373,10.862,10.999,3673789.0
2023-10-27 05:00:00,11.0,11.013,10.742,10.851,1438273.0
2023-10-27 06:00:00,10.85,10.935,10.785,10.926,789737.0
2023-10-27 07:00:00,10.926,10.926,10.695,10.724,817452.0
2023-10-27 08:00:00,10.724,10.833,10.715,10.794,520558.0
2023-10-27 09:00:00,10.793,11.018,10.774,11.012,686950.0
2023-10-27 10:00:00,11.011,11.128,10.954,11.046,1413288.0
2023-10-27 11:00:00,11.047,11.099,10.852,10.942,994217.0
2023-10-27 12:00:00,10.937,11.449,10.936,11.197,4107017.0
2023-10-27 13:00:00,11.197,11.208,11.051,11.096,1318192.0
2023-10-27 14:00:00,11.095,11.095,10.8,10.913,1933855.0
2023-10-27 15:00:00,10.91,11.166,10.818,11.06,1812095.0
2023-10-27 16:00:00,11.061,11.183,10.838,10.942,1964813.0
2023-10-27 17:00:00,10.941,11.397,10.689,11.165,5212162.0
2023-10-27 18:00:00,11.164,11.256,10.842,10.97,3213832.0
2023-10-27 19:00:00,10.967,11.118,10.929,11.113,711763.0
2023-10-27 20:00:00,11.11,11.284,11.078,11.278,704672.0
2023-10-27 21:00:00,11.278,11.296,11.146,11.235,568330.0
2023-10-27 22:00:00,11.235,11.278,11.088,11.109,664519.0
2023-10-27 23:00:00,11.11,11.267,11.09,11.182,569987.0
2023-10-28 00:00:00,11.183,11.271,11.085,11.111,673788.0
2023-10-28 01:00:00,11.11,11.229,11.026,11.215,588963.0
2023-10-28 02:00:00,11.218,11.279,11.106,11.242,628194.0
2023-10-28 03:00:00,11.245,11.588,11.232,11.395,2221178.0
2023-10-28 04:00:00,11.394,11.556,11.284,11.486,1444027.0
2023-10-28 05:00:00,11.486,11.684,11.433,11.437,1686753.0
2023-10-28 06:00:00,11.437,11.565,11.349,11.361,1352880.0
2023-10-28 07:00:00,11.361,11.385,11.283,11.295,880109.0
2023-10-28 08:00:00,11.297,11.506,11.256,11.461,1535468.0
2023-10-28 09:00:00,11.458,11.596,11.456,11.507,1440814.0
2023-10-28 10:00:00,11.507,11.595,11.45,11.496,843023.0
2023-10-28 11:00:00,11.493,11.6,11.303,11.341,1719986.0
2023-10-28 12:00:00,11.34,11.383,11.06,11.163,2056259.0
2023-10-28 13:00:00,11.163,11.241,11.114,11.218,566918.0
2023-10-28 14:00:00,11.22,11.222,11.082,11.142,866895.0
2023-10-28 15:00:00,11.141,11.202,11.104,11.164,385659.0
2023-10-28 16:00:00,11.164,11.165,10.936,11.045,1578130.0
2023-10-28 17:00:00,11.044,11.066,10.97,11.046,361524.0
2023-10-28 18:00:00,11.046,11.051,10.917,11.028,378456.0
2023-10-28 19:00:00,11.027,11.036,10.932,10.949,200175.0
2023-10-28 20:00:00,10.95,11.024,10.936,10.99,192883.0
2023-10-28 21:00:00,10.994,11.085,10.977,11.067,227865.0
2023-10-28 22:00:00,11.066,11.068,10.842,10.934,687014.0
2023-10-28 23:00:00,10.932,10.937,10.821,10.922,619281.0
2023-10-29 00:00:00,10.922,10.958,10.804,10.879,874081.0
2023-10-29 01:00:00,10.88,10.91,10.742,10.855,1751483.0
2023-10-29 02:00:00,10.853,10.918,10.797,10.918,455999.0
2023-10-29 03:00:00,10.917,10.918,10.801,10.851,445154.0
2023-10-29 04:00:00,10.85,10.914,10.8,10.885,416195.0
2023-10-29 05:00:00,10.883,10.946,10.84,10.919,262850.0
2023-10-29 06:00:00,10.918,10.986,10.901,10.95,564813.0
2023-10-29 07:00:00,10.95,11.028,10.893,11.014,486438.0
2023-10-29 08:00:00,11.014,11.222,11.011,11.152,1555275.0
2023-10-29 09:00:00,11.152,11.18,11.053,11.086,660191.0
2023-10-29 10:00:00,11.088,11.089,10.944,10.959,1029291.0
2023-10-29 11:00:00,10.96,11.059,10.917,10.977,1058225.0
2023-10-29 12:00:00,10.974,11.058,10.876,11.032,814590.0
2023-10-29 13:00:00,11.034,11.143,11.001,11.03,988411.0
2023-10-29 14:00:00,11.029,11.122,10.973,11.109,729648.0
2023-10-29 15:00:00,11.109,11.222,11.009,11.056,1023958.0
2023-10-29 16:00:00,11.056,11.104,11.001,11.068,385720.0
2023-10-29 17:00:00,11.067,11.221,11.041,11.099,723953.0
2023-10-29 18:00:00,11.1,11.251,11.087,11.136,548822.0
2023-10-29 19:00:00,11.14,11.163,11.039,11.06,320337.0
2023-10-29 20:00:00,11.06,11.135,11.028,11.112,204473.0
2023-10-29 21:00:00,11.117,11.24,11.095,11.115,336251.0
2023-10-29 22:00:00,11.115,11.312,11.115,11.246,584197.0
2023-10-29 23:00:00,11.246,11.29,11.072,11.082,662662.0
2023-10-30 00:00:00,11.081,11.229,11.047,11.082,1287526.0
2023-10-30 01:00:00,11.082,11.204,11.029,11.117,667638.0
2023-10-30 02:00:00,11.117,11.321,11.059,11.225,1549107.0
2023-10-30 03:00:00,11.229,11.249,11.13,11.171,513376.0
2023-10-30 04:00:00,11.171,11.216,11.088,11.091,696664.0
2023-10-30 05:00:00,11.091,11.113,10.924,10.976,1128741.0
2023-10-30 06:00:00,10.976,11.018,10.883,11.007,489245.0
2023-10-30 07:00:00,11.005,11.059,10.937,10.948,517576.0
2023-10-30 08:00:00,10.947,11.3,10.904,11.212,1485347.0
2023-10-30 09:00:00,11.216,11.515,11.216,11.41,2370225.0
2023-10-30 10:00:00,11.409,11.493,11.253,11.325,1170262.0
2023-10-30 11:00:00,11.324,11.453,11.254,11.383,705954.0
2023-10-30 12:00:00,11.385,11.441,11.251,11.27,785522.0
2023-10-30 13:00:00,11.27,11.886,11.213,11.399,3937131.0
2023-10-30 14:00:00,11.4,11.52,11.319,11.385,953140.0
2023-10-30 15:00:00,11.385,11.438,11.296,11.389,647912.0
2023-10-30 16:00:00,11.389,11.448,11.303,11.319,627091.0
2023-10-30 17:00:00,11.319,11.325,11.041,11.171,1888547.0
2023-10-30 18:00:00,11.171,11.222,11.114,11.136,274596.0
2023-10-30 19:00:00,11.136,11.247,11.113,11.215,246930.0
2023-10-30 20:00:00,11.215,11.225,11.159,11.179,178981.0
2023-10-30 21:00:00,11.18,11.25,11.089,11.213,452715.0
2023-10-30 22:00:00,11.213,11.258,11.186,11.241,234140.0
2023-10-30 23:00:00,11.24,11.252,11.189,11.221,164574.0
2023-10-31 00:00:00,11.221,11.514,11.203,11.363,1752151.0
2023-10-31 01:00:00,11.362,11.712,11.238,11.594,2118397.0
2023-10-31 02:00:00,11.596,11.679,11.381,11.48,1671073.0
2023-10-31 03:00:00,11.48,11.52,11.347,11.483,968630.0
2023-10-31 04:00:00,11.481,11.739,11.386,11.612,1543127.0
2023-10-31 05:00:00,11.612,11.815,11.53,11.794,2373326.0
2023-10-31 06:00:00,11.795,12.033,11.583,11.668,3227346.0
2023-10-31 07:00:00,11.667,11.706,11.394,11.431,1811803.0
2023-10-31 08:00:00,11.431,11.584,11.252,11.554,1647877.0
2023-10-31 09:00:00,11.557,11.633,11.471,11.58,1056128.0
2023-10-31 10:00:00,11.581,11.624,11.478,11.494,803867.0
2023-10-31 11:00:00,11.494,11.533,11.401,11.517,1128272.0
2023-10-31 12:00:00,11.518,11.577,11.222,11.293,2078336.0
2023-10-31 13:00:00,11.294,11.326,11.118,11.207,1520984.0
2023-10-31 14:00:00,11.203,11.345,11.148,11.239,1321529.0
2023-10-31 15:00:00,11.241,11.276,10.91,11.118,1831533.0
2023-10-31 16:00:00,11.117,11.318,11.049,11.232,1041995.0
2023-10-31 17:00:00,11.232,11.294,11.153,11.266,461105.0
2023-10-31 18:00:00,11.265,11.36,11.217,11.348,383285.0
2023-10-31 19:00:00,11.348,11.411,11.236,11.29,568381.0
2023-10-31 20:00:00,11.287,11.416,11.28,11.363,274271.0
2023-10-31 21:00:00,11.367,11.386,11.248,11.303,332471.0
2023-10-31 22:00:00,11.307,11.439,11.306,11.367,478756.0
2023-10-31 23:00:00,11.37,11.399,11.231,11.355,746506.0
2023-11-01 00:00:00,11.355,11.464,11.288,11.331,691854.0
2023-11-01 01:00:00,11.335,11.384,11.254,11.273,328321.0
2023-11-01 02:00:00,11.272,11.322,11.188,11.202,427956.0
2023-11-01 03:00:00,11.202,11.237,11.153,11.215,416254.0
2023-11-01 04:00:00,11.219,11.25,11.157,11.181,310850.0
2023-11-01 05:00:00,11.183,11.184,10.968,11.001,896570.0
2023-11-01 06:00:00,11.0,11.065,10.935,11.027,626957.0
2023-11-01 07:00:00,11.027,11.143,11.003,11.101,409227.0
2023-11-01 08:00:00,11.101,11.19,11.058,11.064,780811.0
2023-11-01 09:00:00,11.067,11.099,11.006,11.035,442676.0
2023-11-01 10:00:00,11.037,11.047,10.764,10.821,1492633.0
2023-11-01 11:00:00,10.819,10.909,10.775,10.881,720050.0
2023-11-01 12:00:00,10.88,11.034,10.71,10.996,1446562.0
2023-11-01 13:00:00,10.996,11.178,10.786,10.924,2061212.0
2023-11-01 14:00:00,10.925,10.965,10.649,10.734,1622280.0
2023-11-01 15:00:00,10.736,10.86,10.682,10.828,1264876.0
2023-11-01 16:00:00,10.827,10.969,10.811,10.897,566098.0
2023-11-01 17:00:00,10.898,10.96,10.842,10.903,627656.0
2023-11-01 18:00:00,10.903,11.238,10.845,11.151,1218011.0
2023-11-01 19:00:00,11.15,11.408,11.101,11.242,1096577.0
2023-11-01 20:00:00,11.243,11.751,11.24,11.605,2007989.0
2023-11-01 21:00:00,11.605,11.7,11.472,11.62,959621.0
2023-11-01 22:00:00,11.621,11.79,11.59,11.636,1199536.0
2023-11-01 23:00:00,11.638,11.663,11.536,11.65,641398.0
2023-11-02 00:00:00,11.651,11.699,11.405,11.476,1093058.0
2023-11-02 01:00:00,11.477,11.648,11.45,11.479,736077.0
2023-11-02 02:00:00,11.48,11.622,11.426,11.565,717828.0
2023-11-02 03:00:00,11.563,11.749,11.563,11.618,1427668.0
2023-11-02 04:00:00,11.619,11.752,11.516,11.538,768779.0
2023-11-02 05:00:00,11.545,11.583,11.262,11.276,1185891.0
2023-11-02 06:00:00,11.274,11.326,11.196,11.221,652070.0
2023-11-02 07:00:00,11.218,11.291,11.157,11.177,638834.0
2023-11-02 08:00:00,11.178,11.271,11.046,11.264,1302016.0
2023-11-02 09:00:00,11.264,11.269,11.161,11.216,528145.0
2023-11-02 10:00:00,11.214,11.3,11.172,11.233,686476.0
2023-11-02 11:00:00,11.233,11.312,11.181,11.299,472807.0
2023-11-02 12:00:00,11.296,11.454,11.256,11.331,670224.0
2023-11-02 13:00:00,11.33,11.396,11.074,11.225,1877668.0
2023-11-02 14:00:00,11.227,11.274,11.0,11.096,1054111.0
2023-11-02 15:00:00,11.096,11.103,10.868,10.885,1185320.0
2023-11-02 16:00:00,10.885,11.017,10.8,10.975,1371154.0
2023-11-02 17:00:00,10.975,11.069,10.881,11.063,528812.0
2023-11-02 18:00:00,11.066,11.09,10.997,11.02,323867.0
2023-11-02 19:00:00,11.015,11.081,10.99,11.078,211090.0
2023-11-02 20:00:00,11.08,11.125,10.952,11.0,322410.0
2023-11-02 21:00:00,11.0,11.002,10.916,10.996,365153.0
2023-11-02 22:00:00,10.996,10.999,10.892,10.938,196293.0
2023-11-02 23:00:00,10.939,11.035,10.868,11.011,322136.0
2023-11-03 00:00:00,11.01,11.013,10.747,10.81,882002.0
2023-11-03 01:00:00,10.815,10.831,10.501,10.683,1516863.0
2023-11-03 02:00:00,10.681,10.824,10.64,10.809,476567.0
2023-11-03 03:00:00,10.81,10.854,10.771,10.81,312594.0
2023-11-03 04:00:00,10.811,10.835,10.678,10.746,354117.0
2023-11-03 05:00:00,10.746,10.874,10.701,10.862,568288.0
2023-11-03 06:00:00,10.862,11.01,10.856,10.927,697676.0
2023-11-03 07:00:00,10.927,11.218,10.897,11.174,1341999.0
2023-11-03 08:00:00,11.174,11.337,11.018,11.189,2085448.0
2023-11-03 09:00:00,11.191,11.208,10.996,11.013,804740.0
2023-11-03 10:00:00,11.013,11.04,10.927,10.97,691088.0
2023-11-03 11:00:00,10.97,11.04,10.918,11.005,359698.0
2023-11-03 12:00:00,11.008,11.237,10.937,11.14,1129934.0
2023-11-03 13:00:00,11.143,11.219,11.047,11.186,595469.0
2023-11-03 14:00:00,11.192,11.309,11.119,11.205,880644.0
2023-11-03 15:00:00,11.206,11.314,11.166,11.27,518600.0
2023-11-03 16:00:00,11.273,11.334,11.171,11.226,906204.0
2023-11-03 17:00:00,11.225,11.23,11.082,11.122,538554.0
2023-11-03 18:00:00,11.122,11.261,11.098,11.228,340176.0
2023-11-03 19:00:00,11.224,11.263,11.172,11.215,211073.0
2023-11-03 20:00:00,11.214,11.387,11.186,11.341,862618.0
2023-11-03 21:00:00,11.341,11.423,11.306,11.306,362277.0
2023-11-03 22:00:00,11.306,11.497,11.281,11.482,589604.0
2023-11-03 23:00:00,11.481,11.605,11.455,11.469,952061.0
2023-11-04 00:00:00,11.467,11.479,11.344,11.4,641354.0
2023-11-04 01:00:00,11.399,11.43,11.317,11.382,508559.0
2023-11-04 02:00:00,11.378,11.407,11.267,11.314,417948.0
2023-11-04 03:00:00,11.314,11.4,11.293,11.355,380519.0
2023-11-04 04:00:00,11.353,11.387,11.245,11.265,321320.0
2023-11-04 05:00:00,11.265,11.322,11.205,11.317,351046.0
2023-11-04 06:00:00,11.313,11.514,11.313,11.409,893699.0
2023-11-04 07:00:00,11.409,11.453,11.223,11.229,920497.0
2023-11-04 08:00:00,11.229,11.319,11.132,11.306,649730.0
2023-11-04 09:00:00,11.307,11.394,11.251,11.276,500057.0
2023-11-04 10:00:00,11.276,11.342,11.257,11.274,186125.0
2023-11-04 11:00:00,11.273,11.35,11.252,11.285,233239.0
2023-11-04 12:00:00,11.285,11.335,11.265,11.331,233060.0
2023-11-04 13:00:00,11.332,11.359,11.247,11.262,249426.0
2023-11-04 14:00:00,11.264,11.299,11.229,11.25,279313.0
2023-11-04 15:00:00,11.25,11.265,11.171,11.231,282817.0
2023-11-04 16:00:00,11.232,11.336,11.219,11.293,332388.0
2023-11-04 17:00:00,11.293,11.385,11.291,11.344,251924.0
2023-11-04 18:00:00,11.345,11.38,11.303,11.368,119430.0
2023-11-04 19:00:00,11.368,11.39,11.336,11.361,102755.0
2023-11-04 20:00:00,11.363,11.367,11.324,11.332,125573.0
2023-11-04 21:00:00,11.331,11.447,11.324,11.399,228817.0
2023-11-04 22:00:00,11.4,11.539,11.4,11.539,349258.0
2023-11-04 23:00:00,11.54,11.65,11.47,11.508,870505.0
2023-11-05 00:00:00,11.508,11.529,11.36,11.493,724045.0
2023-11-05 01:00:00,11.492,11.738,11.459,11.695,1277527.0
2023-11-05 02:00:00,11.695,12.081,11.585,12.068,2596656.0
2023-11-05 03:00:00,12.068,12.434,11.971,12.4,4106417.0
2023-11-05 04:00:00,12.405,12.58,12.28,12.339,2113637.0
2023-11-05 05:00:00,12.339,12.456,12.275,12.336,1007713.0
2023-11-05 06:00:00,12.339,12.376,12.194,12.228,749906.0
2023-11-05 07:00:00,12.227,12.298,12.155,12.222,608632.0
2023-11-05 08:00:00,12.223,12.328,12.087,12.161,886386.0
2023-11-05 09:00:00,12.161,12.247,12.139,12.193,420217.0
2023-11-05 10:00:00,12.193,12.327,12.175,12.275,417956.0
2023-11-05 11:00:00,12.275,12.298,12.127,12.178,626668.0
2023-11-05 12:00:00,12.177,12.214,12.034,12.184,739491.0
2023-11-05 13:00:00,12.184,12.216,11.8,11.847,1694563.0
2023-11-05 14:00:00,11.847,11.978,11.847,11.901,1059746.0
2023-11-05 15:00:00,11.902,11.902,11.661,11.746,2024739.0
2023-11-05 16:00:00,11.747,11.947,11.733,11.909,1009178.0
2023-11-05 17:00:00,11.909,12.039,11.862,11.926,708779.0
2023-11-05 18:00:00,11.927,12.029,11.895,12.004,413620.0
2023-11-05 19:00:00,12.006,12.061,11.941,11.948,430906.0
2023-11-05 20:00:00,11.946,12.024,11.871,11.958,308295.0
2023-11-05 21:00:00,11.959,12.016,11.783,11.878,608168.0
2023-11-05 22:00:00,11.878,12.147,11.863,12.119,568407.0
2023-11-05 23:00:00,12.12,12.263,12.12,12.23,819711.0
2023-11-06 00:00:00,12.23,12.415,12.164,12.288,1207599.0
2023-11-06 01:00:00,12.287,12.383,12.139,12.175,864078.0
2023-11-06 02:00:00,12.176,12.295,12.109,12.187,688876.0
2023-11-06 03:00:00,12.188,12.345,12.131,12.296,562931.0
2023-11-06 04:00:00,12.296,12.416,12.156,12.41,1020134.0
2023-11-06 05:00:00,12.41,12.574,12.258,12.458,1822748.0
2023-11-06 06:00:00,12.461,12.779,12.346,12.657,2285347.0
2023-11-06 07:00:00,12.658,12.662,12.322,12.45,1185825.0
2023-11-06 08:00:00,12.45,12.508,12.325,12.491,656589.0
2023-11-06 09:00:00,12.489,12.535,12.377,12.483,629622.0
2023-11-06 10:00:00,12.482,12.668,12.416,12.554,842956.0
2023-11-06 11:00:00,12.554,12.674,12.516,12.52,702795.0
2023-11-06 12:00:00,12.519,12.637,12.46,12.572,682823.0
2023-11-06 13:00:00,12.572,12.609,12.361,12.446,771696.0
2023-11-06 14:00:00,12.446,12.724,12.44,12.708,1010543.0
2023-11-06 15:00:00,12.709,12.875,12.611,12.647,1362425.0
2023-11-06 16:00:00,12.648,12.719,12.465,12.491,1111720.0
2023-11-06 17:00:00,12.491,12.566,12.436,12.498,428246.0
2023-11-06 18:00:00,12.497,12.679,12.49,12.625,594291.0
2023-11-06 19:00:00,12.625,12.794,12.578,12.79,364608.0
2023-11-06 20:00:00,12.791,12.862,12.701,12.847,507922.0
2023-11-06 21:00:00,12.848,12.979,12.762,12.864,916818.0
2023-11-06 22:00:00,12.862,13.237,12.743,13.167,1396907.0
2023-11-06 23:00:00,13.166,13.278,12.962,12.993,868059.0
2023-11-07 00:00:00,12.993,12.998,12.711,12.795,1248975.0
2023-11-07 01:00:00,12.795,13.086,12.752,13.069,1196336.0
2023-11-07 02:00:00,13.07,13.193,12.8,12.815,1250144.0
2023-11-07 03:00:00,12.813,13.01,12.672,12.996,1061273.0
2023-11-07 04:00:00,12.996,13.073,12.851,13.015,813070.0
2023-11-07 05:00:00,13.018,13.161,12.932,13.104,767591.0
2023-11-07 06:00:00,13.105,13.166,13.01,13.08,712147.0
2023-11-07 07:00:00,13.083,13.347,12.992,13.077,2030952.0
2023-11-07 08:00:00,13.077,13.143,12.9,12.969,1181696.0
2023-11-07 09:00:00,12.967,13.043,12.711,12.769,1404427.0
2023-11-07 10:00:00,12.766,12.844,12.6,12.758,1033921.0
2023-11-07 11:00:00,12.762,12.892,12.723,12.801,502833.0
2023-11-07 12:00:00,12.798,12.935,12.662,12.792,744289.0
2023-11-07 13:00:00,12.794,12.913,12.669,12.757,840454.0
2023-11-07 14:00:00,12.758,12.976,12.746,12.875,813841.0
2023-11-07 15:00:00,12.876,12.887,12.523,12.715,1191644.0
2023-11-07 16:00:00,12.716,12.886,12.661,12.719,975311.0
2023-11-07 17:00:00,12.72,12.901,12.532,12.885,1104120.0
2023-11-07 18:00:00,12.885,13.251,12.885,13.164,1859288.0
2023-11-07 19:00:00,13.167,13.208,13.027,13.056,507428.0
2023-11-07 20:00:00,13.06,13.228,13.017,13.165,567354.0
2023-11-07 21:00:00,13.163,13.249,13.036,13.192,569295.0
2023-11-07 22:00:00,13.192,13.198,12.962,12.979,551054.0
2023-11-07 23:00:00,12.979,13.09,12.974,13.039,321839.0
2023-11-08 00:00:00,13.038,13.091,12.809,12.962,718453.0
2023-11-08 01:00:00,12.959,13.081,12.886,13.005,486429.0
2023-11-08 02:00:00,13.004,13.447,12.984,13.26,1707167.0
2023-11-08 03:00:00,13.261,13.33,13.145,13.251,668625.0
2023-11-08 04:00:00,13.249,13.467,13.232,13.416,785192.0
2023-11-08 05:00:00,13.418,13.478,13.37,13.454,849061.0
2023-11-08 06:00:00,13.455,13.634,13.335,13.507,1095301.0
2023-11-08 07:00:00,13.508,13.558,13.418,13.444,633174.0
2023-11-08 08:00:00,13.442,13.6,13.405,13.463,637459.0
2023-11-08 09:00:00,13.463,13.551,13.426,13.452,444094.0
2023-11-08 10:00:00,13.452,13.728,13.443,13.633,800290.0
2023-11-08 11:00:00,13.633,13.65,13.471,13.56,548253.0
2023-11-08 12:00:00,13.559,13.695,13.528,13.647,839380.0
2023-11-08 13:00:00,13.65,13.871,13.559,13.821,1737097.0
2023-11-08 14:00:00,13.822,14.006,13.777,13.779,1539573.0
2023-11-08 15:00:00,13.779,13.825,13.64,13.732,1000403.0
2023-11-08 16:00:00,13.731,14.027,13.721,13.994,1320314.0
2023-11-08 17:00:00,13.994,14.001,13.855,13.919,626852.0
2023-11-08 18:00:00,13.921,14.437,13.891,14.339,1843283.0
2023-11-08 19:00:00,14.339,14.796,14.287,14.473,1821529.0
2023-11-08 20:00:00,14.474,14.64,14.468,14.563,788007.0
2023-11-08 21:00:00,14.56,14.88,14.514,14.776,1325924.0
2023-11-08 22:00:00,14.777,14.988,14.767,14.815,1004687.0
2023-11-08 23:00:00,14.814,14.994,14.702,14.922,1179920.0
2023-11-09 00:00:00,14.921,15.033,14.737,14.762,1658944.0
2023-11-09 01:00:00,14.759,14.785,14.623,14.741,964821.0
2023-11-09 02:00:00,14.741,14.756,14.536,14.554,1047129.0
2023-11-09 03:00:00,14.555,14.561,14.302,14.498,1384084.0
2023-11-09 04:00:00,14.498,14.552,14.378,14.486,775746.0
2023-11-09 05:00:00,14.485,14.616,14.443,14.546,423919.0
2023-11-09 06:00:00,14.545,14.766,14.51,14.704,980529.0
2023-11-09 07:00:00,14.703,14.703,14.402,14.5,1028130.0
2023-11-09 08:00:00,14.497,14.623,14.399,14.543,656572.0
2023-11-09 09:00:00,14.543,14.744,14.476,14.638,790584.0
2023-11-09 10:00:00,14.631,14.72,14.579,14.657,479601.0
2023-11-09 11:00:00,14.659,14.858,14.488,14.806,850647.0
2023-11-09 12:00:00,14.81,15.514,14.789,15.421,2833255.0
2023-11-09 13:00:00,15.416,15.714,15.215,15.66,2902543.0
2023-11-09 14:00:00,15.659,15.99,15.415,15.771,3085990.0
2023-11-09 15:00:00,15.778,15.894,15.101,15.117,2783960.0
2023-11-09 16:00:00,15.111,15.211,13.406,14.687,6926857.0
2023-11-09 17:00:00,14.688,14.79,14.375,14.722,1641465.0
2023-11-09 18:00:00,14.716,14.72,14.389,14.414,713322.0
2023-11-09 19:00:00,14.418,14.514,14.123,14.324,756697.0
2023-11-09 20:00:00,14.323,14.374,13.994,14.32,924611.0
2023-11-09 21:00:00,14.322,14.62,14.275,14.393,932829.0
2023-11-09 22:00:00,14.391,14.719,14.389,14.68,642115.0
2023-11-09 23:00:00,14.674,14.716,14.503,14.599,630646.0
2023-11-10 00:00:00,14.597,14.963,14.473,14.508,1903029.0
2023-11-10 01:00:00,14.507,14.606,14.413,14.584,670618.0
2023-11-10 02:00:00,14.583,14.616,14.437,14.568,403455.0
2023-11-10 03:00:00,14.569,14.624,14.292,14.327,664091.0
2023-11-10 04:00:00,14.326,14.529,14.319,14.47,481985.0
2023-11-10 05:00:00,14.469,14.472,14.316,14.445,516029.0
2023-11-10 06:00:00,14.442,14.442,14.171,14.294,634863.0
2023-11-10 07:00:00,14.293,14.486,14.194,14.474,696858.0
2023-11-10 08:00:00,14.472,14.694,14.12,14.644,1059477.0
2023-11-10 09:00:00,14.642,14.693,14.459,14.603,597012.0
2023-11-10 10:00:00,14.605,14.868,14.495,14.842,920778.0
2023-11-10 11:00:00,14.841,14.915,14.7,14.711,1198112.0
2023-11-10 12:00:00,14.715,14.74,14.395,14.626,1253439.0
2023-11-10 13:00:00,14.626,15.323,14.578,14.943,2383742.0
2023-11-10 14:00:00,14.945,15.218,14.62,15.012,1751662.0
2023-11-10 15:00:00,15.012,15.318,15.0,15.048,1109078.0
2023-11-10 16:00:00,15.051,15.528,15.032,15.082,1381145.0
2023-11-10 17:00:00,15.08,15.166,14.949,15.111,701432.0
2023-11-10 18:00:00,15.111,15.403,15.11,15.267,586325.0
2023-11-10 19:00:00,15.268,15.323,15.032,15.061,398020.0
2023-11-10 20:00:00,15.061,15.064,14.907,14.953,540255.0
2023-11-10 21:00:00,14.955,15.288,14.951,15.284,377630.0
2023-11-10 22:00:00,15.286,15.521,15.247,15.371,929849.0
2023-11-10 23:00:00,15.364,15.651,15.341,15.503,757455.0
2023-11-11 00:00:00,15.507,15.762,15.218,15.299,1585290.0
2023-11-11 01:00:00,15.3,15.351,14.918,15.106,1230536.0
2023-11-11 02:00:00,15.105,15.207,14.899,15.164,816875.0
2023-11-11 03:00:00,15.165,15.182,14.931,14.941,672671.0
2023-11-11 04:00:00,14.94,15.048,14.691,15.02,1249356.0
2023-11-11 05:00:00,15.017,15.088,14.97,15.03,381084.0
2023-11-11 06:00:00,15.03,15.2,14.977,15.193,433995.0
2023-11-11 07:00:00,15.19,15.225,14.941,15.006,404936.0
2023-11-11 08:00:00,15.007,15.047,14.769,14.894,716665.0
2023-11-11 09:00:00,14.895,15.114,14.871,15.039,846497.0
2023-11-11 10:00:00,15.039,15.106,14.981,15.099,232102.0
2023-11-11 11:00:00,15.099,15.111,14.926,14.988,426392.0
2023-11-11 12:00:00,14.987,15.279,14.904,15.246,633120.0
2023-11-11 13:00:00,15.245,15.293,15.12,15.239,392424.0
2023-11-11 14:00:00,15.237,16.065,15.214,15.779,2432610.0
2023-11-11 15:00:00,15.776,16.688,15.601,16.302,2485500.0
2023-11-11 16:00:00,16.302,16.642,15.882,16.004,1699516.0
2023-11-11 17:00:00,16.004,16.24,15.816,16.142,1228255.0
2023-11-11 18:00:00,16.141,16.362,16.051,16.283,542834.0
2023-11-11 19:00:00,16.284,16.416,16.229,16.33,267910.0
2023-11-11 20:00:00,16.332,16.491,16.069,16.444,974160.0
2023-11-11 21:00:00,16.443,16.605,16.17,16.22,752525.0
2023-11-11 22:00:00,16.221,16.319,15.901,16.317,1108708.0
2023-11-11 23:00:00,16.316,16.533,16.025,16.469,705451.0
2023-11-12 00:00:00,16.469,16.55,15.333,15.737,1833289.0
2023-11-12 01:00:00,15.739,15.982,15.506,15.866,1089137.0
2023-11-12 02:00:00,15.864,15.891,15.561,15.649,536172.0
2023-11-12 03:00:00,15.643,15.838,15.52,15.807,614126.0
2023-11-12 04:00:00,15.804,15.871,15.621,15.739,515505.0
2023-11-12 05:00:00,15.739,15.888,15.565,15.864,371819.0
2023-11-12 06:00:00,15.864,16.234,15.768,16.175,646068.0
2023-11-12 07:00:00,16.175,16.367,16.168,16.247,451358.0
2023-11-12 08:00:00,16.248,16.319,16.033,16.108,594982.0
2023-11-12 09:00:00,16.108,16.192,15.892,16.016,458909.0
2023-11-12 10:00:00,16.015,16.103,15.859,16.016,391728.0
2023-11-12 11:00:00,16.019,16.174,15.994,16.079,334824.0
2023-11-12 12:00:00,16.079,16.085,15.644,15.799,744046.0
2023-11-12 13:00:00,15.795,15.879,15.598,15.78,534269.0
2023-11-12 14:00:00,15.779,15.923,15.72,15.818,390025.0
2023-11-12 15:00:00,15.819,15.98,15.645,15.943,655544.0
2023-11-12 16:00:00,15.942,16.069,15.783,15.864,516231.0
2023-11-12 17:00:00,15.864,16.019,15.81,15.905,345756.0
2023-11-12 18:00:00,15.905,16.122,15.671,15.976,525432.0
2023-11-12 19:00:00,15.975,16.339,15.975,16.285,731621.0
2023-11-12 20:00:00,16.286,16.38,16.143,16.212,371788.0
2023-11-12 21:00:00,16.216,16.353,16.206,16.295,222720.0
2023-11-12 22:00:00,16.295,16.327,16.082,16.124,432750.0
2023-11-12 23:00:00,16.125,16.187,15.841,16.021,529822.0
2023-11-13 00:00:00,16.021,16.259,15.736,16.221,733718.0
2023-11-13 01:00:00,16.221,16.3,16.039,16.08,481727.0
2023-11-13 02:00:00,16.077,16.09,15.818,15.825,540762.0
2023-11-13 03:00:00,15.825,15.871,15.45,15.504,991640.0
2023-11-13 04:00:00,15.505,15.604,15.279,15.382,851110.0
2023-11-13 05:00:00,15.379,15.426,15.174,15.391,643455.0
2023-11-13 06:00:00,15.393,15.4,15.083,15.332,662457.0
2023-11-13 07:00:00,15.33,15.456,15.263,15.289,465693.0
2023-11-13 08:00:00,15.292,15.55,15.27,15.542,356875.0
2023-11-13 09:00:00,15.54,15.571,15.345,15.425,442730.0
2023-11-13 10:00:00,15.424,15.45,15.229,15.317,396838.0
2023-11-13 11:00:00,15.317,15.32,14.935,15.133,912120.0
2023-11-13 12:00:00,15.133,15.238,14.967,15.22,497333.0
2023-11-13 13:00:00,15.22,15.225,14.991,15.072,385021.0
2023-11-13 14:00:00,15.074,15.322,14.472,15.028,2325018.0
2023-11-13 15:00:00,15.026,15.209,14.781,15.142,1447149.0
2023-11-13 16:00:00,15.139,15.39,15.051,15.116,738825.0
2023-11-13 17:00:00,15.115,15.127,14.718,14.933,710994.0
2023-11-13 18:00:00,14.933,15.088,14.843,15.022,272583.0
2023-11-13 19:00:00,15.023,15.153,14.993,15.15,158809.0
2023-11-13 20:00:00,15.151,15.153,14.7,14.764,461325.0
2023-11-13 21:00:00,14.763,14.778,14.349,14.571,1503950.0
2023-11-13 22:00:00,14.568,14.702,14.456,14.487,297771.0
2023-11-13 23:00:00,14.487,14.561,14.307,14.357,498821.0
2023-11-14 00:00:00,14.359,14.41,14.035,14.294,1286444.0
2023-11-14 01:00:00,14.296,14.747,14.284,14.612,965153.0
2023-11-14 02:00:00,14.612,14.763,14.528,14.614,459085.0
2023-11-14 03:00:00,14.617,14.754,14.595,14.639,272623.0
2023-11-14 04:00:00,14.64,14.746,14.576,14.688,275270.0
2023-11-14 05:00:00,14.685,14.858,14.652,14.822,399375.0
2023-11-14 06:00:00,14.819,14.847,14.684,14.73,308013.0
2023-11-14 07:00:00,14.732,14.87,14.692,14.8,375651.0
2023-11-14 08:00:00,14.802,14.914,14.776,14.899,383964.0
2023-11-14 09:00:00,14.9,14.901,14.596,14.653,614227.0
2023-11-14 10:00:00,14.655,14.721,14.45,14.559,642988.0
2023-11-14 11:00:00,14.56,14.578,14.218,14.305,977613.0
2023-11-14 12:00:00,14.306,14.366,14.118,14.315,842781.0
2023-11-14 13:00:00,14.316,14.751,14.234,14.543,1687906.0
2023-11-14 14:00:00,14.549,14.739,14.35,14.491,1309007.0
2023-11-14 15:00:00,14.495,14.531,13.809,14.063,2113833.0
2023-11-14 16:00:00,14.065,14.525,14.04,14.35,1125896.0
2023-11-14 17:00:00,14.353,14.407,13.897,13.916,872382.0
2023-11-14 18:00:00,13.917,14.077,13.25,13.722,2436394.0
2023-11-14 19:00:00,13.725,14.067,13.692,14.055,1131399.0
2023-11-14 20:00:00,14.056,14.313,13.998,14.111,652260.0
2023-11-14 21:00:00,14.11,14.188,14.046,14.153,320205.0
2023-11-14 22:00:00,14.153,14.183,13.93,13.995,374939.0
2023-11-14 23:00:00,13.994,14.097,13.912,13.95,354095.0
2023-11-15 00:00:00,13.951,14.282,13.932,14.17,611181.0
2023-11-15 01:00:00,14.168,14.288,14.011,14.068,389748.0
2023-11-15 02:00:00,14.067,14.194,14.025,14.179,223859.0
2023-11-15 03:00:00,14.179,14.296,14.112,14.159,537981.0
2023-11-15 04:00:00,14.159,14.461,14.146,14.439,511267.0
2023-11-15 05:00:00,14.442,14.597,14.346,14.571,473990.0
2023-11-15 06:00:00,14.569,14.66,14.456,14.551,663851.0
2023-11-15 07:00:00,14.55,14.729,14.483,14.596,498143.0
2023-11-15 08:00:00,14.596,14.784,14.593,14.734,430886.0
2023-11-15 09:00:00,14.734,14.79,14.575,14.585,424141.0
2023-11-15 10:00:00,14.59,14.751,14.575,14.74,262279.0
2023-11-15 11:00:00,14.738,15.18,14.736,15.137,861803.0
2023-11-15 12:00:00,15.134,15.149,14.908,14.91,642944.0
2023-11-15 13:00:00,14.911,14.96,14.709,14.885,596073.0
2023-11-15 14:00:00,14.884,14.987,14.722,14.725,462260.0
2023-11-15 15:00:00,14.724,14.898,14.611,14.882,523470.0
2023-11-15 16:00:00,14.878,15.005,14.714,14.919,469170.0
2023-11-15 17:00:00,14.923,14.959,14.736,14.844,376515.0
2023-11-15 18:00:00,14.841,15.146,14.759,15.102,1320732.0
2023-11-15 19:00:00,15.105,15.149,14.857,15.148,644472.0
2023-11-15 20:00:00,15.147,15.398,15.097,15.124,619537.0
2023-11-15 21:00:00,15.122,15.127,14.911,15.064,409562.0
2023-11-15 22:00:00,15.061,15.263,15.013,15.181,174172.0
2023-11-15 23:00:00,15.182,15.23,14.911,15.028,599799.0
2023-11-16 00:00:00,15.028,15.136,14.77,15.067,904543.0
2023-11-16 01:00:00,15.061,15.093,14.847,14.899,509115.0
2023-11-16 02:00:00,14.897,14.993,14.855,14.971,312323.0
2023-11-16 03:00:00,14.971,15.003,14.813,14.932,400145.0
2023-11-16 04:00:00,14.932,14.951,14.64,14.861,574229.0
2023-11-16 05:00:00,14.862,14.883,14.663,14.874,350867.0
2023-11-16 06:00:00,14.874,14.965,14.8,14.963,466293.0
2023-11-16 07:00:00,14.965,15.25,14.921,14.99,1144093.0
2023-11-16 08:00:00,14.989,15.071,14.607,14.712,1025713.0
2023-11-16 09:00:00,14.712,14.809,14.588,14.736,620893.0
2023-11-16 10:00:00,14.739,14.81,14.654,14.673,251759.0
2023-11-16 11:00:00,14.67,14.876,14.633,14.677,694968.0
2023-11-16 12:00:00,14.678,14.686,14.392,14.574,1169032.0
2023-11-16 13:00:00,14.574,14.587,14.112,14.413,1568485.0
2023-11-16 14:00:00,14.411,14.474,14.133,14.32,612940.0
2023-11-16 15:00:00,14.319,14.413,13.882,14.126,1099579.0
2023-11-16 16:00:00,14.127,14.246,14.028,14.075,482673.0
2023-11-16 17:00:00,14.075,14.228,13.993,14.075,289554.0
2023-11-16 18:00:00,14.08,14.152,13.932,14.059,518208.0
2023-11-16 19:00:00,14.057,14.095,13.537,14.029,1473530.0
2023-11-16 20:00:00,14.029,14.138,13.826,13.853,559440.0
2023-11-16 21:00:00,13.852,13.961,13.704,13.857,455350.0
2023-11-16 22:00:00,13.858,14.062,13.847,13.929,488081.0
2023-11-16 23:00:00,13.929,13.948,13.673,13.865,492545.0
2023-11-17 00:00:00,13.865,14.12,13.84,14.11,378116.0
2023-11-17 01:00:00,14.112,14.263,14.034,14.252,393079.0
2023-11-17 02:00:00,14.248,14.253,14.031,14.048,339076.0
2023-11-17 03:00:00,14.047,14.08,13.896,13.987,295901.0
2023-11-17 04:00:00,13.986,14.03,13.913,13.982,163001.0
2023-11-17 05:00:00,13.98,13.998,13.841,13.964,263681.0
2023-11-17 06:00:00,13.968,14.068,13.905,13.956,239647.0
2023-11-17 07:00:00,13.954,13.966,13.733,13.788,353939.0
2023-11-17 08:00:00,13.789,13.884,13.693,13.741,472670.0
2023-11-17 09:00:00,13.741,13.818,13.483,13.624,603271.0
2023-11-17 10:00:00,13.628,13.644,13.235,13.405,1026675.0
2023-11-17 11:00:00,13.409,13.527,13.344,13.424,440402.0
2023-11-17 12:00:00,13.424,13.499,13.201,13.486,793926.0
2023-11-17 13:00:00,13.487,13.635,13.403,13.461,700468.0
2023-11-17 14:00:00,13.461,13.57,13.108,13.285,1706675.0
2023-11-17 15:00:00,13.286,13.305,12.848,12.953,1352412.0
2023-11-17 16:00:00,12.953,13.19,12.863,13.065,1006098.0
2023-11-17 17:00:00,13.064,13.541,13.042,13.523,1237037.0
2023-11-17 18:00:00,13.525,13.65,13.488,13.617,416173.0
2023-11-17 19:00:00,13.618,13.633,13.529,13.533,298320.0
2023-11-17 20:00:00,13.533,13.683,13.426,13.467,306000.0
2023-11-17 21:00:00,13.466,13.62,13.452,13.56,332811.0
2023-11-17 22:00:00,13.56,13.772,13.556,13.748,226337.0
2023-11-17 23:00:00,13.748,13.835,13.621,13.709,389516.0
2023-11-18 00:00:00,13.708,13.711,13.46,13.488,300620.0
2023-11-18 01:00:00,13.489,13.566,13.428,13.461,232266.0
2023-11-18 02:00:00,13.464,13.55,13.455,13.511,163574.0
2023-11-18 03:00:00,13.512,13.554,13.362,13.399,264344.0
2023-11-18 04:00:00,13.4,13.516,13.4,13.404,160597.0
2023-11-18 05:00:00,13.404,13.408,13.252,13.261,321915.0
2023-11-18 06:00:00,13.26,13.325,13.096,13.099,374174.0
2023-11-18 07:00:00,13.101,13.361,12.915,13.349,568730.0
2023-11-18 08:00:00,13.347,13.435,13.233,13.386,357567.0
2023-11-18 09:00:00,13.381,13.486,13.347,13.444,310219.0
2023-11-18 10:00:00,13.445,13.497,13.393,13.465,226756.0
2023-11-18 11:00:00,13.467,13.471,13.304,13.31,216587.0
2023-11-18 12:00:00,13.309,13.383,13.273,13.292,194707.0
2023-11-18 13:00:00,13.294,13.344,13.099,13.17,478416.0
2023-11-18 14:00:00,13.172,13.343,13.148,13.264,272463.0
2023-11-18 15:00:00,13.265,13.577,13.249,13.542,561279.0
2023-11-18 16:00:00,13.541,13.741,13.526,13.603,553327.0
2023-11-18 17:00:00,13.604,13.795,13.556,13.654,374544.0
2023-11-18 18:00:00,13.657,13.761,13.604,13.72,195410.0
2023-11-18 19:00:00,13.72,13.809,13.686,13.711,273751.0
2023-11-18 20:00:00,13.712,13.75,13.625,13.684,263598.0
2023-11-18 21:00:00,13.684,13.755,13.63,13.647,120496.0
2023-11-18 22:00:00,13.646,13.716,13.534,13.688,139412.0
2023-11-18 23:00:00,13.684,13.763,13.664,13.751,120745.0
2023-11-19 00:00:00,13.75,13.751,13.48,13.495,273274.0
2023-11-19 01:00:00,13.497,13.553,13.363,13.546,449226.0
2023-11-19 02:00:00,13.547,13.756,13.464,13.648,455979.0
2023-11-19 03:00:00,13.648,14.149,13.606,14.108,1257857.0
2023-11-19 04:00:00,14.107,14.2,13.938,14.089,780448.0
2023-11-19 05:00:00,14.089,14.244,14.057,14.231,689190.0
2023-11-19 06:00:00,14.232,14.338,14.152,14.168,590754.0
2023-11-19 07:00:00,14.168,14.368,14.133,14.281,409826.0
2023-11-19 08:00:00,14.281,14.355,14.191,14.262,408117.0
2023-11-19 09:00:00,14.262,14.334,14.183,14.327,256137.0
2023-11-19 10:00:00,14.326,14.34,14.139,14.152,398978.0
2023-11-19 11:00:00,14.153,14.23,14.06,14.18,504720.0
2023-11-19 12:00:00,14.19,14.27,13.984,14.149,493582.0
2023-11-19 13:00:00,14.152,14.194,14.069,14.108,195303.0
2023-11-19 14:00:00,14.1,14.122,13.987,14.03,265945.0
2023-11-19 15:00:00,14.032,14.21,13.967,14.204,321146.0
2023-11-19 16:00:00,14.202,14.278,14.152,14.171,239251.0
2023-11-19 17:00:00,14.172,14.254,14.155,14.206,160898.0
2023-11-19 18:00:00,14.207,14.68,14.204,14.627,686897.0
2023-11-19 19:00:00,14.631,14.859,14.553,14.859,513875.0
2023-11-19 20:00:00,14.86,15.021,14.834,14.968,823150.0
2023-11-19 21:00:00,14.968,15.057,14.925,14.977,330763.0
2023-11-19 22:00:00,14.976,15.015,14.757,14.819,456100.0
2023-11-19 23:00:00,14.82,15.01,14.814,14.906,697372.0
2023-11-20 00:00:00,14.905,15.068,14.749,14.94,650148.0
2023-11-20 01:00:00,14.94,15.109,14.886,15.001,351429.0
2023-11-20 02:00:00,15.0,15.174,14.92,15.118,411552.0
2023-11-20 03:00:00,15.114,15.133,14.85,14.868,406873.0
2023-11-20 04:00:00,14.867,15.115,14.83,15.015,315136.0
2023-11-20 05:00:00,15.019,15.085,14.905,14.975,340083.0
2023-11-20 06:00:00,14.975,15.117,14.908,15.043,320824.0
2023-11-20 07:00:00,15.047,15.296,14.944,15.215,534611.0
2023-11-20 08:00:00,15.216,15.226,15.022,15.145,363794.0
2023-11-20 09:00:00,15.144,15.285,15.065,15.245,331447.0
2023-11-20 10:00:00,15.246,15.4,15.19,15.339,542955.0
2023-11-20 11:00:00,15.335,15.394,15.041,15.101,683879.0
2023-11-20 12:00:00,15.099,15.152,14.991,15.045,458774.0
2023-11-20 13:00:00,15.045,15.094,14.89,14.916,459950.0
2023-11-20 14:00:00,14.917,15.262,14.607,15.169,1400096.0
2023-11-20 15:00:00,15.168,15.385,15.05,15.128,829553.0
2023-11-20 16:00:00,15.128,15.247,14.817,14.876,658547.0
2023-11-20 17:00:00,14.874,15.209,14.741,15.067,884065.0
2023-11-20 18:00:00,15.067,15.122,14.728,14.771,443379.0
2023-11-20 19:00:00,14.77,14.836,14.675,14.799,249612.0
2023-11-20 20:00:00,14.801,14.845,14.702,14.74,137842.0
2023-11-20 21:00:00,14.742,14.742,14.412,14.645,672723.0
2023-11-20 22:00:00,14.645,14.683,14.391,14.464,541195.0
2023-11-20 23:00:00,14.466,14.538,14.358,14.482,412445.0
2023-11-21 00:00:00,14.48,14.624,14.424,14.558,448355.0
2023-11-21 01:00:00,14.555,14.669,14.47,14.555,276919.0
2023-11-21 02:00:00,14.555,14.566,14.22,14.265,697507.0
2023-11-21 03:00:00,14.266,14.411,14.235,14.402,329815.0
2023-11-21 04:00:00,14.402,14.403,14.28,14.286,224204.0
2023-11-21 05:00:00,14.287,14.345,14.147,14.26,342403.0
2023-11-21 06:00:00,14.258,14.362,14.232,14.255,254767.0
2023-11-21 07:00:00,14.257,14.258,14.045,14.114,773700.0
2023-11-21 08:00:00,14.114,14.267,14.104,14.253,334224.0
2023-11-21 09:00:00,14.252,14.325,14.205,14.207,446358.0
2023-11-21 10:00:00,14.207,14.329,14.198,14.295,264072.0
2023-11-21 11:00:00,14.295,14.315,14.134,14.169,364950.0
2023-11-21 12:00:00,14.171,14.316,14.167,14.289,427528.0
2023-11-21 13:00:00,14.293,14.38,14.13,14.149,502414.0
2023-11-21 14:00:00,14.152,14.24,13.95,14.24,1102068.0
2023-11-21 15:00:00,14.24,14.402,13.73,14.254,2485520.0
2023-11-21 16:00:00,14.246,14.327,13.985,14.154,1079458.0
2023-11-21 17:00:00,14.154,14.258,13.607,13.846,1683988.0
2023-11-21 18:00:00,13.846,13.89,13.502,13.771,1256189.0
2023-11-21 19:00:00,13.776,14.055,13.739,13.983,484919.0
2023-11-21 20:00:00,13.986,14.213,13.809,14.072,537665.0
2023-11-21 21:00:00,14.069,14.211,13.93,13.976,544240.0
2023-11-21 22:00:00,13.979,13.984,13.303,13.418,891011.0
2023-11-21 23:00:00,13.414,13.68,13.301,13.367,1147124.0
2023-11-22 00:00:00,13.365,13.733,13.209,13.636,952855.0
2023-11-22 01:00:00,13.636,13.745,13.617,13.633,458764.0
2023-11-22 02:00:00,13.633,13.805,13.591,13.788,278273.0
2023-11-22 03:00:00,13.789,13.964,13.73,13.957,230010.0
2023-11-22 04:00:00,13.957,14.321,13.93,14.17,1115322.0
2023-11-22 05:00:00,14.172,14.239,14.054,14.072,408407.0
2023-11-22 06:00:00,14.073,14.265,14.031,14.157,707299.0
2023-11-22 07:00:00,14.156,14.261,14.073,14.129,402558.0
2023-11-22 08:00:00,14.126,14.228,14.117,14.172,232190.0
2023-11-22 09:00:00,14.174,14.282,14.136,14.226,286127.0
2023-11-22 10:00:00,14.228,14.252,14.047,14.206,380743.0
2023-11-22 11:00:00,14.206,14.206,14.084,14.127,209852.0
2023-11-22 12:00:00,14.128,14.269,14.114,14.229,278642.0
2023-11-22 13:00:00,14.228,14.334,14.13,14.298,539761.0
2023-11-22 14:00:00,14.301,14.401,14.126,14.202,539930.0
2023-11-22 15:00:00,14.205,14.353,14.068,14.234,479852.0
2023-11-22 16:00:00,14.234,14.399,14.148,14.217,324202.0
2023-11-22 17:00:00,14.216,14.326,14.18,14.217,232958.0
2023-11-22 18:00:00,14.221,14.547,14.162,14.463,644330.0
2023-11-22 19:00:00,14.463,14.569,14.363,14.469,530519.0
2023-11-22 20:00:00,14.472,14.576,14.397,14.563,346413.0
2023-11-22 21:00:00,14.558,14.63,14.282,14.354,1293847.0
2023-11-22 22:00:00,14.357,14.395,14.197,14.268,377622.0
2023-11-22 23:00:00,14.269,14.292,14.184,14.207,288829.0
2023-11-23 00:00:00,14.207,14.257,14.146,14.201,282062.0
2023-11-23 01:00:00,14.201,14.379,14.181,14.33,350837.0
2023-11-23 02:00:00,14.329,14.577,14.293,14.489,442148.0
2023-11-23 03:00:00,14.488,14.54,14.404,14.411,243313.0
2023-11-23 04:00:00,14.411,14.551,14.367,14.531,272199.0
2023-11-23 05:00:00,14.532,14.659,14.531,14.605,286959.0
2023-11-23 06:00:00,14.605,14.627,14.515,14.566,286878.0
2023-11-23 07:00:00,14.566,14.603,14.478,14.536,198404.0
2023-11-23 08:00:00,14.537,14.654,14.481,14.637,290108.0
2023-11-23 09:00:00,14.638,14.646,14.512,14.591,192432.0
2023-11-23 10:00:00,14.591,14.599,14.41,14.43,258892.0
2023-11-23 11:00:00,14.43,14.435,14.257,14.346,544705.0
2023-11-23 12:00:00,14.346,14.388,14.232,14.289,378429.0
2023-11-23 13:00:00,14.286,14.398,14.27,14.352,244124.0
2023-11-23 14:00:00,14.352,14.407,14.218,14.289,296594.0
2023-11-23 15:00:00,14.289,14.316,14.123,14.147,496351.0
2023-11-23 16:00:00,14.148,14.473,14.127,14.473,706177.0
2023-11-23 17:00:00,14.471,14.9,14.362,14.401,1671768.0
2023-11-23 18:00:00,14.4,14.603,14.383,14.588,407258.0
2023-11-23 19:00:00,14.587,14.615,14.514,14.519,201630.0
2023-11-23 20:00:00,14.519,14.604,14.499,14.577,173050.0
2023-11-23 21:00:00,14.579,14.665,14.57,14.607,207881.0
2023-11-23 22:00:00,14.61,14.642,14.479,14.531,321423.0
2023-11-23 23:00:00,14.53,14.534,14.362,14.395,370282.0
2023-11-24 00:00:00,14.394,14.478,14.323,14.404,247495.0
2023-11-24 01:00:00,14.405,14.479,14.355,14.396,221305.0
2023-11-24 02:00:00,14.398,14.509,14.347,14.435,225584.0
2023-11-24 03:00:00,14.433,14.473,14.362,14.365,116536.0
2023-11-24 04:00:00,14.366,14.39,14.33,14.353,163373.0
2023-11-24 05:00:00,14.354,14.432,14.308,14.408,199083.0
2023-11-24 06:00:00,14.407,14.414,14.338,14.35,110953.0
2023-11-24 07:00:00,14.352,14.41,14.202,14.379,442732.0
2023-11-24 08:00:00,14.381,14.435,14.341,14.366,189679.0
2023-11-24 09:00:00,14.366,14.645,14.344,14.571,452338.0
2023-11-24 10:00:00,14.572,14.643,14.489,14.498,420172.0
2023-11-24 11:00:00,14.5,14.566,14.41,14.411,366842.0
2023-11-24 12:00:00,14.411,14.484,14.383,14.411,278712.0
2023-11-24 13:00:00,14.412,14.513,14.361,14.419,255556.0
2023-11-24 14:00:00,14.419,14.445,14.307,14.428,193540.0
2023-11-24 15:00:00,14.429,14.658,14.412,14.581,555738.0
2023-11-24 16:00:00,14.58,14.88,14.432,14.516,1271910.0
2023-11-24 17:00:00,14.521,14.624,14.509,14.523,283199.0
2023-11-24 18:00:00,14.524,14.551,14.369,14.415,208359.0
2023-11-24 19:00:00,14.415,14.415,14.34,14.392,136178.0
2023-11-24 20:00:00,14.392,14.398,14.304,14.377,183445.0
2023-11-24 21:00:00,14.38,14.475,14.364,14.398,117489.0
2023-11-24 22:00:00,14.399,14.45,14.26,14.372,259507.0
2023-11-24 23:00:00,14.373,14.489,14.288,14.489,174936.0
2023-11-25 00:00:00,14.486,14.566,14.371,14.426,205893.0
2023-11-25 01:00:00,14.428,14.607,14.421,14.606,210349.0
2023-11-25 02:00:00,14.605,14.74,14.55,14.722,315754.0
2023-11-25 03:00:00,14.726,14.77,14.674,14.756,249882.0
2023-11-25 04:00:00,14.756,14.787,14.672,14.727,219936.0
2023-11-25 05:00:00,14.727,14.76,14.635,14.705,181709.0
2023-11-25 06:00:00,14.703,14.755,14.668,14.725,175106.0
2023-11-25 07:00:00,14.735,14.773,14.696,14.75,182572.0
2023-11-25 08:00:00,14.75,14.943,14.721,14.776,398681.0
2023-11-25 09:00:00,14.776,14.892,14.727,14.869,245986.0
2023-11-25 10:00:00,14.871,14.978,14.659,14.801,645982.0
2023-11-25 11:00:00,14.803,14.877,14.635,14.756,500278.0
2023-11-25 12:00:00,14.76,14.881,14.734,14.785,319481.0
2023-11-25 13:00:00,14.785,14.788,14.686,14.735,272611.0
2023-11-25 14:00:00,14.734,14.767,14.66,14.707,186709.0
2023-11-25 15:00:00,14.709,14.811,14.65,14.785,175745.0
2023-11-25 16:00:00,14.785,14.874,14.778,14.802,206646.0
2023-11-25 17:00:00,14.801,14.843,14.723,14.757,175568.0
2023-11-25 18:00:00,14.755,14.792,14.706,14.786,155358.0
2023-11-25 19:00:00,14.778,14.814,14.702,14.706,108353.0
2023-11-25 20:00:00,14.704,14.747,14.671,14.7,100525.0
2023-11-25 21:00:00,14.699,14.775,14.696,14.755,58735.0
2023-11-25 22:00:00,14.749,14.785,14.689,14.698,89967.0
2023-11-25 23:00:00,14.698,14.771,14.682,14.765,133930.0
2023-11-26 00:00:00,14.766,14.87,14.701,14.856,213869.0
2023-11-26 01:00:00,14.855,14.856,14.622,14.648,257499.0
2023-11-26 02:00:00,14.649,14.79,14.63,14.736,215656.0
2023-11-26 03:00:00,14.736,14.867,14.736,14.777,202029.0
2023-11-26 04:00:00,14.777,14.898,14.767,14.886,200450.0
2023-11-26 05:00:00,14.886,15.033,14.855,14.99,355717.0
2023-11-26 06:00:00,14.989,15.096,14.942,15.046,348424.0
2023-11-26 07:00:00,15.045,15.179,15.022,15.101,401202.0
2023-11-26 08:00:00,15.103,15.279,15.072,15.259,550318.0
2023-11-26 09:00:00,15.259,15.33,15.186,15.203,521668.0
2023-11-26 10:00:00,15.205,15.239,15.109,15.116,446416.0
2023-11-26 11:00:00,15.116,15.226,15.112,15.198,350008.0
2023-11-26 12:00:00,15.202,15.225,15.03,15.176,524830.0
2023-11-26 13:00:00,15.181,15.184,14.973,15.054,428611.0
2023-11-26 14:00:00,15.052,15.057,14.64,14.738,1280966.0
2023-11-26 15:00:00,14.738,14.979,14.706,14.801,575878.0
2023-11-26 16:00:00,14.798,14.898,14.29,14.642,1501842.0
2023-11-26 17:00:00,14.637,14.777,14.612,14.69,364313.0
2023-11-26 18:00:00,14.689,14.771,14.586,14.608,233138.0
2023-11-26 19:00:00,14.607,14.669,14.543,14.666,184841.0
2023-11-26 20:00:00,14.665,14.816,14.562,14.798,312150.0
2023-11-26 21:00:00,14.798,14.835,14.691,14.804,200945.0
2023-11-26 22:00:00,14.805,14.87,14.774,14.829,197256.0
2023-11-26 23:00:00,14.829,14.829,14.714,14.761,159439.0
2023-11-27 00:00:00,14.761,15.233,14.727,15.231,771407.0
2023-11-27 01:00:00,15.231,15.306,15.036,15.037,652616.0
2023-11-27 02:00:00,15.036,15.076,14.839,14.909,792237.0
2023-11-27 03:00:00,14.91,14.922,14.561,14.682,646496.0
2023-11-27 04:00:00,14.68,14.781,14.62,14.773,545149.0
2023-11-27 05:00:00,14.775,14.831,14.631,14.658,250484.0
2023-11-27 06:00:00,14.657,14.746,14.5,14.504,443084.0
2023-11-27 07:00:00,14.504,14.602,14.337,14.511,1123918.0
2023-11-27 08:00:00,14.511,14.553,14.392,14.437,340641.0
2023-11-27 09:00:00,14.436,14.556,14.418,14.456,251226.0
2023-11-27 10:00:00,14.455,14.47,14.179,14.285,998473.0
2023-11-27 11:00:00,14.285,14.331,14.215,14.247,478495.0
2023-11-27 12:00:00,14.248,14.303,14.189,14.205,287161.0
2023-11-27 13:00:00,14.205,14.318,14.147,14.28,453467.0
2023-11-27 14:00:00,14.281,14.338,14.077,14.145,430346.0
2023-11-27 15:00:00,14.145,14.32,14.046,14.086,403883.0
2023-11-27 16:00:00,14.089,14.277,14.07,14.275,356999.0
2023-11-27 17:00:00,14.275,14.305,14.153,14.166,280954.0
2023-11-27 18:00:00,14.166,14.233,14.103,14.103,149439.0
2023-11-27 19:00:00,14.104,14.131,13.877,13.962,582127.0
2023-11-27 20:00:00,13.964,14.021,13.885,13.938,217148.0
2023-11-27 21:00:00,13.939,14.115,13.929,14.058,197025.0
2023-11-27 22:00:00,14.06,14.096,14.007,14.085,74920.0
2023-11-27 23:00:00,14.085,14.262,14.083,14.188,352180.0
2023-11-28 00:00:00,14.187,14.314,14.151,14.302,238527.0
2023-11-28 01:00:00,14.307,14.314,14.238,14.259,220494.0
2023-11-28 02:00:00,14.259,14.263,14.162,14.207,182496.0
2023-11-28 03:00:00,14.209,14.258,14.134,14.142,183854.0
2023-11-28 04:00:00,14.151,14.181,14.011,14.033,307719.0
2023-11-28 05:00:00,14.034,14.049,13.81,13.824,454643.0
2023-11-28 06:00:00,13.823,14.021,13.777,14.016,491403.0
2023-11-28 07:00:00,14.017,14.02,13.841,13.982,351606.0
2023-11-28 08:00:00,13.983,14.029,13.915,13.918,182409.0
2023-11-28 09:00:00,13.918,14.161,13.908,14.127,284906.0
2023-11-28 10:00:00,14.127,14.227,14.073,14.225,327865.0
2023-11-28 11:00:00,14.225,14.329,14.164,14.298,369586.0
2023-11-28 12:00:00,14.3,14.308,14.198,14.227,258594.0
2023-11-28 13:00:00,14.231,14.41,14.165,14.388,378986.0
2023-11-28 14:00:00,14.39,14.454,14.335,14.348,340577.0
2023-11-28 15:00:00,14.351,14.404,14.242,14.384,281120.0
2023-11-28 16:00:00,14.385,14.589,14.325,14.501,552210.0
2023-11-28 17:00:00,14.498,14.693,14.41,14.678,486148.0
2023-11-28 18:00:00,14.679,14.718,14.491,14.554,441226.0
2023-11-28 19:00:00,14.552,14.663,14.539,14.592,245389.0
2023-11-28 20:00:00,14.591,14.682,14.547,14.661,190796.0
2023-11-28 21:00:00,14.663,14.681,14.544,14.584,226631.0
2023-11-28 22:00:00,14.582,14.624,14.441,14.496,199309.0
2023-11-28 23:00:00,14.496,14.558,14.468,14.528,174989.0
2023-11-29 00:00:00,14.529,14.62,14.434,14.589,235620.0
2023-11-29 01:00:00,14.589,14.671,14.553,14.563,213705.0
2023-11-29 02:00:00,14.565,14.627,14.506,14.602,140065.0
2023-11-29 03:00:00,14.6,14.649,14.576,14.646,151761.0
2023-11-29 04:00:00,14.646,14.659,14.557,14.604,97247.0
2023-11-29 05:00:00,14.607,14.621,14.53,14.586,113131.0
2023-11-29 06:00:00,14.582,14.776,14.548,14.76,376478.0
2023-11-29 07:00:00,14.759,14.793,14.681,14.692,266059.0
2023-11-29 08:00:00,14.694,14.892,14.655,14.881,320304.0
2023-11-29 09:00:00,14.88,14.999,14.834,14.881,542445.0
2023-11-29 10:00:00,14.878,14.898,14.622,14.674,529397.0
2023-11-29 11:00:00,14.674,14.792,14.641,14.745,282432.0
2023-11-29 12:00:00,14.743,14.863,14.723,14.778,267855.0
2023-11-29 13:00:00,14.778,14.825,14.713,14.773,262104.0
2023-11-29 14:00:00,14.77,14.87,14.576,14.589,554365.0
2023-11-29 15:00:00,14.588,14.63,14.38,14.584,679831.0
2023-11-29 16:00:00,14.587,14.643,14.41,14.499,352372.0
2023-11-29 17:00:00,14.501,14.679,14.448,14.627,219752.0
2023-11-29 18:00:00,14.627,14.658,14.544,14.629,125732.0
2023-11-29 19:00:00,14.629,14.693,14.568,14.647,160356.0
2023-11-29 20:00:00,14.648,14.668,14.462,14.514,130616.0
2023-11-29 21:00:00,14.514,14.55,14.452,14.509,130460.0
2023-11-29 22:00:00,14.51,14.623,14.51,14.548,70473.0
2023-11-29 23:00:00,14.548,14.552,14.472,14.512,98301.0
2023-11-30 00:00:00,14.514,14.59,14.458,14.493,171207.0
2023-11-30 01:00:00,14.491,14.541,14.363,14.392,324713.0
2023-11-30 02:00:00,14.392,14.553,14.334,14.529,312844.0
2023-11-30 03:00:00,14.529,14.645,14.458,14.641,201007.0
2023-11-30 04:00:00,14.64,14.701,14.539,14.548,211283.0
2023-11-30 05:00:00,14.546,14.579,14.422,14.459,193276.0
2023-11-30 06:00:00,14.46,14.532,14.394,14.463,167098.0
2023-11-30 07:00:00,14.462,14.491,14.408,14.431,108849.0
2023-11-30 08:00:00,14.434,14.446,14.286,14.325,316736.0
2023-11-30 09:00:00,14.325,14.667,14.291,14.609,607129.0
2023-11-30 10:00:00,14.607,14.66,14.538,14.582,279725.0
2023-11-30 11:00:00,14.584,14.808,14.551,14.767,346154.0
2023-11-30 12:00:00,14.768,14.836,14.601,14.619,387409.0
2023-11-30 13:00:00,14.619,14.657,14.466,14.52,363294.0
2023-11-30 14:00:00,14.518,14.521,14.384,14.427,355751.0
2023-11-30 15:00:00,14.431,14.565,14.325,14.394,511080.0
2023-11-30 16:00:00,14.393,14.418,14.315,14.373,221045.0
2023-11-30 17:00:00,14.372,14.439,14.364,14.423,120281.0
2023-11-30 18:00:00,14.424,14.449,14.37,14.375,89039.0
2023-11-30 19:00:00,14.375,14.414,14.315,14.328,245366.0
2023-11-30 20:00:00,14.328,14.34,14.256,14.304,438738.0
2023-11-30 21:00:00,14.302,14.388,14.277,14.347,99875.0
2023-11-30 22:00:00,14.347,14.399,14.316,14.32,76204.0
2023-11-30 23:00:00,14.321,14.409,14.285,14.409,118227.0
2023-12-01 00:00:00,14.409,14.431,14.275,14.314,258182.0
2023-12-01 01:00:00,14.312,14.573,14.271,14.537,484716.0
2023-12-01 02:00:00,14.536,14.596,14.491,14.562,194238.0
2023-12-01 03:00:00,14.562,14.646,14.542,14.618,211688.0
2023-12-01 04:00:00,14.618,14.697,14.602,14.654,183346.0
2023-12-01 05:00:00,14.657,14.671,14.575,14.578,189290.0
2023-12-01 06:00:00,14.58,14.705,14.552,14.685,178852.0
2023-12-01 07:00:00,14.685,14.78,14.672,14.735,390180.0
2023-12-01 08:00:00,14.734,14.788,14.705,14.729,176926.0
2023-12-01 09:00:00,14.729,14.858,14.729,14.819,268261.0
2023-12-01 10:00:00,14.821,14.845,14.74,14.741,166130.0
2023-12-01 11:00:00,14.746,14.84,14.74,14.8,136519.0
2023-12-01 12:00:00,14.799,14.875,14.726,14.787,290589.0
2023-12-01 13:00:00,14.786,14.852,14.748,14.753,198943.0
2023-12-01 14:00:00,14.754,14.825,14.692,14.765,281288.0
2023-12-01 15:00:00,14.764,15.02,14.727,14.934,443061.0
2023-12-01 16:00:00,14.933,15.048,14.895,14.969,611932.0
2023-12-01 17:00:00,14.967,14.99,14.859,14.934,222844.0
2023-12-01 18:00:00,14.937,15.0,14.905,14.914,136876.0
2023-12-01 19:00:00,14.914,14.964,14.865,14.955,97063.0
2023-12-01 20:00:00,14.955,14.968,14.927,14.933,108098.0
2023-12-01 21:00:00,14.933,14.974,14.893,14.908,98437.0
2023-12-01 22:00:00,14.906,14.97,14.903,14.925,58760.0
2023-12-01 23:00:00,14.925,15.01,14.904,14.987,124051.0
2023-12-02 00:00:00,14.988,15.085,14.919,15.085,157141.0
2023-12-02 01:00:00,15.083,15.213,15.027,15.205,245975.0
2023-12-02 02:00:00,15.206,15.252,15.105,15.197,421380.0
2023-12-02 03:00:00,15.198,15.48,15.182,15.346,692038.0
2023-12-02 04:00:00,15.345,15.37,15.251,15.276,260473.0
2023-12-02 05:00:00,15.276,15.337,15.251,15.327,111630.0
2023-12-02 06:00:00,15.328,15.713,15.328,15.672,676337.0
2023-12-02 07:00:00,15.673,15.89,15.666,15.747,944254.0
2023-12-02 08:00:00,15.748,15.898,15.738,15.765,455825.0
2023-12-02 09:00:00,15.765,15.79,15.67,15.716,387281.0
2023-12-02 10:00:00,15.715,15.795,15.676,15.69,347458.0
2023-12-02 11:00:00,15.692,15.739,15.611,15.652,333603.0
2023-12-02 12:00:00,15.65,15.801,15.619,15.752,521983.0
2023-12-02 13:00:00,15.751,15.825,15.749,15.778,486231.0
2023-12-02 14:00:00,15.777,15.829,15.606,15.7,368676.0
2023-12-02 15:00:00,15.699,15.885,15.633,15.843,723622.0
2023-12-02 16:00:00,15.844,15.881,15.689,15.761,471617.0
2023-12-02 17:00:00,15.76,16.084,15.705,15.884,1254965.0
2023-12-02 18:00:00,15.884,16.02,15.86,15.962,450605.0
2023-12-02 19:00:00,15.962,16.178,15.891,16.11,901093.0
2023-12-02 20:00:00,16.109,16.2,16.055,16.154,601771.0
2023-12-02 21:00:00,16.156,16.206,16.05,16.119,349015.0
2023-12-02 22:00:00,16.121,16.14,15.909,15.969,343386.0
2023-12-02 23:00:00,15.97,16.022,15.955,15.993,176922.0
2023-12-03 00:00:00,15.994,16.087,15.875,16.011,299190.0
2023-12-03 01:00:00,16.009,16.142,15.977,16.105,456942.0
2023-12-03 02:00:00,16.102,16.122,15.882,15.919,636090.0
2023-12-03 03:00:00,15.919,15.97,15.8,15.957,700086.0
2023-12-03 04:00:00,15.958,15.995,15.927,15.951,553836.0
2023-12-03 05:00:00,15.95,16.046,15.88,15.994,307669.0
2023-12-03 06:00:00,15.992,15.995,15.889,15.957,216284.0
2023-12-03 07:00:00,15.956,16.306,15.923,16.285,493829.0
2023-12-03 08:00:00,16.286,16.297,15.981,15.999,541477.0
2023-12-03 09:00:00,16.0,16.132,15.975,16.054,283271.0
2023-12-03 10:00:00,16.055,16.096,15.954,16.088,235856.0
2023-12-03 11:00:00,16.087,16.087,15.895,15.999,222935.0
2023-12-03 12:00:00,15.999,16.061,15.74,15.851,595109.0
2023-12-03 13:00:00,15.851,16.03,15.82,15.917,473172.0
2023-12-03 14:00:00,15.916,15.939,15.775,15.796,351881.0
2023-12-03 15:00:00,15.797,15.888,15.762,15.834,263813.0
2023-12-03 16:00:00,15.833,15.919,15.812,15.883,225329.0
2023-12-03 17:00:00,15.885,15.91,15.733,15.786,206161.0
2023-12-03 18:00:00,15.787,15.877,15.773,15.822,99370.0
2023-12-03 19:00:00,15.822,15.864,15.768,15.862,125274.0
2023-12-03 20:00:00,15.861,15.893,15.839,15.866,154218.0
2023-12-03 21:00:00,15.867,15.958,15.843,15.955,97860.0
2023-12-03 22:00:00,15.955,16.149,15.947,16.012,349585.0
2023-12-03 23:00:00,16.013,16.02,15.651,15.714,525560.0
2023-12-04 00:00:00,15.712,15.812,15.623,15.808,591393.0
2023-12-04 01:00:00,15.808,16.02,15.761,15.893,513002.0
2023-12-04 02:00:00,15.889,15.921,15.793,15.86,281313.0
2023-12-04 03:00:00,15.859,15.916,15.817,15.905,315261.0
2023-12-04 04:00:00,15.906,16.284,15.906,16.081,974003.0
2023-12-04 05:00:00,16.083,16.233,16.03,16.133,524166.0
2023-12-04 06:00:00,16.133,16.271,16.056,16.201,480444.0
2023-12-04 07:00:00,16.201,16.416,16.056,16.083,644571.0
2023-12-04 08:00:00,16.083,16.25,16.032,16.17,379959.0
2023-12-04 09:00:00,16.17,16.216,15.928,15.945,373488.0
2023-12-04 10:00:00,15.945,16.118,15.945,15.997,336852.0
2023-12-04 11:00:00,15.995,16.011,15.053,15.625,2512629.0
2023-12-04 12:00:00,15.626,16.051,15.46,16.046,778246.0
2023-12-04 13:00:00,16.045,16.112,15.544,15.68,814078.0
2023-12-04 14:00:00,15.683,15.745,15.441,15.575,596598.0
2023-12-04 15:00:00,15.574,15.588,15.386,15.455,387862.0
2023-12-04 16:00:00,15.457,15.675,15.432,15.658,320700.0
2023-12-04 17:00:00,15.661,15.738,15.553,15.638,242073.0
2023-12-04 18:00:00,15.639,15.683,15.59,15.623,121578.0
2023-12-04 19:00:00,15.622,15.649,15.574,15.648,152575.0
2023-12-04 20:00:00,15.649,15.679,15.585,15.634,110143.0
2023-12-04 21:00:00,15.633,15.668,15.596,15.647,99350.0
2023-12-04 22:00:00,15.647,15.777,15.523,15.582,245307.0
2023-12-04 23:00:00,15.581,15.826,15.551,15.819,240869.0
2023-12-05 00:00:00,15.819,16.019,15.711,16.016,357582.0
2023-12-05 01:00:00,16.016,16.037,15.718,15.857,563432.0
2023-12-05 02:00:00,15.854,15.864,15.547,15.69,431178.0
2023-12-05 03:00:00,15.692,15.78,15.63,15.655,148675.0
2023-12-05 04:00:00,15.659,15.662,15.5,15.525,266604.0
2023-12-05 05:00:00,15.525,15.549,15.475,15.533,206716.0
2023-12-05 06:00:00,15.534,15.56,15.241,15.416,633346.0
2023-12-05 07:00:00,15.417,15.434,15.199,15.326,640788.0
2023-12-05 08:00:00,15.327,15.353,15.184,15.313,404605.0
2023-12-05 09:00:00,15.314,15.455,15.29,15.363,302313.0
2023-12-05 10:00:00,15.362,15.373,15.214,15.223,198843.0
2023-12-05 11:00:00,15.222,15.371,15.169,15.318,343961.0
2023-12-05 12:00:00,15.318,15.418,15.289,15.384,322191.0
2023-12-05 13:00:00,15.382,15.443,15.256,15.273,308059.0
2023-12-05 14:00:00,15.272,15.442,15.245,15.388,232625.0
2023-12-05 15:00:00,15.388,15.617,15.361,15.532,400893.0
2023-12-05 16:00:00,15.532,15.615,15.409,15.512,392413.0
2023-12-05 17:00:00,15.511,15.938,15.49,15.876,1072048.0
2023-12-05 18:00:00,15.873,16.099,15.694,15.737,808920.0
2023-12-05 19:00:00,15.733,15.825,15.684,15.72,273570.0
2023-12-05 20:00:00,15.721,15.737,15.471,15.533,310294.0
2023-12-05 21:00:00,15.534,15.59,15.455,15.511,182247.0
2023-12-05 22:00:00,15.515,15.635,15.467,15.543,227399.0
2023-12-05 23:00:00,15.542,15.851,15.523,15.729,402350.0
2023-12-06 00:00:00,15.729,16.17,15.708,16.142,804632.0
2023-12-06 01:00:00,16.142,16.172,15.854,16.006,707608.0
2023-12-06 02:00:00,16.004,16.038,15.703,15.86,330411.0
2023-12-06 03:00:00,15.855,15.859,15.606,15.716,428878.0
2023-12-06 04:00:00,15.716,15.788,15.67,15.759,248980.0
2023-12-06 05:00:00,15.761,15.809,15.32,15.576,928247.0
2023-12-06 06:00:00,15.577,15.622,15.407,15.568,333760.0
2023-12-06 07:00:00,15.57,15.688,15.554,15.625,362153.0
2023-12-06 08:00:00,15.624,16.02,15.609,15.976,540349.0
2023-12-06 09:00:00,15.982,16.002,15.76,15.836,393528.0
2023-12-06 10:00:00,15.831,16.113,15.766,15.809,545535.0
2023-12-06 11:00:00,15.81,15.846,15.32,15.543,866356.0
2023-12-06 12:00:00,15.544,15.725,15.509,15.696,347177.0
2023-12-06 13:00:00,15.695,15.766,15.552,15.627,237657.0
2023-12-06 14:00:00,15.627,15.714,15.464,15.493,286634.0
2023-12-06 15:00:00,15.496,15.592,15.447,15.544,281103.0
2023-12-06 16:00:00,15.544,15.658,15.491,15.599,246199.0
2023-12-06 17:00:00,15.601,15.705,15.576,15.62,178495.0
2023-12-06 18:00:00,15.622,15.774,15.566,15.76,166260.0
2023-12-06 19:00:00,15.757,15.794,15.682,15.768,152926.0
2023-12-06 20:00:00,15.767,15.809,15.542,15.542,138607.0
2023-12-06 21:00:00,15.544,15.642,15.389,15.45,287218.0
2023-12-06 22:00:00,15.449,15.535,15.222,15.335,265130.0
2023-12-06 23:00:00,15.334,15.349,15.229,15.266,234341.0
2023-12-07 00:00:00,15.265,15.477,15.243,15.403,249003.0
2023-12-07 01:00:00,15.403,15.453,15.317,15.408,188600.0
2023-12-07 02:00:00,15.408,15.479,15.373,15.451,127387.0
2023-12-07 03:00:00,15.452,15.475,15.355,15.47,164686.0
2023-12-07 04:00:00,15.47,15.677,15.441,15.672,290427.0
2023-12-07 05:00:00,15.673,15.729,15.629,15.658,281253.0
2023-12-07 06:00:00,15.66,15.672,15.53,15.56,150730.0
2023-12-07 07:00:00,15.56,15.616,15.55,15.57,111218.0
2023-12-07 08:00:00,15.571,15.631,15.399,15.417,363024.0
2023-12-07 09:00:00,15.417,15.456,15.088,15.368,928235.0
2023-12-07 10:00:00,15.367,15.407,15.057,15.118,609601.0
2023-12-07 11:00:00,15.116,15.21,15.033,15.103,348846.0
2023-12-07 12:00:00,15.102,15.156,14.624,14.983,1177248.0
2023-12-07 13:00:00,14.984,15.018,14.761,14.81,393465.0
2023-12-07 14:00:00,14.806,15.002,14.778,14.974,472687.0
2023-12-07 15:00:00,14.97,15.355,14.963,15.236,942789.0
2023-12-07 16:00:00,15.237,15.496,15.143,15.496,544091.0
2023-12-07 17:00:00,15.496,15.626,15.382,15.503,503065.0
2023-12-07 18:00:00,15.5,15.538,15.302,15.306,252936.0
2023-12-07 19:00:00,15.305,15.37,15.163,15.232,242283.0
2023-12-07 20:00:00,15.233,15.332,15.164,15.282,142769.0
2023-12-07 21:00:00,15.28,15.7,15.263,15.655,455601.0
2023-12-07 22:00:00,15.656,15.824,15.505,15.559,751583.0
2023-12-07 23:00:00,15.559,15.778,15.55,15.7,318288.0
2023-12-08 00:00:00,15.699,15.817,15.639,15.703,397724.0
2023-12-08 01:00:00,15.704,15.705,15.571,15.6,266209.0
2023-12-08 02:00:00,15.6,15.737,15.556,15.678,228250.0
2023-12-08 03:00:00,15.673,15.996,15.602,15.827,590791.0
2023-12-08 04:00:00,15.826,15.931,15.741,15.8,406980.0
2023-12-08 05:00:00,15.8,16.011,15.771,15.964,405732.0
2023-12-08 06:00:00,15.965,16.108,15.964,16.062,402045.0
2023-12-08 07:00:00,16.061,16.084,15.825,15.911,581475.0
2023-12-08 08:00:00,15.912,16.14,15.89,15.947,649713.0
2023-12-08 09:00:00,15.943,16.25,15.941,16.088,614915.0
2023-12-08 10:00:00,16.082,16.5,16.071,16.46,940286.0
2023-12-08 11:00:00,16.463,16.538,16.326,16.44,1005652.0
2023-12-08 12:00:00,16.444,16.536,16.35,16.503,723325.0
2023-12-08 13:00:00,16.504,17.346,16.338,17.06,2490527.0
2023-12-08 14:00:00,17.064,17.138,16.648,16.859,1610266.0
2023-12-08 15:00:00,16.86,16.944,16.677,16.695,621084.0
2023-12-08 16:00:00,16.696,16.896,16.555,16.616,659305.0
2023-12-08 17:00:00,16.616,16.729,16.539,16.702,401590.0
2023-12-08 18:00:00,16.704,16.726,16.575,16.605,293231.0
2023-12-08 19:00:00,16.603,16.787,16.598,16.78,283241.0
2023-12-08 20:00:00,16.782,16.84,16.733,16.837,154000.0
2023-12-08 21:00:00,16.836,16.935,16.756,16.924,260517.0
2023-12-08 22:00:00,16.928,16.941,16.767,16.768,137677.0
2023-12-08 23:00:00,16.77,17.025,16.756,16.935,335328.0
2023-12-09 00:00:00,16.937,17.2,16.91,16.923,676016.0
2023-12-09 01:00:00,16.919,16.935,16.628,16.818,629364.0
2023-12-09 02:00:00,16.818,16.823,16.717,16.75,168005.0
2023-12-09 03:00:00,16.751,16.925,16.748,16.868,221794.0
2023-12-09 04:00:00,16.872,17.122,16.861,17.109,800125.0
2023-12-09 05:00:00,17.109,17.116,16.949,17.011,462475.0
2023-12-09 06:00:00,17.011,17.218,17.011,17.164,567989.0
2023-12-09 07:00:00,17.162,17.296,17.108,17.204,357254.0
2023-12-09 08:00:00,17.204,17.33,16.558,16.795,1977331.0
2023-12-09 09:00:00,16.805,17.026,16.731,16.772,865809.0
2023-12-09 10:00:00,16.788,16.908,16.751,16.885,265200.0
2023-12-09 11:00:00,16.881,17.038,16.79,16.989,442604.0
2023-12-09 12:00:00,16.99,17.113,16.856,16.889,413573.0
2023-12-09 13:00:00,16.891,16.907,16.651,16.695,607840.0
2023-12-09 14:00:00,16.696,16.753,16.35,16.508,1115144.0
2023-12-09 15:00:00,16.509,16.684,16.367,16.624,671603.0
2023-12-09 16:00:00,16.625,16.675,16.379,16.538,530822.0
2023-12-09 17:00:00,16.537,16.549,16.271,16.416,486199.0
2023-12-09 18:00:00,16.42,16.619,16.406,16.612,242001.0
2023-12-09 19:00:00,16.61,16.638,16.523,16.563,150309.0
2023-12-09 20:00:00,16.564,16.59,16.398,16.512,155091.0
2023-12-09 21:00:00,16.516,16.575,16.391,16.505,141710.0
2023-12-09 22:00:00,16.504,16.577,16.367,16.422,85462.0
2023-12-09 23:00:00,16.421,16.458,16.015,16.194,824341.0
2023-12-10 00:00:00,16.197,16.45,16.196,16.442,331693.0
2023-12-10 01:00:00,16.441,16.458,16.296,16.385,213348.0
2023-12-10 02:00:00,16.392,16.411,16.24,16.265,221085.0
2023-12-10 03:00:00,16.266,16.378,16.262,16.372,96283.0
2023-12-10 04:00:00,16.37,16.41,16.31,16.395,151964.0
2023-12-10 05:00:00,16.391,16.428,16.355,16.415,85077.0
2023-12-10 06:00:00,16.415,16.427,16.284,16.32,125102.0
2023-12-10 07:00:00,16.319,16.341,16.186,16.322,227816.0
2023-12-10 08:00:00,16.316,16.361,16.113,16.177,369717.0
2023-12-10 09:00:00,16.176,16.223,15.787,15.79,724744.0
2023-12-10 10:00:00,15.791,15.99,15.79,15.97,345727.0
2023-12-10 11:00:00,15.969,16.016,15.92,15.934,175853.0
2023-12-10 12:00:00,15.933,16.082,15.906,16.072,257121.0
2023-12-10 13:00:00,16.074,16.092,15.951,16.039,189257.0
2023-12-10 14:00:00,16.039,16.111,16.0,16.06,169960.0
2023-12-10 15:00:00,16.058,16.189,16.052,16.134,268802.0
2023-12-10 16:00:00,16.133,16.2,16.068,16.097,148840.0
2023-12-10 17:00:00,16.095,16.134,15.953,16.016,178620.0
2023-12-10 18:00:00,16.016,16.198,16.013,16.13,167779.0
2023-12-10 19:00:00,16.127,16.218,16.099,16.217,133932.0
2023-12-10 20:00:00,16.216,16.449,16.192,16.436,303291.0
2023-12-10 21:00:00,16.437,16.447,16.259,16.267,211397.0
2023-12-10 22:00:00,16.267,16.421,16.215,16.402,152485.0
2023-12-10 23:00:00,16.401,16.455,16.222,16.37,190844.0
2023-12-11 00:00:00,16.371,16.466,16.17,16.175,515799.0
2023-12-11 01:00:00,16.175,16.234,15.944,16.108,1071304.0
2023-12-11 02:00:00,16.111,16.131,13.697,14.808,5773113.0
2023-12-11 03:00:00,14.808,15.179,14.74,15.088,1050240.0
2023-12-11 04:00:00,15.091,15.215,14.923,15.004,739690.0
2023-12-11 05:00:00,15.003,15.162,14.911,15.134,1050911.0
2023-12-11 06:00:00,15.133,15.134,14.754,14.945,636973.0
2023-12-11 07:00:00,14.945,15.081,14.845,14.859,241294.0
2023-12-11 08:00:00,14.857,14.947,14.729,14.936,278413.0
2023-12-11 09:00:00,14.934,15.167,14.885,15.104,435003.0
2023-12-11 10:00:00,15.106,15.165,15.009,15.101,222276.0
2023-12-11 11:00:00,15.101,15.181,14.975,15.046,429078.0
2023-12-11 12:00:00,15.046,15.08,14.91,14.94,232632.0
2023-12-11 13:00:00,14.937,15.026,14.73,14.825,400814.0
2023-12-11 14:00:00,14.829,14.906,14.626,14.649,637121.0
2023-12-11 15:00:00,14.645,14.801,14.609,14.79,493975.0
2023-12-11 16:00:00,14.787,14.893,14.616,14.867,600067.0
2023-12-11 17:00:00,14.867,14.874,14.615,14.632,310615.0
2023-12-11 18:00:00,14.63,14.63,14.204,14.515,1312092.0
2023-12-11 19:00:00,14.515,14.602,14.381,14.57,486427.0
2023-12-11 20:00:00,14.571,14.639,14.497,14.631,299357.0
2023-12-11 21:00:00,14.631,14.765,14.626,14.761,284739.0
2023-12-11 22:00:00,14.761,14.825,14.75,14.809,129315.0
2023-12-11 23:00:00,14.806,14.81,14.741,14.766,167865.0
2023-12-12 00:00:00,14.765,14.951,14.756,14.854,373441.0
2023-12-12 01:00:00,14.856,14.986,14.839,14.952,313378.0
2023-12-12 02:00:00,14.951,15.14,14.946,15.035,550340.0
2023-12-12 03:00:00,15.035,15.126,14.946,14.983,364864.0
2023-12-12 04:00:00,14.983,14.99,14.78,14.786,330790.0
2023-12-12 05:00:00,14.787,14.95,14.784,14.859,191157.0
2023-12-12 06:00:00,14.859,14.874,14.694,14.863,326810.0
2023-12-12 07:00:00,14.863,15.069,14.863,15.036,329914.0
2023-12-12 08:00:00,15.037,15.052,14.94,15.026,270581.0
2023-12-12 09:00:00,15.028,15.028,14.878,14.915,296174.0
2023-12-12 10:00:00,14.914,14.974,14.875,14.952,234281.0
2023-12-12 11:00:00,14.953,14.957,14.779,14.801,202301.0
2023-12-12 12:00:00,14.801,14.974,14.774,14.961,247218.0
2023-12-12 13:00:00,14.964,15.08,14.874,14.998,519263.0
2023-12-12 14:00:00,14.996,15.026,14.75,14.838,397587.0
2023-12-12 15:00:00,14.836,14.878,14.547,14.65,742770.0
2023-12-12 16:00:00,14.652,14.654,14.39,14.444,546927.0
2023-12-12 17:00:00,14.445,14.448,14.177,14.193,640475.0
2023-12-12 18:00:00,14.198,14.556,14.179,14.545,427322.0
2023-12-12 19:00:00,14.545,14.56,14.323,14.409,291636.0
2023-12-12 20:00:00,14.408,14.471,14.274,14.398,224043.0
2023-12-12 21:00:00,14.397,14.488,14.176,14.201,241153.0
2023-12-12 22:00:00,14.197,14.374,14.163,14.322,187088.0
2023-12-12 23:00:00,14.323,14.567,14.323,14.526,199322.0
2023-12-13 00:00:00,14.525,14.584,14.466,14.533,177566.0
2023-12-13 01:00:00,14.53,14.541,14.007,14.018,1148973.0
2023-12-13 02:00:00,14.019,14.158,13.901,14.157,1050803.0
2023-12-13 03:00:00,14.157,14.206,14.031,14.084,337595.0
2023-12-13 04:00:00,14.079,14.218,13.978,14.212,403153.0
2023-12-13 05:00:00,14.211,14.216,14.115,14.194,213429.0
2023-12-13 06:00:00,14.194,14.229,13.909,13.949,564589.0
2023-12-13 07:00:00,13.948,14.27,13.854,14.208,743365.0
2023-12-13 08:00:00,14.21,14.37,14.193,14.338,335384.0
2023-12-13 09:00:00,14.338,14.342,14.223,14.281,231221.0
2023-12-13 10:00:00,14.282,14.293,14.135,14.221,224967.0
2023-12-13 11:00:00,14.218,14.283,14.082,14.112,293874.0
2023-12-13 12:00:00,14.112,14.272,14.094,14.263,212297.0
2023-12-13 13:00:00,14.262,14.509,14.233,14.42,953492.0
2023-12-13 14:00:00,14.421,14.459,14.338,14.401,302767.0
2023-12-13 15:00:00,14.4,14.659,14.392,14.569,515162.0
2023-12-13 16:00:00,14.57,14.614,14.353,14.406,508867.0
2023-12-13 17:00:00,14.406,14.495,14.368,14.449,227206.0
2023-12-13 18:00:00,14.448,14.501,14.401,14.417,142726.0
2023-12-13 19:00:00,14.417,14.805,14.417,14.784,523118.0
2023-12-13 20:00:00,14.785,14.848,14.664,14.763,377451.0
2023-12-13 21:00:00,14.764,14.823,14.656,14.763,256028.0
2023-12-13 22:00:00,14.764,14.985,14.717,14.756,362354.0
2023-12-13 23:00:00,14.757,14.844,14.69,14.772,220565.0
2023-12-14 00:00:00,14.772,14.828,14.674,14.798,280896.0
2023-12-14 01:00:00,14.799,14.902,14.754,14.78,268722.0
2023-12-14 02:00:00,14.779,14.808,14.676,14.772,209514.0
2023-12-14 03:00:00,14.773,14.794,14.67,14.749,122867.0
2023-12-14 04:00:00,14.75,14.817,14.643,14.653,247138.0
2023-12-14 05:00:00,14.654,14.847,14.63,14.827,218139.0
2023-12-14 06:00:00,14.826,14.968,14.804,14.863,271602.0
2023-12-14 07:00:00,14.862,14.894,14.763,14.847,159567.0
2023-12-14 08:00:00,14.846,14.958,14.772,14.821,296087.0
2023-12-14 09:00:00,14.817,15.012,14.776,14.959,282947.0
2023-12-14 10:00:00,14.959,15.075,14.904,15.055,360109.0
2023-12-14 11:00:00,15.054,15.314,14.998,15.275,491172.0
2023-12-14 12:00:00,15.276,15.36,15.127,15.258,537513.0
2023-12-14 13:00:00,15.258,15.268,14.135,14.946,2166823.0
2023-12-14 14:00:00,14.945,15.189,14.732,14.979,840346.0
2023-12-14 15:00:00,14.981,15.094,14.805,14.865,428818.0
2023-12-14 16:00:00,14.866,15.044,14.843,15.018,342623.0
2023-12-14 17:00:00,15.018,15.586,15.018,15.438,1115924.0
2023-12-14 18:00:00,15.44,15.441,15.126,15.14,553813.0
2023-12-14 19:00:00,15.138,15.349,15.134,15.277,227658.0
2023-12-14 20:00:00,15.275,15.308,15.141,15.298,214104.0
2023-12-14 21:00:00,15.299,15.372,15.275,15.355,173173.0
2023-12-14 22:00:00,15.355,15.501,15.334,15.454,199311.0
2023-12-14 23:00:00,15.456,15.515,15.361,15.38,232365.0
2023-12-15 00:00:00,15.38,15.401,15.194,15.2,277934.0
2023-12-15 01:00:00,15.203,15.229,15.074,15.138,259068.0
2023-12-15 02:00:00,15.14,15.17,15.048,15.051,183679.0
2023-12-15 03:00:00,15.052,15.112,14.94,15.011,265585.0
2023-12-15 04:00:00,15.011,15.05,14.958,14.999,188553.0
2023-12-15 05:00:00,15.0,15.058,14.9,14.91,237173.0
2023-12-15 06:00:00,14.909,15.011,14.903,14.935,185259.0
2023-12-15 07:00:00,14.936,15.003,14.861,14.892,190855.0
2023-12-15 08:00:00,14.892,15.04,14.871,15.033,199742.0
2023-12-15 09:00:00,15.033,15.109,14.983,15.023,223075.0
2023-12-15 10:00:00,15.028,15.206,14.996,15.122,242630.0
2023-12-15 11:00:00,15.12,15.145,15.021,15.055,150531.0
2023-12-15 12:00:00,15.054,15.096,14.857,14.892,330615.0
2023-12-15 13:00:00,14.891,14.931,14.757,14.877,488789.0
2023-12-15 14:00:00,14.878,14.934,14.745,14.849,290598.0
2023-12-15 15:00:00,14.853,14.909,14.642,14.77,374435.0
2023-12-15 16:00:00,14.77,14.831,14.679,14.739,206139.0
2023-12-15 17:00:00,14.739,14.829,14.726,14.726,131929.0
2023-12-15 18:00:00,14.727,14.847,14.717,14.84,118858.0
2023-12-15 19:00:00,14.842,14.885,14.753,14.776,133840.0
2023-12-15 20:00:00,14.776,14.837,14.738,14.806,101222.0
2023-12-15 21:00:00,14.807,14.817,14.628,14.661,185658.0
2023-12-15 22:00:00,14.659,14.684,14.418,14.451,477849.0
2023-12-15 23:00:00,14.451,14.498,14.249,14.277,493743.0
2023-12-16 00:00:00,14.276,14.372,14.084,14.268,432176.0
2023-12-16 01:00:00,14.276,14.426,14.271,14.375,235944.0
2023-12-16 02:00:00,14.376,14.459,14.376,14.449,108396.0
2023-12-16 03:00:00,14.453,14.518,14.415,14.502,135078.0
2023-12-16 04:00:00,14.502,14.633,14.443,14.486,336739.0
2023-12-16 05:00:00,14.485,14.521,14.482,14.518,77985.0
2023-12-16 06:00:00,14.519,14.544,14.445,14.487,111731.0
2023-12-16 07:00:00,14.489,14.497,14.405,14.436,91547.0
2023-12-16 08:00:00,14.438,14.489,14.428,14.456,81244.0
2023-12-16 09:00:00,14.457,14.553,14.457,14.508,100106.0
2023-12-16 10:00:00,14.509,14.548,14.4,14.446,317792.0
2023-12-16 11:00:00,14.445,14.563,14.405,14.557,114753.0
2023-12-16 12:00:00,14.556,14.643,14.53,14.625,183284.0
2023-12-16 13:00:00,14.624,14.656,14.47,14.548,231969.0
2023-12-16 14:00:00,14.549,14.574,14.485,14.523,91024.0
2023-12-16 15:00:00,14.523,14.657,14.504,14.647,150824.0
2023-12-16 16:00:00,14.644,14.806,14.606,14.691,292885.0
2023-12-16 17:00:00,14.693,14.766,14.658,14.663,125883.0
2023-12-16 18:00:00,14.662,14.662,14.416,14.504,282647.0
2023-12-16 19:00:00,14.506,14.54,14.313,14.387,231321.0
2023-12-16 20:00:00,14.394,14.476,14.342,14.395,141647.0
2023-12-16 21:00:00,14.393,14.438,14.315,14.336,96471.0
2023-12-16 22:00:00,14.338,14.415,14.283,14.398,81246.0
2023-12-16 23:00:00,14.405,14.414,14.281,14.325,116026.0
2023-12-17 00:00:00,14.327,14.357,14.235,14.244,165055.0
2023-12-17 01:00:00,14.248,14.331,14.176,14.245,165598.0
2023-12-17 02:00:00,14.248,14.281,14.169,14.18,102738.0
2023-12-17 03:00:00,14.18,14.207,14.126,14.193,102360.0
2023-12-17 04:00:00,14.192,14.278,14.192,14.252,106514.0
2023-12-17 05:00:00,14.253,14.289,14.042,14.152,171838.0
2023-12-17 06:00:00,14.15,14.228,14.018,14.143,221356.0
2023-12-17 07:00:00,14.145,14.187,14.009,14.038,158297.0
2023-12-17 08:00:00,14.037,14.195,14.013,14.184,163191.0
2023-12-17 09:00:00,14.187,14.273,14.166,14.267,102634.0
2023-12-17 10:00:00,14.267,14.285,14.201,14.216,109487.0
2023-12-17 11:00:00,14.216,14.267,14.164,14.205,69684.0
2023-12-17 12:00:00,14.206,14.234,14.147,14.189,109685.0
2023-12-17 13:00:00,14.189,14.205,14.041,14.097,164577.0
2023-12-17 14:00:00,14.096,14.186,14.009,14.094,184141.0
2023-12-17 15:00:00,14.093,14.259,14.052,14.241,112578.0
2023-12-17 16:00:00,14.245,14.337,14.182,14.322,160952.0
2023-12-17 17:00:00,14.322,14.372,14.233,14.261,187858.0
2023-12-17 18:00:00,14.258,14.314,14.129,14.29,125406.0
2023-12-17 19:00:00,14.288,14.353,14.267,14.282,107911.0
2023-12-17 20:00:00,14.282,14.351,14.271,14.327,49385.0
2023-12-17 21:00:00,14.33,14.337,14.24,14.272,74899.0
2023-12-17 22:00:00,14.269,14.274,14.076,14.104,98921.0
2023-12-17 23:00:00,14.102,14.102,13.907,14.02,292812.0
2023-12-18 00:00:00,14.02,14.157,14.002,14.074,162736.0
2023-12-18 01:00:00,14.076,14.139,13.79,13.836,368656.0
2023-12-18 02:00:00,13.837,13.937,13.632,13.695,346108.0
2023-12-18 03:00:00,13.694,13.882,13.663,13.87,216365.0
2023-12-18 04:00:00,13.874,13.898,13.826,13.886,127136.0
2023-12-18 05:00:00,13.888,13.895,13.81,13.855,104495.0
2023-12-18 06:00:00,13.855,13.997,13.837,13.968,175064.0
2023-12-18 07:00:00,13.969,13.974,13.843,13.875,180874.0
2023-12-18 08:00:00,13.874,14.361,13.771,14.195,990669.0
2023-12-18 09:00:00,14.194,14.354,13.921,14.222,993751.0
2023-12-18 10:00:00,14.222,14.316,13.907,14.207,1442771.0
2023-12-18 11:00:00,14.206,14.437,14.11,14.179,673041.0
2023-12-18 12:00:00,14.179,14.279,13.981,13.989,430140.0
2023-12-18 13:00:00,13.989,14.244,13.963,14.183,726298.0
2023-12-18 14:00:00,14.182,14.374,14.152,14.223,455511.0
2023-12-18 15:00:00,14.225,14.226,13.978,13.992,319413.0
2023-12-18 16:00:00,13.991,14.099,13.843,14.093,424855.0
2023-12-18 17:00:00,14.093,14.294,14.035,14.235,357174.0
2023-12-18 18:00:00,14.232,14.265,14.171,14.262,145880.0
2023-12-18 19:00:00,14.263,14.39,14.229,14.306,261792.0
2023-12-18 20:00:00,14.302,14.488,14.25,14.436,480670.0
2023-12-18 21:00:00,14.432,14.65,14.432,14.597,412287.0
2023-12-18 22:00:00,14.597,14.626,14.533,14.582,177674.0
2023-12-18 23:00:00,14.582,14.679,14.567,14.668,137390.0
2023-12-19 00:00:00,14.666,14.688,14.527,14.564,227701.0
2023-12-19 01:00:00,14.565,14.779,14.528,14.753,234451.0
2023-12-19 02:00:00,14.753,14.806,14.705,14.707,252271.0
2023-12-19 03:00:00,14.707,14.708,14.63,14.642,147036.0
2023-12-19 04:00:00,14.643,14.698,14.575,14.613,111189.0
2023-12-19 05:00:00,14.618,14.635,14.567,14.611,102871.0
2023-12-19 06:00:00,14.612,14.624,14.532,14.548,167436.0
2023-12-19 07:00:00,14.552,14.638,14.536,14.596,136596.0
2023-12-19 08:00:00,14.597,14.643,14.558,14.56,152106.0
2023-12-19 09:00:00,14.563,14.662,14.452,14.551,257444.0
2023-12-19 10:00:00,14.553,14.614,14.474,14.592,141578.0
2023-12-19 11:00:00,14.59,14.624,14.531,14.551,125082.0
2023-12-19 12:00:00,14.553,14.579,14.381,14.431,190246.0
2023-12-19 13:00:00,14.432,14.513,14.409,14.432,108821.0
2023-12-19 14:00:00,14.432,14.458,14.164,14.191,503504.0
2023-12-19 15:00:00,14.192,14.327,14.11,14.237,305188.0
2023-12-19 16:00:00,14.238,14.323,14.207,14.235,110621.0
2023-12-19 17:00:00,14.241,14.257,13.951,13.977,404118.0
2023-12-19 18:00:00,13.972,14.168,13.923,14.144,328506.0
2023-12-19 19:00:00,14.144,14.215,14.03,14.083,186147.0
2023-12-19 20:00:00,14.077,14.154,13.989,14.014,140849.0
2023-12-19 21:00:00,14.016,14.15,14.008,14.134,104839.0
2023-12-19 22:00:00,14.133,14.143,14.012,14.051,129573.0
2023-12-19 23:00:00,14.051,14.12,13.971,14.099,117446.0
2023-12-20 00:00:00,14.101,14.215,14.062,14.193,170981.0
2023-12-20 01:00:00,14.19,14.215,14.018,14.077,173437.0
2023-12-20 02:00:00,14.078,14.149,13.978,14.145,145159.0
2023-12-20 03:00:00,14.148,14.167,14.083,14.145,75022.0
2023-12-20 04:00:00,14.145,14.29,14.118,14.273,154246.0
2023-12-20 05:00:00,14.272,14.282,14.194,14.252,106073.0
2023-12-20 06:00:00,14.255,14.399,14.218,14.341,181050.0
2023-12-20 07:00:00,14.347,14.447,14.297,14.429,112390.0
2023-12-20 08:00:00,14.426,14.472,14.383,14.441,111145.0
2023-12-20 09:00:00,14.444,14.522,14.391,14.454,140461.0
2023-12-20 10:00:00,14.456,14.482,14.375,14.424,97592.0
2023-12-20 11:00:00,14.428,14.431,14.321,14.402,133614.0
2023-12-20 12:00:00,14.404,14.462,14.326,14.438,149935.0
2023-12-20 13:00:00,14.439,14.723,14.439,14.718,397122.0
2023-12-20 14:00:00,14.718,14.794,14.627,14.657,400342.0
2023-12-20 15:00:00,14.656,14.811,14.621,14.715,374288.0
2023-12-20 16:00:00,14.717,14.74,14.507,14.576,333369.0
2023-12-20 17:00:00,14.574,14.667,14.554,14.622,258783.0
2023-12-20 18:00:00,14.623,14.685,14.599,14.622,248833.0
2023-12-20 19:00:00,14.624,14.657,14.327,14.338,465331.0
2023-12-20 20:00:00,14.341,14.363,14.032,14.131,717515.0
2023-12-20 21:00:00,14.132,14.265,14.063,14.126,203053.0
2023-12-20 22:00:00,14.127,14.225,14.095,14.159,149681.0
2023-12-20 23:00:00,14.16,14.255,14.109,14.253,122500.0
2023-12-21 00:00:00,14.254,14.347,14.201,14.276,172615.0
2023-12-21 01:00:00,14.278,14.335,14.184,14.335,187004.0
2023-12-21 02:00:00,14.335,14.354,14.228,14.278,155990.0
2023-12-21 03:00:00,14.277,14.33,14.248,14.301,100381.0
2023-12-21 04:00:00,14.297,14.335,14.267,14.297,86457.0
2023-12-21 05:00:00,14.298,14.404,14.214,14.238,369393.0
2023-12-21 06:00:00,14.24,14.437,14.218,14.42,177001.0
2023-12-21 07:00:00,14.421,14.477,14.384,14.442,195842.0
2023-12-21 08:00:00,14.442,14.633,14.442,14.52,265669.0
2023-12-21 09:00:00,14.521,14.633,14.478,14.626,243951.0
2023-12-21 10:00:00,14.626,14.821,14.604,14.778,630833.0
2023-12-21 11:00:00,14.772,15.093,14.763,15.092,594227.0
2023-12-21 12:00:00,15.091,15.18,14.902,14.932,474263.0
2023-12-21 13:00:00,14.933,14.993,14.805,14.972,366557.0
2023-12-21 14:00:00,14.98,14.989,14.719,14.731,561087.0
2023-12-21 15:00:00,14.738,15.02,14.615,14.976,567619.0
2023-12-21 16:00:00,14.975,15.118,14.901,15.108,553221.0
2023-12-21 17:00:00,15.106,15.199,14.962,14.996,573098.0
2023-12-21 18:00:00,14.996,15.121,14.967,15.012,290108.0
2023-12-21 19:00:00,15.016,15.099,14.928,14.97,344669.0
2023-12-21 20:00:00,14.972,15.088,14.93,15.079,226657.0
2023-12-21 21:00:00,15.08,15.123,14.944,15.101,200351.0
2023-12-21 22:00:00,15.101,15.271,15.049,15.232,222888.0
2023-12-21 23:00:00,15.232,15.316,15.159,15.307,251914.0
2023-12-22 00:00:00,15.307,15.53,15.287,15.349,513224.0
2023-12-22 01:00:00,15.349,15.539,15.318,15.382,285087.0
2023-12-22 02:00:00,15.38,15.461,15.215,15.27,449658.0
2023-12-22 03:00:00,15.272,15.324,15.171,15.305,274215.0
2023-12-22 04:00:00,15.303,15.491,15.259,15.487,210228.0
2023-12-22 05:00:00,15.487,15.537,15.418,15.531,201411.0
2023-12-22 06:00:00,15.529,15.746,15.254,15.319,909225.0
2023-12-22 07:00:00,15.323,15.402,15.06,15.18,768539.0
2023-12-22 08:00:00,15.176,15.415,15.103,15.133,428147.0
2023-12-22 09:00:00,15.139,15.29,15.055,15.201,341754.0
2023-12-22 10:00:00,15.2,15.265,15.115,15.134,190244.0
2023-12-22 11:00:00,15.134,15.34,15.11,15.328,148969.0
2023-12-22 12:00:00,15.328,15.354,15.125,15.134,296736.0
2023-12-22 13:00:00,15.134,15.409,15.105,15.404,342227.0
2023-12-22 14:00:00,15.407,15.512,15.15,15.511,470020.0
2023-12-22 15:00:00,15.51,15.69,15.467,15.479,484251.0
2023-12-22 16:00:00,15.477,15.703,15.382,15.547,492898.0
2023-12-22 17:00:00,15.547,15.649,15.478,15.505,154711.0
2023-12-22 18:00:00,15.505,15.617,15.489,15.501,146357.0
2023-12-22 19:00:00,15.5,15.507,15.301,15.32,149445.0
2023-12-22 20:00:00,15.318,15.473,15.316,15.418,149175.0
2023-12-22 21:00:00,15.417,15.469,15.368,15.424,93927.0
2023-12-22 22:00:00,15.422,15.46,15.349,15.37,67697.0
2023-12-22 23:00:00,15.371,15.517,15.335,15.485,204814.0
2023-12-23 00:00:00,15.485,15.541,15.266,15.293,331356.0
2023-12-23 01:00:00,15.29,15.336,15.024,15.075,326804.0
2023-12-23 02:00:00,15.074,15.169,14.985,14.999,264415.0
2023-12-23 03:00:00,14.999,15.08,14.866,14.985,249871.0
2023-12-23 04:00:00,14.985,15.052,14.895,15.036,238644.0
2023-12-23 05:00:00,15.04,15.095,15.022,15.082,107881.0
2023-12-23 06:00:00,15.082,15.145,15.047,15.133,103501.0
2023-12-23 07:00:00,15.13,15.135,15.012,15.022,83927.0
2023-12-23 08:00:00,15.022,15.11,14.975,15.103,131292.0
2023-12-23 09:00:00,15.103,15.121,15.04,15.094,88323.0
2023-12-23 10:00:00,15.094,15.34,15.093,15.22,540687.0
2023-12-23 11:00:00,15.22,15.304,15.159,15.271,136834.0
2023-12-23 12:00:00,15.273,15.522,15.228,15.503,361614.0
2023-12-23 13:00:00,15.504,15.758,15.503,15.717,614237.0
2023-12-23 14:00:00,15.723,15.733,15.556,15.569,271650.0
2023-12-23 15:00:00,15.566,15.878,15.544,15.823,507938.0
2023-12-23 16:00:00,15.825,15.912,15.728,15.776,433649.0
2023-12-23 17:00:00,15.773,15.836,15.714,15.748,186404.0
2023-12-23 18:00:00,15.75,15.898,15.676,15.85,249368.0
2023-12-23 19:00:00,15.847,15.875,15.5,15.623,416073.0
2023-12-23 20:00:00,15.625,15.662,15.46,15.504,254595.0
2023-12-23 21:00:00,15.503,15.538,15.432,15.454,166159.0
2023-12-23 22:00:00,15.457,15.692,15.445,15.656,172828.0
2023-12-23 23:00:00,15.656,15.782,15.645,15.68,228899.0
2023-12-24 00:00:00,15.679,15.696,15.54,15.577,254642.0
2023-12-24 01:00:00,15.575,15.847,15.572,15.768,298672.0
2023-12-24 02:00:00,15.763,15.928,15.666,15.717,321998.0
2023-12-24 03:00:00,15.712,15.775,15.629,15.652,203089.0
2023-12-24 04:00:00,15.652,15.804,15.572,15.659,272902.0
2023-12-24 05:00:00,15.664,15.674,15.292,15.482,397572.0
2023-12-24 06:00:00,15.479,15.521,15.344,15.469,382592.0
2023-12-24 07:00:00,15.469,15.557,15.433,15.539,190400.0
2023-12-24 08:00:00,15.539,15.57,15.44,15.559,138292.0
2023-12-24 09:00:00,15.56,15.684,15.522,15.669,187329.0
2023-12-24 10:00:00,15.666,15.823,15.426,15.657,515219.0
2023-12-24 11:00:00,15.658,15.821,15.572,15.686,407953.0
2023-12-24 12:00:00,15.683,15.785,15.579,15.75,259216.0
2023-12-24 13:00:00,15.751,15.853,15.682,15.837,185876.0
2023-12-24 14:00:00,15.837,15.923,15.651,15.729,344407.0
2023-12-24 15:00:00,15.729,15.911,15.721,15.796,219868.0
2023-12-24 16:00:00,15.797,15.838,15.672,15.797,210520.0
2023-12-24 17:00:00,15.795,15.806,15.68,15.742,155421.0
2023-12-24 18:00:00,15.739,15.846,15.71,15.814,150016.0
2023-12-24 19:00:00,15.812,15.983,15.729,15.859,256756.0
2023-12-24 20:00:00,15.859,15.932,15.516,15.623,422605.0
2023-12-24 21:00:00,15.623,15.736,15.527,15.557,144129.0
2023-12-24 22:00:00,15.558,15.581,15.082,15.314,714379.0
2023-12-24 23:00:00,15.314,15.381,15.229,15.264,201076.0
2023-12-25 00:00:00,15.265,15.365,15.124,15.218,222953.0
2023-12-25 01:00:00,15.217,15.355,15.215,15.33,127624.0
2023-12-25 02:00:00,15.328,15.387,15.238,15.367,104241.0
2023-12-25 03:00:00,15.367,15.444,15.334,15.431,110699.0
2023-12-25 04:00:00,15.432,15.495,15.41,15.45,121002.0
2023-12-25 05:00:00,15.449,15.554,15.438,15.534,113090.0
2023-12-25 06:00:00,15.534,15.566,15.416,15.455,106985.0
2023-12-25 07:00:00,15.45,15.459,15.362,15.398,130712.0
2023-12-25 08:00:00,15.398,15.512,15.28,15.29,210851.0
2023-12-25 09:00:00,15.288,15.346,15.243,15.291,173951.0
2023-12-25 10:00:00,15.291,15.329,15.21,15.257,417818.0
2023-12-25 11:00:00,15.256,15.305,15.14,15.24,249292.0
2023-12-25 12:00:00,15.24,15.425,15.171,15.404,343771.0
2023-12-25 13:00:00,15.404,15.467,15.334,15.414,406262.0
2023-12-25 14:00:00,15.416,15.567,15.367,15.564,351065.0
2023-12-25 15:00:00,15.564,15.663,15.471,15.547,497489.0
2023-12-25 16:00:00,15.546,15.561,15.287,15.359,426464.0
2023-12-25 17:00:00,15.36,15.466,15.343,15.397,137867.0
2023-12-25 18:00:00,15.397,15.5,15.352,15.389,144023.0
2023-12-25 19:00:00,15.39,15.438,15.354,15.392,76630.0
2023-12-25 20:00:00,15.392,15.433,15.189,15.323,307844.0
2023-12-25 21:00:00,15.322,15.45,15.274,15.444,246717.0
2023-12-25 22:00:00,15.442,15.765,15.427,15.7,313572.0
2023-12-25 23:00:00,15.701,15.733,15.585,15.589,105112.0
2023-12-26 00:00:00,15.594,15.625,15.494,15.52,154556.0
2023-12-26 01:00:00,15.523,15.655,15.498,15.572,164599.0
2023-12-26 02:00:00,15.572,15.709,15.567,15.633,110190.0
2023-12-26 03:00:00,15.633,15.923,15.591,15.764,388292.0
2023-12-26 04:00:00,15.766,15.847,15.705,15.765,176017.0
2023-12-26 05:00:00,15.766,15.776,15.161,15.215,744101.0
2023-12-26 06:00:00,15.212,15.294,15.083,15.151,406766.0
2023-12-26 07:00:00,15.148,15.328,15.063,15.298,229432.0
2023-12-26 08:00:00,15.3,15.335,15.177,15.248,200207.0
2023-12-26 09:00:00,15.249,15.285,15.034,15.123,320242.0
2023-12-26 10:00:00,15.123,15.346,15.084,15.342,219385.0
2023-12-26 11:00:00,15.341,15.436,15.27,15.405,144587.0
2023-12-26 12:00:00,15.407,15.454,15.35,15.454,141923.0
2023-12-26 13:00:00,15.455,15.501,15.318,15.346,198765.0
2023-12-26 14:00:00,15.347,15.436,15.229,15.275,286062.0
2023-12-26 15:00:00,15.276,15.305,15.056,15.073,361423.0
2023-12-26 16:00:00,15.074,15.195,15.027,15.131,221888.0
2023-12-26 17:00:00,15.132,15.139,14.212,14.735,1290572.0
2023-12-26 18:00:00,14.735,14.851,14.662,14.839,275665.0
2023-12-26 19:00:00,14.84,14.91,14.773,14.835,169142.0
2023-12-26 20:00:00,14.836,15.042,14.829,14.99,296435.0
2023-12-26 21:00:00,14.993,15.101,14.961,15.007,160399.0
2023-12-26 22:00:00,15.007,15.106,14.983,15.07,125793.0
2023-12-26 23:00:00,15.07,15.111,15.016,15.095,162705.0
2023-12-27 00:00:00,15.096,15.107,14.919,14.947,262606.0
2023-12-27 01:00:00,14.947,14.998,14.877,14.953,107849.0
2023-12-27 02:00:00,14.955,14.966,14.693,14.744,214770.0
2023-12-27 03:00:00,14.74,14.834,14.647,14.739,163996.0
2023-12-27 04:00:00,14.74,14.847,14.732,14.828,100363.0
2023-12-27 05:00:00,14.83,14.921,14.781,14.913,112547.0
2023-12-27 06:00:00,14.91,14.99,14.865,14.914,120980.0
2023-12-27 07:00:00,14.914,14.956,14.861,14.895,75349.0
2023-12-27 08:00:00,14.895,15.115,14.879,15.081,176745.0
2023-12-27 09:00:00,15.082,15.25,15.073,15.246,150466.0
2023-12-27 10:00:00,15.246,15.515,15.223,15.451,348165.0
2023-12-27 11:00:00,15.45,15.478,15.346,15.462,151986.0
2023-12-27 12:00:00,15.463,15.597,15.387,15.466,301650.0
2023-12-27 13:00:00,15.466,15.647,15.409,15.575,284444.0
2023-12-27 14:00:00,15.575,15.886,15.501,15.843,664584.0
2023-12-27 15:00:00,15.836,16.379,15.832,16.158,1937539.0
2023-12-27 16:00:00,16.158,16.687,16.156,16.513,1110739.0
2023-12-27 17:00:00,16.515,16.519,16.222,16.23,655116.0
2023-12-27 18:00:00,16.234,16.339,16.123,16.221,270657.0
2023-12-27 19:00:00,16.221,16.327,16.193,16.325,370872.0
2023-12-27 20:00:00,16.327,16.429,16.289,16.355,238742.0
2023-12-27 21:00:00,16.352,16.484,16.307,16.458,156500.0
2023-12-27 22:00:00,16.457,16.634,16.43,16.627,217149.0
2023-12-27 23:00:00,16.633,16.751,16.494,16.72,335501.0
2023-12-28 00:00:00,16.722,17.432,16.657,17.221,1249249.0
2023-12-28 01:00:00,17.222,17.679,17.051,17.525,1150786.0
2023-12-28 02:00:00,17.528,17.557,17.117,17.317,643881.0
2023-12-28 03:00:00,17.318,17.52,17.106,17.438,486819.0
2023-12-28 04:00:00,17.44,17.521,17.181,17.298,441437.0
2023-12-28 05:00:00,17.301,17.59,17.141,17.47,558286.0
2023-12-28 06:00:00,17.471,17.482,16.714,16.879,859256.0
2023-12-28 07:00:00,16.882,16.958,16.7,16.947,592374.0
2023-12-28 08:00:00,16.947,17.235,16.916,17.155,680886.0
2023-12-28 09:00:00,17.152,17.303,16.905,16.935,483840.0
2023-12-28 10:00:00,16.936,17.179,16.886,17.035,455292.0
2023-12-28 11:00:00,17.04,17.332,16.966,17.32,296371.0
2023-12-28 12:00:00,17.321,17.331,16.658,16.687,871089.0
2023-12-28 13:00:00,16.693,16.957,16.549,16.833,601823.0
2023-12-28 14:00:00,16.835,16.866,16.105,16.291,1307133.0
2023-12-28 15:00:00,16.291,16.413,16.081,16.164,543263.0
2023-12-28 16:00:00,16.162,16.35,16.113,16.235,373711.0
2023-12-28 17:00:00,16.234,16.398,16.177,16.227,236620.0
2023-12-28 18:00:00,16.226,16.341,16.148,16.255,138754.0
2023-12-28 19:00:00,16.257,16.526,16.241,16.476,213398.0
2023-12-28 20:00:00,16.478,16.513,16.291,16.446,265362.0
2023-12-28 21:00:00,16.446,16.523,16.068,16.085,244135.0
2023-12-28 22:00:00,16.088,16.185,15.987,16.185,160444.0
2023-12-28 23:00:00,16.186,16.199,15.972,16.012,208784.0
2023-12-29 00:00:00,16.011,16.127,15.81,15.845,454188.0
2023-12-29 01:00:00,15.842,15.882,15.535,15.731,668161.0
2023-12-29 02:00:00,15.731,15.856,15.659,15.842,188318.0
2023-12-29 03:00:00,15.845,16.06,15.842,15.943,270412.0
2023-12-29 04:00:00,15.944,16.023,15.923,16.001,172192.0
2023-12-29 05:00:00,16.002,16.007,15.843,15.955,151146.0
2023-12-29 06:00:00,15.957,16.033,15.884,15.913,126860.0
2023-12-29 07:00:00,15.913,15.988,15.675,15.73,200906.0
2023-12-29 08:00:00,15.731,15.954,15.721,15.94,182654.0
2023-12-29 09:00:00,15.945,16.14,15.863,16.099,235443.0
2023-12-29 10:00:00,16.097,16.19,16.061,16.075,197951.0
2023-12-29 11:00:00,16.075,16.229,16.045,16.172,185891.0
2023-12-29 12:00:00,16.173,16.221,16.014,16.087,199602.0
2023-12-29 13:00:00,16.088,16.129,15.838,15.98,315502.0
2023-12-29 14:00:00,15.98,16.196,15.822,16.194,351232.0
2023-12-29 15:00:00,16.196,16.206,15.45,15.591,748868.0
2023-12-29 16:00:00,15.595,15.67,15.201,15.242,706828.0
2023-12-29 17:00:00,15.244,15.403,15.188,15.335,402231.0
2023-12-29 18:00:00,15.335,15.552,15.319,15.535,182669.0
2023-12-29 19:00:00,15.535,15.645,15.481,15.589,114753.0
2023-12-29 20:00:00,15.588,15.588,15.436,15.53,140290.0
2023-12-29 21:00:00,15.53,15.623,15.365,15.409,173540.0
2023-12-29 22:00:00,15.41,15.439,15.108,15.37,239159.0
2023-12-29 23:00:00,15.37,15.546,15.37,15.544,104688.0
2023-12-30 00:00:00,15.545,15.578,15.489,15.541,56864.0
2023-12-30 01:00:00,15.541,15.637,15.47,15.478,215410.0
2023-12-30 02:00:00,15.481,15.487,15.255,15.286,226008.0
2023-12-30 03:00:00,15.286,15.35,15.213,15.292,98763.0
2023-12-30 04:00:00,15.292,15.408,15.288,15.357,75104.0
2023-12-30 05:00:00,15.356,15.486,15.327,15.477,74062.0
2023-12-30 06:00:00,15.476,15.489,15.38,15.389,58535.0
2023-12-30 07:00:00,15.39,15.443,15.283,15.312,71753.0
2023-12-30 08:00:00,15.312,15.332,15.059,15.08,183936.0
2023-12-30 09:00:00,15.087,15.187,15.012,15.15,190930.0
2023-12-30 10:00:00,15.153,15.221,15.102,15.202,95885.0
2023-12-30 11:00:00,15.203,15.219,15.129,15.143,79748.0
2023-12-30 12:00:00,15.148,15.262,15.136,15.182,86184.0
2023-12-30 13:00:00,15.184,15.224,15.104,15.185,79768.0
2023-12-30 14:00:00,15.183,15.32,15.176,15.314,127840.0
2023-12-30 15:00:00,15.316,15.41,15.261,15.378,149525.0
2023-12-30 16:00:00,15.378,15.491,15.315,15.345,139435.0
2023-12-30 17:00:00,15.346,15.393,15.262,15.332,98518.0
2023-12-30 18:00:00,15.331,15.356,15.239,15.293,54887.0
2023-12-30 19:00:00,15.294,15.302,15.218,15.261,84999.0
2023-12-30 20:00:00,15.26,15.325,15.217,15.226,62395.0
2023-12-30 21:00:00,15.226,15.256,15.138,15.206,58218.0
2023-12-30 22:00:00,15.207,15.234,15.055,15.093,74671.0
2023-12-30 23:00:00,15.092,15.243,15.086,15.167,79402.0
2023-12-31 00:00:00,15.171,15.347,15.16,15.297,102972.0
