timestamp,open,high,low,close,volume
2022-12-31 00:00:00,5.477,5.479,5.383,5.422,780934.0
2022-12-31 04:00:00,5.421,5.469,5.413,5.459,420225.0
2022-12-31 08:00:00,5.46,5.589,5.452,5.575,729080.0
2022-12-31 12:00:00,5.575,5.628,5.557,5.587,727345.0
2022-12-31 16:00:00,5.586,5.598,5.541,5.586,334360.0
2022-12-31 20:00:00,5.586,5.603,5.536,5.574,268394.0
2023-01-01 00:00:00,5.575,5.581,5.513,5.552,436115.0
2023-01-01 04:00:00,5.552,5.554,5.504,5.53,375634.0
2023-01-01 08:00:00,5.53,5.591,5.511,5.575,415725.0
2023-01-01 12:00:00,5.575,5.599,5.55,5.595,354117.0
2023-01-01 16:00:00,5.595,5.638,5.582,5.605,498400.0
2023-01-01 20:00:00,5.605,5.64,5.605,5.629,225300.0
2023-01-02 00:00:00,5.629,5.662,5.546,5.626,843972.0
2023-01-02 04:00:00,5.627,5.739,5.599,5.681,986161.0
2023-01-02 08:00:00,5.682,5.727,5.659,5.694,605417.0
2023-01-02 12:00:00,5.694,5.715,5.654,5.7,461166.0
2023-01-02 16:00:00,5.699,5.74,5.683,5.729,451500.0
2023-01-02 20:00:00,5.73,5.762,5.67,5.693,346367.0
2023-01-03 00:00:00,5.691,5.715,5.639,5.679,344718.0
2023-01-03 04:00:00,5.678,5.722,5.648,5.686,557408.0
2023-01-03 08:00:00,5.686,5.694,5.631,5.664,494832.0
2023-01-03 12:00:00,5.664,5.712,5.588,5.633,955469.0
2023-01-03 16:00:00,5.632,5.649,5.564,5.597,492442.0
2023-01-03 20:00:00,5.596,5.629,5.571,5.622,275888.0
2023-01-04 00:00:00,5.622,5.816,5.611,5.79,1221050.0
2023-01-04 04:00:00,5.79,5.838,5.76,5.8,923468.0
2023-01-04 08:00:00,5.799,5.824,5.758,5.766,528752.0
2023-01-04 12:00:00,5.767,5.846,5.72,5.812,939519.0
2023-01-04 16:00:00,5.812,5.857,5.745,5.77,1001310.0
2023-01-04 20:00:00,5.769,5.815,5.707,5.809,338736.0
2023-01-05 00:00:00,5.808,5.817,5.741,5.762,419655.0
2023-01-05 04:00:00,5.765,5.802,5.729,5.764,585398.0
2023-01-05 08:00:00,5.765,5.765,5.684,5.721,535006.0
2023-01-05 12:00:00,5.72,5.739,5.662,5.716,712841.0
2023-01-05 16:00:00,5.716,5.763,5.704,5.752,377494.0
2023-01-05 20:00:00,5.752,5.758,5.602,5.66,906536.0
2023-01-06 00:00:00,5.66,5.682,5.616,5.636,603750.0
2023-01-06 04:00:00,5.635,5.641,5.575,5.618,595278.0
2023-01-06 08:00:00,5.62,5.63,5.578,5.606,401388.0
2023-01-06 12:00:00,5.606,5.659,5.517,5.652,1397249.0
2023-01-06 16:00:00,5.652,5.726,5.631,5.714,603909.0
2023-01-06 20:00:00,5.714,5.729,5.672,5.711,489347.0
2023-01-07 00:00:00,5.712,5.805,5.691,5.769,998367.0
2023-01-07 04:00:00,5.769,5.789,5.736,5.778,479332.0
2023-01-07 08:00:00,5.779,5.782,5.743,5.762,462718.0
2023-01-07 12:00:00,5.763,5.824,5.757,5.816,612817.0
2023-01-07 16:00:00,5.816,5.837,5.777,5.803,634592.0
2023-01-07 20:00:00,5.803,5.845,5.774,5.83,451317.0
2023-01-08 00:00:00,5.83,5.846,5.753,5.82,739406.0
2023-01-08 04:00:00,5.821,5.884,5.808,5.828,694542.0
2023-01-08 08:00:00,5.828,5.875,5.783,5.784,659449.0
2023-01-08 12:00:00,5.784,5.862,5.775,5.849,507502.0
2023-01-08 16:00:00,5.851,5.863,5.783,5.827,408422.0
2023-01-08 20:00:00,5.826,5.998,5.821,5.965,935672.0
2023-01-09 00:00:00,5.963,6.139,5.934,6.09,2069148.0
2023-01-09 04:00:00,6.091,6.141,6.073,6.127,819704.0
2023-01-09 08:00:00,6.127,6.236,6.11,6.155,1352259.0
2023-01-09 12:00:00,6.157,6.23,6.079,6.204,1131772.0
2023-01-09 16:00:00,6.204,6.257,6.103,6.103,1050649.0
2023-01-09 20:00:00,6.102,6.124,6.012,6.066,1107349.0
2023-01-10 00:00:00,6.067,6.135,5.97,6.081,1036663.0
2023-01-10 04:00:00,6.08,6.11,6.058,6.076,545772.0
2023-01-10 08:00:00,6.077,6.17,6.054,6.109,623515.0
2023-01-10 12:00:00,6.108,6.163,6.062,6.14,893676.0
2023-01-10 16:00:00,6.14,6.302,6.114,6.24,1083028.0
2023-01-10 20:00:00,6.24,6.245,6.106,6.165,834049.0
2023-01-11 00:00:00,6.165,6.208,6.055,6.1,946090.0
2023-01-11 04:00:00,6.1,6.141,6.068,6.138,568887.0
2023-01-11 08:00:00,6.138,6.141,6.089,6.112,578690.0
2023-01-11 12:00:00,6.111,6.128,6.014,6.04,955165.0
2023-01-11 16:00:00,6.039,6.18,6.013,6.173,775787.0
2023-01-11 20:00:00,6.174,6.303,6.133,6.283,1183451.0
2023-01-12 00:00:00,6.283,6.397,6.277,6.341,1462817.0
2023-01-12 04:00:00,6.343,6.378,6.261,6.318,998749.0
2023-01-12 08:00:00,6.318,6.319,6.236,6.256,714568.0
2023-01-12 12:00:00,6.255,6.345,5.992,6.2,2901927.0
2023-01-12 16:00:00,6.199,6.415,6.178,6.368,1773580.0
2023-01-12 20:00:00,6.369,6.413,6.339,6.388,743340.0
2023-01-13 00:00:00,6.388,6.413,6.29,6.39,745009.0
2023-01-13 04:00:00,6.391,6.402,6.319,6.344,559240.0
2023-01-13 08:00:00,6.344,6.421,6.316,6.329,864453.0
2023-01-13 12:00:00,6.329,6.356,6.256,6.349,1038981.0
2023-01-13 16:00:00,6.349,6.406,6.282,6.397,844327.0
2023-01-13 20:00:00,6.397,6.622,6.387,6.606,1656083.0
2023-01-14 00:00:00,6.605,6.942,6.588,6.826,3390730.0
2023-01-14 04:00:00,6.824,7.068,6.774,7.001,2141762.0
2023-01-14 08:00:00,7.001,7.116,6.414,6.727,5175371.0
2023-01-14 12:00:00,6.725,6.911,6.637,6.797,2620767.0
2023-01-14 16:00:00,6.799,6.845,6.718,6.791,1380828.0
2023-01-14 20:00:00,6.79,6.889,6.763,6.861,921098.0
2023-01-15 00:00:00,6.861,6.892,6.664,6.723,1803914.0
2023-01-15 04:00:00,6.724,6.803,6.69,6.743,671268.0
2023-01-15 08:00:00,6.743,6.749,6.597,6.703,1021083.0
2023-01-15 12:00:00,6.702,6.89,6.662,6.888,822432.0
2023-01-15 16:00:00,6.889,6.933,6.726,6.73,1256660.0
2023-01-15 20:00:00,6.73,6.735,6.634,6.698,916876.0
2023-01-16 00:00:00,6.698,6.883,6.63,6.77,1715064.0
2023-01-16 04:00:00,6.771,6.956,6.763,6.843,1523276.0
2023-01-16 08:00:00,6.845,6.845,6.469,6.62,2544623.0
2023-01-16 12:00:00,6.62,6.644,6.398,6.564,2320375.0
2023-01-16 16:00:00,6.561,6.842,6.526,6.749,1705743.0
2023-01-16 20:00:00,6.751,6.785,6.638,6.673,1004723.0
2023-01-17 00:00:00,6.673,6.735,6.537,6.675,1409609.0
2023-01-17 04:00:00,6.673,6.774,6.652,6.722,857795.0
2023-01-17 08:00:00,6.721,6.757,6.657,6.729,545648.0
2023-01-17 12:00:00,6.728,6.842,6.646,6.717,1799384.0
2023-01-17 16:00:00,6.715,6.903,6.627,6.865,1335391.0
2023-01-17 20:00:00,6.867,7.001,6.789,6.806,2057733.0
2023-01-18 00:00:00,6.805,6.985,6.77,6.923,1156264.0
2023-01-18 04:00:00,6.922,6.945,6.817,6.856,722282.0
2023-01-18 08:00:00,6.857,6.859,6.693,6.751,1017282.0
2023-01-18 12:00:00,6.751,6.939,6.349,6.544,3585898.0
2023-01-18 16:00:00,6.543,6.629,6.231,6.48,4173114.0
2023-01-18 20:00:00,6.481,6.494,6.313,6.329,1257433.0
2023-01-19 00:00:00,6.33,6.438,6.324,6.412,806642.0
2023-01-19 04:00:00,6.412,6.465,6.409,6.437,452659.0
2023-01-19 08:00:00,6.44,6.46,6.357,6.376,636751.0
2023-01-19 12:00:00,6.376,6.446,6.314,6.405,994892.0
2023-01-19 16:00:00,6.406,6.504,6.35,6.495,864887.0
2023-01-19 20:00:00,6.495,6.543,6.469,6.506,548537.0
2023-01-20 00:00:00,6.507,6.552,6.46,6.486,513317.0
2023-01-20 04:00:00,6.485,6.523,6.417,6.455,366005.0
2023-01-20 08:00:00,6.454,6.495,6.423,6.463,281708.0
2023-01-20 12:00:00,6.464,6.562,6.451,6.531,643530.0
2023-01-20 16:00:00,6.531,6.697,6.518,6.689,933785.0
2023-01-20 20:00:00,6.69,6.976,6.689,6.949,1983402.0
2023-01-21 00:00:00,6.949,7.052,6.871,7.04,1780578.0
2023-01-21 04:00:00,7.042,7.104,6.992,6.999,826783.0
2023-01-21 08:00:00,7.001,7.116,6.799,6.946,2826031.0
2023-01-21 12:00:00,6.945,6.995,6.874,6.906,1429856.0
2023-01-21 16:00:00,6.905,7.026,6.902,7.017,961786.0
2023-01-21 20:00:00,7.019,7.1,6.818,6.853,1146833.0
2023-01-22 00:00:00,6.855,6.911,6.776,6.873,973395.0
2023-01-22 04:00:00,6.872,6.939,6.862,6.892,429999.0
2023-01-22 08:00:00,6.892,6.926,6.858,6.876,484706.0
2023-01-22 12:00:00,6.875,7.238,6.828,7.037,2137023.0
2023-01-22 16:00:00,7.039,7.277,6.964,7.065,2051884.0
2023-01-22 20:00:00,7.064,7.096,6.817,6.985,2161616.0
2023-01-23 00:00:00,6.986,7.238,6.972,7.083,1748918.0
2023-01-23 04:00:00,7.086,7.133,6.983,7.035,788637.0
2023-01-23 08:00:00,7.036,7.149,7.001,7.139,777005.0
2023-01-23 12:00:00,7.139,7.164,6.82,7.014,3166398.0
2023-01-23 16:00:00,7.014,7.124,6.927,6.965,1467644.0
2023-01-23 20:00:00,6.965,7.108,6.919,7.015,915073.0
2023-01-24 00:00:00,7.015,7.183,6.956,7.178,1097738.0
2023-01-24 04:00:00,7.179,7.18,7.09,7.169,484174.0
2023-01-24 08:00:00,7.171,7.202,7.059,7.124,1039391.0
2023-01-24 12:00:00,7.125,7.148,6.971,7.047,1127649.0
2023-01-24 16:00:00,7.049,7.061,6.866,6.995,717161.0
2023-01-24 20:00:00,6.992,7.004,6.529,6.661,1868627.0
2023-01-25 00:00:00,6.659,6.69,6.507,6.69,1513885.0
2023-01-25 04:00:00,6.689,6.8,6.673,6.792,535786.0
2023-01-25 08:00:00,6.792,6.816,6.652,6.699,488826.0
2023-01-25 12:00:00,6.699,6.788,6.613,6.692,952955.0
2023-01-25 16:00:00,6.693,6.832,6.657,6.822,425414.0
2023-01-25 20:00:00,6.823,7.1,6.807,6.955,1458156.0
2023-01-26 00:00:00,6.955,7.035,6.929,6.936,587153.0
2023-01-26 04:00:00,6.936,7.02,6.882,6.901,738512.0
2023-01-26 08:00:00,6.903,6.935,6.822,6.888,491585.0
2023-01-26 12:00:00,6.887,7.134,6.837,6.96,1645463.0
2023-01-26 16:00:00,6.959,7.133,6.891,7.129,873774.0
2023-01-26 20:00:00,7.128,7.315,7.122,7.171,1348538.0
2023-01-27 00:00:00,7.173,7.308,6.92,7.028,1939533.0
2023-01-27 04:00:00,7.029,7.277,7.029,7.272,890118.0
2023-01-27 08:00:00,7.271,7.376,7.171,7.219,1491764.0
2023-01-27 12:00:00,7.218,7.288,7.1,7.194,1720628.0
2023-01-27 16:00:00,7.193,7.454,7.188,7.404,938860.0
2023-01-27 20:00:00,7.404,7.498,7.309,7.382,930915.0
2023-01-28 00:00:00,7.382,7.512,7.354,7.416,799145.0
2023-01-28 04:00:00,7.417,7.448,7.278,7.329,630234.0
2023-01-28 08:00:00,7.33,7.392,7.283,7.305,534547.0
2023-01-28 12:00:00,7.306,7.306,7.155,7.245,987232.0
2023-01-28 16:00:00,7.244,7.274,7.188,7.241,477297.0
2023-01-28 20:00:00,7.243,7.244,7.119,7.212,429519.0
2023-01-29 00:00:00,7.21,7.417,7.145,7.309,918999.0
2023-01-29 04:00:00,7.309,7.377,7.291,7.324,399715.0
2023-01-29 08:00:00,7.324,7.433,7.318,7.388,626906.0
2023-01-29 12:00:00,7.388,7.402,7.316,7.35,644775.0
2023-01-29 16:00:00,7.35,7.524,7.266,7.453,1322249.0
2023-01-29 20:00:00,7.453,7.455,7.353,7.375,409067.0
2023-01-30 00:00:00,7.375,7.439,7.256,7.328,634566.0
2023-01-30 04:00:00,7.328,7.371,7.201,7.217,599756.0
2023-01-30 08:00:00,7.217,7.248,6.95,6.997,2275580.0
2023-01-30 12:00:00,6.994,7.093,6.964,7.025,551586.0
2023-01-30 16:00:00,7.021,7.103,6.731,6.894,1389020.0
2023-01-30 20:00:00,6.893,6.915,6.782,6.913,581002.0
2023-01-31 00:00:00,6.914,7.005,6.893,6.966,544404.0
2023-01-31 04:00:00,6.967,7.044,6.907,7.034,522016.0
2023-01-31 08:00:00,7.035,7.045,6.886,6.931,586919.0
2023-01-31 12:00:00,6.932,7.012,6.9,6.99,521941.0
2023-01-31 16:00:00,6.993,7.073,6.986,7.059,353489.0
2023-01-31 20:00:00,7.06,7.064,6.85,6.953,697343.0
2023-02-01 00:00:00,6.951,6.984,6.917,6.945,316070.0
2023-02-01 04:00:00,6.943,6.959,6.795,6.859,449367.0
2023-02-01 08:00:00,6.86,6.861,6.751,6.842,470607.0
2023-02-01 12:00:00,6.843,6.906,6.714,6.76,849902.0
2023-02-01 16:00:00,6.76,7.065,6.667,7.006,1754115.0
2023-02-01 20:00:00,7.007,7.279,7.006,7.219,1405029.0
2023-02-02 00:00:00,7.218,7.341,7.202,7.307,1032038.0
2023-02-02 04:00:00,7.307,7.357,7.221,7.238,473022.0
2023-02-02 08:00:00,7.24,7.304,7.229,7.292,361763.0
2023-02-02 12:00:00,7.292,7.326,7.161,7.292,956739.0
2023-02-02 16:00:00,7.29,7.49,7.26,7.302,1138434.0
2023-02-02 20:00:00,7.301,7.369,7.034,7.101,901647.0
2023-02-03 00:00:00,7.105,7.169,7.01,7.09,778129.0
2023-02-03 04:00:00,7.09,7.147,7.073,7.109,481026.0
2023-02-03 08:00:00,7.11,7.227,7.07,7.217,484544.0
2023-02-03 12:00:00,7.221,7.343,7.07,7.288,1286163.0
2023-02-03 16:00:00,7.29,7.328,7.211,7.217,481000.0
2023-02-03 20:00:00,7.215,7.313,7.177,7.295,345274.0
2023-02-04 00:00:00,7.295,7.322,7.159,7.176,593737.0
2023-02-04 04:00:00,7.171,7.211,7.121,7.204,408235.0
2023-02-04 08:00:00,7.202,7.235,7.186,7.207,250145.0
2023-02-04 12:00:00,7.211,7.31,7.195,7.264,458550.0
2023-02-04 16:00:00,7.265,7.367,7.218,7.32,581278.0
2023-02-04 20:00:00,7.32,7.343,7.176,7.241,430934.0
2023-02-05 00:00:00,7.24,7.252,7.146,7.208,504554.0
2023-02-05 04:00:00,7.209,7.235,7.191,7.21,222989.0
2023-02-05 08:00:00,7.209,7.245,7.163,7.179,236810.0
2023-02-05 12:00:00,7.179,7.198,6.881,7.001,1259035.0
2023-02-05 16:00:00,7.001,7.021,6.91,6.97,746222.0
2023-02-05 20:00:00,6.968,6.998,6.855,6.983,440605.0
2023-02-06 00:00:00,6.984,7.04,6.91,6.955,491746.0
2023-02-06 04:00:00,6.956,7.017,6.853,7.015,603332.0
2023-02-06 08:00:00,7.016,7.029,6.906,6.966,407177.0
2023-02-06 12:00:00,6.966,7.046,6.917,7.042,511908.0
2023-02-06 16:00:00,7.043,7.065,6.946,7.002,781612.0
2023-02-06 20:00:00,7.003,7.003,6.763,6.832,632662.0
2023-02-07 00:00:00,6.83,6.95,6.813,6.935,488957.0
2023-02-07 04:00:00,6.935,6.98,6.922,6.932,364897.0
2023-02-07 08:00:00,6.932,7.048,6.905,7.028,630871.0
2023-02-07 12:00:00,7.029,7.059,6.947,6.973,565899.0
2023-02-07 16:00:00,6.972,7.15,6.907,7.078,1325584.0
2023-02-07 20:00:00,7.078,7.213,7.054,7.198,486730.0
2023-02-08 00:00:00,7.197,7.291,7.183,7.207,551866.0
2023-02-08 04:00:00,7.207,7.287,7.168,7.255,469530.0
2023-02-08 08:00:00,7.253,7.258,7.156,7.227,411469.0
2023-02-08 12:00:00,7.227,7.303,7.085,7.09,1104631.0
2023-02-08 16:00:00,7.089,7.174,6.947,7.082,1055007.0
2023-02-08 20:00:00,7.08,7.142,7.003,7.133,464535.0
2023-02-09 00:00:00,7.134,7.28,6.859,6.942,2158650.0
2023-02-09 04:00:00,6.941,7.471,6.865,7.449,3081887.0
2023-02-09 08:00:00,7.449,7.821,7.412,7.527,8497800.0
2023-02-09 12:00:00,7.531,7.793,7.501,7.599,4904521.0
2023-02-09 16:00:00,7.601,7.725,7.213,7.323,6036451.0
2023-02-09 20:00:00,7.323,7.388,6.805,6.981,4396555.0
2023-02-10 00:00:00,6.982,7.12,6.91,6.954,2000255.0
2023-02-10 04:00:00,6.95,6.988,6.769,6.965,2146172.0
2023-02-10 08:00:00,6.963,7.008,6.88,6.946,1530409.0
2023-02-10 12:00:00,6.948,7.039,6.815,6.888,2309614.0
2023-02-10 16:00:00,6.892,7.034,6.817,7.003,1398830.0
2023-02-10 20:00:00,7.003,7.024,6.828,6.887,1144272.0
2023-02-11 00:00:00,6.886,6.955,6.864,6.91,808767.0
2023-02-11 04:00:00,6.911,6.926,6.852,6.916,347481.0
2023-02-11 08:00:00,6.916,6.93,6.876,6.915,465469.0
2023-02-11 12:00:00,6.916,7.004,6.88,6.977,855541.0
2023-02-11 16:00:00,6.979,6.984,6.877,6.92,498579.0
2023-02-11 20:00:00,6.921,7.037,6.904,7.003,365149.0
2023-02-12 00:00:00,7.002,7.017,6.936,6.943,459466.0
2023-02-12 04:00:00,6.943,6.964,6.916,6.94,461061.0
2023-02-12 08:00:00,6.937,7.018,6.927,6.968,541595.0
2023-02-12 12:00:00,6.97,6.997,6.903,6.979,854077.0
2023-02-12 16:00:00,6.98,7.089,6.964,6.987,815764.0
2023-02-12 20:00:00,6.987,7.008,6.673,6.809,1031904.0
2023-02-13 00:00:00,6.81,6.847,6.597,6.723,1489439.0
2023-02-13 04:00:00,6.724,6.795,6.708,6.775,693090.0
2023-02-13 08:00:00,6.775,6.775,6.419,6.558,2596899.0
2023-02-13 12:00:00,6.559,6.618,6.535,6.562,732868.0
2023-02-13 16:00:00,6.566,6.614,6.426,6.597,1363903.0
2023-02-13 20:00:00,6.597,6.681,6.563,6.669,492448.0
2023-02-14 00:00:00,6.67,6.681,6.613,6.618,361475.0
2023-02-14 04:00:00,6.619,6.654,6.605,6.647,295800.0
2023-02-14 08:00:00,6.648,6.693,6.601,6.625,577260.0
2023-02-14 12:00:00,6.625,6.825,6.528,6.751,2443564.0
2023-02-14 16:00:00,6.752,6.811,6.655,6.802,760009.0
2023-02-14 20:00:00,6.802,6.831,6.763,6.806,397107.0
2023-02-15 00:00:00,6.806,6.821,6.726,6.782,516754.0
2023-02-15 04:00:00,6.782,6.8,6.756,6.774,395035.0
2023-02-15 08:00:00,6.772,6.855,6.745,6.847,625424.0
2023-02-15 12:00:00,6.849,6.936,6.848,6.916,1297068.0
2023-02-15 16:00:00,6.915,7.073,6.886,7.072,774691.0
2023-02-15 20:00:00,7.074,7.315,7.063,7.284,1936137.0
2023-02-16 00:00:00,7.284,7.392,7.242,7.343,1562054.0
2023-02-16 04:00:00,7.343,7.348,7.236,7.286,1157200.0
2023-02-16 08:00:00,7.284,7.328,7.227,7.256,498869.0
2023-02-16 12:00:00,7.256,7.394,7.138,7.385,1713779.0
2023-02-16 16:00:00,7.385,7.493,7.211,7.312,2130651.0
2023-02-16 20:00:00,7.315,7.318,6.986,7.012,2016911.0
2023-02-17 00:00:00,7.014,7.227,6.97,7.194,989181.0
2023-02-17 04:00:00,7.195,7.277,7.154,7.205,951328.0
2023-02-17 08:00:00,7.207,7.299,7.181,7.29,1166030.0
2023-02-17 12:00:00,7.289,7.372,7.226,7.329,1604560.0
2023-02-17 16:00:00,7.329,7.591,7.279,7.487,2165880.0
2023-02-17 20:00:00,7.488,7.72,7.396,7.656,1677285.0
2023-02-18 00:00:00,7.654,7.741,7.58,7.614,1120781.0
2023-02-18 04:00:00,7.615,7.694,7.559,7.593,557512.0
2023-02-18 08:00:00,7.597,7.645,7.502,7.639,1025734.0
2023-02-18 12:00:00,7.638,8.258,7.633,8.188,6984460.0
2023-02-18 16:00:00,8.186,8.258,7.942,8.045,2239924.0
2023-02-18 20:00:00,8.045,8.088,7.975,7.989,680232.0
2023-02-19 00:00:00,7.99,8.08,7.941,8.02,1213368.0
2023-02-19 04:00:00,8.02,8.286,7.961,8.12,2246470.0
2023-02-19 08:00:00,8.117,8.257,8.031,8.168,1305746.0
2023-02-19 12:00:00,8.167,8.295,8.063,8.144,2276754.0
2023-02-19 16:00:00,8.145,8.223,7.857,7.888,2352173.0
2023-02-19 20:00:00,7.889,8.05,7.818,8.019,1048402.0
2023-02-20 00:00:00,8.015,8.083,7.724,8.009,1595562.0
2023-02-20 04:00:00,8.01,8.386,8.007,8.371,2024663.0
2023-02-20 08:00:00,8.37,8.42,8.062,8.138,2496521.0
2023-02-20 12:00:00,8.138,8.198,8.068,8.129,1415523.0
2023-02-20 16:00:00,8.129,8.132,7.945,8.027,1133875.0
2023-02-20 20:00:00,8.029,8.042,7.912,8.017,842334.0
2023-02-21 00:00:00,8.018,8.082,7.95,7.964,740564.0
2023-02-21 04:00:00,7.964,8.016,7.901,7.976,461311.0
2023-02-21 08:00:00,7.976,8.019,7.724,7.76,1851875.0
2023-02-21 12:00:00,7.76,7.812,7.662,7.742,1194364.0
2023-02-21 16:00:00,7.743,7.776,7.624,7.694,803095.0
2023-02-21 20:00:00,7.695,7.706,7.5,7.642,1260424.0
2023-02-22 00:00:00,7.643,7.733,7.365,7.545,2087694.0
2023-02-22 04:00:00,7.545,7.559,7.38,7.483,874245.0
2023-02-22 08:00:00,7.483,7.486,7.313,7.47,1085511.0
2023-02-22 12:00:00,7.469,7.557,7.312,7.362,1269746.0
2023-02-22 16:00:00,7.361,7.602,7.295,7.571,1342131.0
2023-02-22 20:00:00,7.57,7.72,7.53,7.716,504455.0
2023-02-23 00:00:00,7.718,7.968,7.672,7.888,1765995.0
2023-02-23 04:00:00,7.889,7.976,7.858,7.919,1308378.0
2023-02-23 08:00:00,7.916,8.073,7.784,7.856,3021510.0
2023-02-23 12:00:00,7.855,8.213,7.761,7.972,3897483.0
2023-02-23 16:00:00,7.972,8.029,7.709,7.893,1835864.0
2023-02-23 20:00:00,7.893,7.969,7.785,7.935,555457.0
2023-02-24 00:00:00,7.935,8.035,7.875,8.023,1023821.0
2023-02-24 04:00:00,8.023,8.154,7.932,8.102,1624987.0
2023-02-24 08:00:00,8.102,8.135,7.867,7.885,1080800.0
2023-02-24 12:00:00,7.885,7.921,7.545,7.59,2118156.0
2023-02-24 16:00:00,7.59,7.695,7.411,7.675,2105656.0
2023-02-24 20:00:00,7.676,7.717,7.195,7.465,1909855.0
2023-02-25 00:00:00,7.466,7.494,7.363,7.384,693291.0
2023-02-25 04:00:00,7.386,7.425,7.315,7.408,537455.0
2023-02-25 08:00:00,7.408,7.439,7.338,7.368,585887.0
2023-02-25 12:00:00,7.369,7.371,7.25,7.35,825791.0
2023-02-25 16:00:00,7.348,7.401,7.203,7.321,886837.0
2023-02-25 20:00:00,7.32,7.396,7.169,7.376,1178753.0
2023-02-26 00:00:00,7.375,7.423,7.295,7.417,490976.0
2023-02-26 04:00:00,7.417,7.43,7.353,7.405,350351.0
2023-02-26 08:00:00,7.406,7.441,7.367,7.437,486008.0
2023-02-26 12:00:00,7.436,7.443,7.361,7.381,394047.0
2023-02-26 16:00:00,7.381,7.492,7.303,7.485,482861.0
2023-02-26 20:00:00,7.482,7.546,7.405,7.498,654795.0
2023-02-27 00:00:00,7.497,7.509,7.42,7.432,466473.0
2023-02-27 04:00:00,7.432,7.439,7.326,7.335,590254.0
2023-02-27 08:00:00,7.332,7.349,7.22,7.29,889168.0
2023-02-27 12:00:00,7.291,7.469,7.24,7.368,974646.0
2023-02-27 16:00:00,7.37,7.39,7.122,7.197,1213230.0
2023-02-27 20:00:00,7.191,7.294,7.141,7.276,481221.0
2023-02-28 00:00:00,7.276,7.31,7.219,7.294,526119.0
2023-02-28 04:00:00,7.297,7.362,7.226,7.263,1112993.0
2023-02-28 08:00:00,7.262,7.332,7.22,7.327,626031.0
2023-02-28 12:00:00,7.323,7.421,7.323,7.408,994825.0
2023-02-28 16:00:00,7.408,7.424,7.244,7.261,581168.0
2023-02-28 20:00:00,7.261,7.3,7.079,7.198,1055091.0
2023-03-01 00:00:00,7.199,7.357,7.143,7.352,831176.0
2023-03-01 04:00:00,7.354,7.431,7.328,7.397,713223.0
2023-03-01 08:00:00,7.396,7.504,7.381,7.474,781739.0
2023-03-01 12:00:00,7.474,7.509,7.393,7.429,838871.0
2023-03-01 16:00:00,7.429,7.447,7.335,7.358,566187.0
2023-03-01 20:00:00,7.356,7.549,7.336,7.538,618224.0
2023-03-02 00:00:00,7.537,7.584,7.35,7.392,865571.0
2023-03-02 04:00:00,7.392,7.452,7.307,7.356,573959.0
2023-03-02 08:00:00,7.356,7.369,7.264,7.324,499488.0
2023-03-02 12:00:00,7.325,7.332,7.163,7.229,960746.0
2023-03-02 16:00:00,7.227,7.3,7.168,7.275,498291.0
2023-03-02 20:00:00,7.275,7.284,7.228,7.275,260486.0
2023-03-03 00:00:00,7.275,7.275,6.633,6.812,4045974.0
2023-03-03 04:00:00,6.812,6.885,6.791,6.867,559488.0
2023-03-03 08:00:00,6.867,6.914,6.849,6.895,395283.0
2023-03-03 12:00:00,6.893,6.954,6.849,6.899,656382.0
2023-03-03 16:00:00,6.9,6.946,6.868,6.923,442400.0
2023-03-03 20:00:00,6.923,6.963,6.855,6.958,316512.0
2023-03-04 00:00:00,6.959,7.011,6.91,6.918,428356.0
2023-03-04 04:00:00,6.918,6.938,6.857,6.912,321026.0
2023-03-04 08:00:00,6.912,6.974,6.894,6.972,438085.0
2023-03-04 12:00:00,6.973,6.974,6.903,6.927,485628.0
2023-03-04 16:00:00,6.926,6.949,6.816,6.837,443760.0
2023-03-04 20:00:00,6.84,6.863,6.707,6.86,941279.0
2023-03-05 00:00:00,6.86,7.0,6.808,6.943,1041701.0
2023-03-05 04:00:00,6.944,6.978,6.905,6.92,348816.0
2023-03-05 08:00:00,6.92,6.967,6.892,6.933,344990.0
2023-03-05 12:00:00,6.933,6.978,6.928,6.952,196126.0
2023-03-05 16:00:00,6.951,6.966,6.916,6.962,208048.0
2023-03-05 20:00:00,6.962,7.021,6.903,6.95,463709.0
2023-03-06 00:00:00,6.949,6.973,6.819,6.872,869602.0
2023-03-06 04:00:00,6.873,6.903,6.825,6.884,333517.0
2023-03-06 08:00:00,6.884,6.914,6.843,6.877,250492.0
2023-03-06 12:00:00,6.876,6.968,6.845,6.965,353927.0
2023-03-06 16:00:00,6.966,6.983,6.877,6.894,424291.0
2023-03-06 20:00:00,6.893,6.927,6.846,6.858,437618.0
2023-03-07 00:00:00,6.858,6.975,6.833,6.945,539636.0
2023-03-07 04:00:00,6.946,6.963,6.899,6.902,249117.0
2023-03-07 08:00:00,6.9,6.904,6.77,6.806,508820.0
2023-03-07 12:00:00,6.805,6.861,6.68,6.81,1330068.0
2023-03-07 16:00:00,6.809,6.826,6.7,6.711,545749.0
2023-03-07 20:00:00,6.705,6.899,6.663,6.884,574235.0
2023-03-08 00:00:00,6.886,6.951,6.85,6.876,776248.0
2023-03-08 04:00:00,6.878,6.916,6.768,6.787,781959.0
2023-03-08 08:00:00,6.79,6.848,6.753,6.798,504498.0
2023-03-08 12:00:00,6.798,6.817,6.588,6.716,1356987.0
2023-03-08 16:00:00,6.716,6.739,6.563,6.611,642430.0
2023-03-08 20:00:00,6.611,6.71,6.486,6.577,1116673.0
2023-03-09 00:00:00,6.578,6.633,6.531,6.611,514620.0
2023-03-09 04:00:00,6.612,6.65,6.586,6.599,291438.0
2023-03-09 08:00:00,6.6,6.611,6.535,6.604,496128.0
2023-03-09 12:00:00,6.604,6.693,6.574,6.604,599050.0
2023-03-09 16:00:00,6.604,6.63,6.259,6.299,2153207.0
2023-03-09 20:00:00,6.298,6.3,6.0,6.156,2623129.0
2023-03-10 00:00:00,6.157,6.189,6.046,6.168,1134467.0
2023-03-10 04:00:00,6.167,6.206,6.103,6.17,921653.0
2023-03-10 08:00:00,6.171,6.181,5.883,6.061,1969944.0
2023-03-10 12:00:00,6.061,6.261,6.038,6.212,1772358.0
2023-03-10 16:00:00,6.21,6.267,6.141,6.222,730831.0
2023-03-10 20:00:00,6.229,6.261,6.145,6.214,672569.0
2023-03-11 00:00:00,6.213,6.389,6.195,6.239,1283254.0
2023-03-11 04:00:00,6.239,6.241,5.956,6.001,1347401.0
2023-03-11 08:00:00,5.997,6.126,5.948,6.021,1213321.0
2023-03-11 12:00:00,6.021,6.053,5.932,5.968,697465.0
2023-03-11 16:00:00,5.967,6.112,5.924,6.104,1910707.0
2023-03-11 20:00:00,6.104,6.185,6.095,6.176,1363333.0
2023-03-12 00:00:00,6.176,6.197,6.123,6.171,387041.0
2023-03-12 04:00:00,6.172,6.198,6.138,6.169,317983.0
2023-03-12 08:00:00,6.17,6.179,6.105,6.142,546477.0
2023-03-12 12:00:00,6.141,6.156,6.08,6.116,608549.0
2023-03-12 16:00:00,6.115,6.364,6.102,6.262,1422336.0
2023-03-12 20:00:00,6.263,6.586,6.255,6.564,1733539.0
2023-03-13 00:00:00,6.564,6.72,6.535,6.581,1869304.0
2023-03-13 04:00:00,6.581,6.664,6.578,6.635,711128.0
2023-03-13 08:00:00,6.636,6.644,6.432,6.468,911793.0
2023-03-13 12:00:00,6.469,6.888,6.394,6.763,2729682.0
2023-03-13 16:00:00,6.765,6.809,6.682,6.736,865290.0
2023-03-13 20:00:00,6.737,6.802,6.693,6.764,496107.0
2023-03-14 00:00:00,6.763,6.777,6.681,6.755,676916.0
2023-03-14 04:00:00,6.756,6.801,6.653,6.685,676907.0
2023-03-14 08:00:00,6.687,6.745,6.61,6.68,834954.0
2023-03-14 12:00:00,6.68,7.206,6.642,7.152,3381828.0
2023-03-14 16:00:00,7.151,7.164,6.819,6.996,1878926.0
2023-03-14 20:00:00,6.998,7.02,6.743,6.96,925851.0
2023-03-15 00:00:00,6.96,7.067,6.879,7.048,846791.0
2023-03-15 04:00:00,7.049,7.115,7.01,7.086,636797.0
2023-03-15 08:00:00,7.086,7.087,6.691,6.814,1150079.0
2023-03-15 12:00:00,6.813,6.903,6.549,6.581,1899363.0
2023-03-15 16:00:00,6.581,6.596,6.382,6.548,1571596.0
2023-03-15 20:00:00,6.548,6.627,6.487,6.549,875152.0
2023-03-16 00:00:00,6.549,6.608,6.447,6.57,956173.0
2023-03-16 04:00:00,6.571,6.644,6.499,6.619,710484.0
2023-03-16 08:00:00,6.62,6.665,6.538,6.636,699349.0
2023-03-16 12:00:00,6.636,6.64,6.466,6.624,857780.0
2023-03-16 16:00:00,6.621,6.681,6.548,6.643,555385.0
2023-03-16 20:00:00,6.639,6.677,6.52,6.655,365154.0
2023-03-17 00:00:00,6.654,6.917,6.598,6.917,903461.0
2023-03-17 04:00:00,6.918,6.958,6.814,6.917,664959.0
2023-03-17 08:00:00,6.915,7.13,6.881,7.125,849564.0
2023-03-17 12:00:00,7.127,7.205,6.957,6.999,1647161.0
2023-03-17 16:00:00,7.0,7.117,6.97,7.075,849420.0
2023-03-17 20:00:00,7.076,7.26,7.029,7.21,851251.0
2023-03-18 00:00:00,7.209,7.303,7.089,7.249,1170101.0
2023-03-18 04:00:00,7.249,7.278,7.173,7.251,533968.0
2023-03-18 08:00:00,7.25,7.271,7.144,7.227,791970.0
2023-03-18 12:00:00,7.227,7.261,6.96,7.027,1303551.0
2023-03-18 16:00:00,7.027,7.096,6.839,7.034,1331380.0
2023-03-18 20:00:00,7.035,7.103,6.883,6.924,475727.0
2023-03-19 00:00:00,6.921,7.101,6.918,7.092,476619.0
2023-03-19 04:00:00,7.091,7.111,6.967,7.048,333287.0
2023-03-19 08:00:00,7.05,7.126,7.001,7.1,725288.0
2023-03-19 12:00:00,7.102,7.199,7.045,7.151,820523.0
2023-03-19 16:00:00,7.147,7.287,7.142,7.211,871747.0
2023-03-19 20:00:00,7.212,7.231,7.043,7.083,817377.0
2023-03-20 00:00:00,7.084,7.203,6.962,6.987,1500704.0
2023-03-20 04:00:00,6.985,7.181,6.902,7.169,1037602.0
2023-03-20 08:00:00,7.171,7.4,7.114,7.29,2012746.0
2023-03-20 12:00:00,7.29,7.429,7.213,7.351,1788740.0
2023-03-20 16:00:00,7.347,7.446,7.043,7.109,1842144.0
2023-03-20 20:00:00,7.11,7.223,6.999,7.054,827211.0
2023-03-21 00:00:00,7.053,7.199,7.01,7.117,770017.0
2023-03-21 04:00:00,7.117,7.16,6.858,6.886,1388675.0
2023-03-21 08:00:00,6.886,7.12,6.834,7.099,1137368.0
2023-03-21 12:00:00,7.099,7.368,7.084,7.263,1441043.0
2023-03-21 16:00:00,7.263,7.347,7.165,7.279,912570.0
2023-03-21 20:00:00,7.282,7.474,7.266,7.38,1038066.0
2023-03-22 00:00:00,7.378,7.506,7.273,7.463,1364404.0
2023-03-22 04:00:00,7.462,7.573,7.404,7.479,1483195.0
2023-03-22 08:00:00,7.48,7.574,7.386,7.483,1493874.0
2023-03-22 12:00:00,7.482,7.716,7.461,7.6,2823109.0
2023-03-22 16:00:00,7.6,7.616,7.012,7.04,3512801.0
2023-03-22 20:00:00,7.04,7.192,7.002,7.171,1051440.0
2023-03-23 00:00:00,7.174,7.202,7.088,7.133,793449.0
2023-03-23 04:00:00,7.136,7.286,7.121,7.276,531885.0
2023-03-23 08:00:00,7.275,7.45,7.275,7.343,1023509.0
2023-03-23 12:00:00,7.343,7.629,7.306,7.576,1718369.0
2023-03-23 16:00:00,7.58,7.637,7.414,7.52,1074501.0
2023-03-23 20:00:00,7.519,7.637,7.481,7.608,650649.0
2023-03-24 00:00:00,7.607,7.655,7.509,7.52,716095.0
2023-03-24 04:00:00,7.519,7.538,7.445,7.478,412418.0
2023-03-24 08:00:00,7.476,7.478,7.198,7.242,1388572.0
2023-03-24 12:00:00,7.241,7.416,7.23,7.328,1176308.0
2023-03-24 16:00:00,7.328,7.349,7.141,7.286,1042118.0
2023-03-24 20:00:00,7.288,7.293,7.101,7.196,692574.0
2023-03-25 00:00:00,7.196,7.253,7.156,7.217,347120.0
2023-03-25 04:00:00,7.218,7.238,7.137,7.148,331797.0
2023-03-25 08:00:00,7.148,7.154,7.054,7.114,558591.0
2023-03-25 12:00:00,7.114,7.15,7.043,7.132,409777.0
2023-03-25 16:00:00,7.131,7.15,6.972,6.993,555581.0
2023-03-25 20:00:00,6.987,7.086,6.971,7.074,250301.0
2023-03-26 00:00:00,7.074,7.171,7.048,7.132,467135.0
2023-03-26 04:00:00,7.131,7.19,7.117,7.14,231421.0
2023-03-26 08:00:00,7.142,7.248,7.129,7.216,497260.0
2023-03-26 12:00:00,7.218,7.289,7.156,7.186,490418.0
2023-03-26 16:00:00,7.186,7.254,7.132,7.235,270985.0
2023-03-26 20:00:00,7.237,7.289,7.181,7.263,263001.0
2023-03-27 00:00:00,7.261,7.273,7.134,7.172,355144.0
2023-03-27 04:00:00,7.172,7.19,7.102,7.128,321774.0
2023-03-27 08:00:00,7.125,7.209,7.11,7.175,320749.0
2023-03-27 12:00:00,7.177,7.205,6.747,6.882,1743549.0
2023-03-27 16:00:00,6.885,6.93,6.807,6.819,684162.0
2023-03-27 20:00:00,6.821,6.881,6.78,6.869,431903.0
2023-03-28 00:00:00,6.868,6.887,6.768,6.818,666118.0
2023-03-28 04:00:00,6.82,6.918,6.813,6.862,372066.0
2023-03-28 08:00:00,6.863,6.874,6.75,6.855,843797.0
2023-03-28 12:00:00,6.855,6.889,6.805,6.86,624946.0
2023-03-28 16:00:00,6.858,7.044,6.773,7.011,926038.0
2023-03-28 20:00:00,7.014,7.029,6.894,6.947,451123.0
2023-03-29 00:00:00,6.949,6.997,6.926,6.987,502777.0
2023-03-29 04:00:00,6.988,7.181,6.98,7.167,1105609.0
2023-03-29 08:00:00,7.169,7.359,7.159,7.293,1147684.0
2023-03-29 12:00:00,7.292,7.379,7.227,7.356,1269172.0
2023-03-29 16:00:00,7.356,7.387,7.277,7.364,677142.0
2023-03-29 20:00:00,7.366,7.496,7.334,7.385,970188.0
2023-03-30 00:00:00,7.386,7.559,7.27,7.397,2228562.0
2023-03-30 04:00:00,7.396,7.532,7.371,7.381,1288402.0
2023-03-30 08:00:00,7.381,7.413,7.282,7.38,728318.0
2023-03-30 12:00:00,7.38,7.388,7.24,7.264,989826.0
2023-03-30 16:00:00,7.266,7.267,7.13,7.226,956917.0
2023-03-30 20:00:00,7.228,7.281,7.188,7.233,621278.0
2023-03-31 00:00:00,7.232,7.39,7.226,7.386,772604.0
2023-03-31 04:00:00,7.386,7.536,7.296,7.514,1383537.0
2023-03-31 08:00:00,7.516,7.591,7.393,7.48,1171668.0
2023-03-31 12:00:00,7.481,7.673,7.466,7.579,1690601.0
2023-03-31 16:00:00,7.579,7.643,7.514,7.609,871220.0
2023-03-31 20:00:00,7.61,7.666,7.583,7.59,447712.0
2023-04-01 00:00:00,7.589,7.636,7.54,7.576,495032.0
2023-04-01 04:00:00,7.576,7.606,7.481,7.568,423233.0
2023-04-01 08:00:00,7.568,7.6,7.512,7.521,461005.0
2023-04-01 12:00:00,7.521,7.55,7.455,7.496,400464.0
2023-04-01 16:00:00,7.495,7.527,7.43,7.497,386854.0
2023-04-01 20:00:00,7.497,7.559,7.497,7.549,361582.0
2023-04-02 00:00:00,7.55,7.55,7.444,7.505,320927.0
2023-04-02 04:00:00,7.505,7.528,7.479,7.508,301619.0
2023-04-02 08:00:00,7.508,7.518,7.433,7.44,352037.0
2023-04-02 12:00:00,7.44,7.444,7.26,7.325,927785.0
2023-04-02 16:00:00,7.322,7.373,7.201,7.235,453919.0
2023-04-02 20:00:00,7.235,7.291,7.193,7.253,483566.0
2023-04-03 00:00:00,7.254,7.269,7.061,7.145,732450.0
2023-04-03 04:00:00,7.145,7.256,7.116,7.254,411898.0
2023-04-03 08:00:00,7.254,7.386,7.25,7.298,950240.0
2023-04-03 12:00:00,7.298,7.374,7.214,7.279,774561.0
2023-04-03 16:00:00,7.281,7.438,7.207,7.359,946035.0
2023-04-03 20:00:00,7.363,7.376,7.024,7.243,1337341.0
2023-04-04 00:00:00,7.243,7.308,7.201,7.251,658700.0
2023-04-04 04:00:00,7.251,7.318,7.23,7.254,538390.0
2023-04-04 08:00:00,7.257,7.433,7.239,7.398,961169.0
2023-04-04 12:00:00,7.4,7.423,7.316,7.364,794469.0
2023-04-04 16:00:00,7.365,7.435,7.336,7.418,522463.0
2023-04-04 20:00:00,7.419,7.477,7.348,7.369,414040.0
2023-04-05 00:00:00,7.37,7.601,7.334,7.595,1013053.0
2023-04-05 04:00:00,7.6,7.607,7.533,7.55,429524.0
2023-04-05 08:00:00,7.551,7.564,7.449,7.473,627377.0
2023-04-05 12:00:00,7.473,7.5,7.215,7.295,1823877.0
2023-04-05 16:00:00,7.296,7.343,7.247,7.321,566586.0
2023-04-05 20:00:00,7.319,7.355,7.29,7.319,314814.0
2023-04-06 00:00:00,7.318,7.333,7.205,7.311,609230.0
2023-04-06 04:00:00,7.309,7.31,7.241,7.244,400374.0
2023-04-06 08:00:00,7.245,7.299,7.157,7.238,769940.0
2023-04-06 12:00:00,7.238,7.289,7.165,7.272,524931.0
2023-04-06 16:00:00,7.274,7.285,7.146,7.197,344358.0
2023-04-06 20:00:00,7.197,7.207,7.113,7.201,352659.0
2023-04-07 00:00:00,7.201,7.229,7.156,7.183,311517.0
2023-04-07 04:00:00,7.182,7.221,7.104,7.131,448341.0
2023-04-07 08:00:00,7.128,7.187,7.105,7.141,311315.0
2023-04-07 12:00:00,7.141,7.233,7.129,7.23,571428.0
2023-04-07 16:00:00,7.231,7.245,7.206,7.236,346664.0
2023-04-07 20:00:00,7.236,7.308,7.2,7.265,367178.0
2023-04-08 00:00:00,7.267,7.293,7.212,7.264,363124.0
2023-04-08 04:00:00,7.264,7.296,7.242,7.253,422449.0
2023-04-08 08:00:00,7.253,7.268,7.206,7.212,236784.0
2023-04-08 12:00:00,7.213,7.246,7.184,7.222,266173.0
2023-04-08 16:00:00,7.222,7.223,7.105,7.117,397334.0
2023-04-08 20:00:00,7.118,7.154,7.073,7.128,264313.0
2023-04-09 00:00:00,7.128,7.192,7.119,7.161,342755.0
2023-04-09 04:00:00,7.161,7.18,7.067,7.127,391303.0
2023-04-09 08:00:00,7.127,7.127,7.074,7.11,242124.0
2023-04-09 12:00:00,7.111,7.13,7.044,7.108,282314.0
2023-04-09 16:00:00,7.105,7.216,7.093,7.198,323012.0
2023-04-09 20:00:00,7.201,7.255,7.181,7.204,391118.0
2023-04-10 00:00:00,7.204,7.227,7.134,7.18,345069.0
2023-04-10 04:00:00,7.18,7.235,7.165,7.235,317711.0
2023-04-10 08:00:00,7.234,7.249,7.205,7.206,280858.0
2023-04-10 12:00:00,7.207,7.238,7.152,7.211,379986.0
2023-04-10 16:00:00,7.21,7.359,7.181,7.29,785703.0
2023-04-10 20:00:00,7.29,7.371,7.241,7.343,421265.0
2023-04-11 00:00:00,7.343,7.418,7.316,7.342,752587.0
2023-04-11 04:00:00,7.342,7.43,7.327,7.418,483089.0
2023-04-11 08:00:00,7.418,7.451,7.374,7.389,392020.0
2023-04-11 12:00:00,7.388,7.425,7.343,7.386,497333.0
2023-04-11 16:00:00,7.386,7.399,7.301,7.327,425935.0
2023-04-11 20:00:00,7.324,7.342,7.278,7.301,278436.0
2023-04-12 00:00:00,7.3,7.328,7.094,7.133,981501.0
2023-04-12 04:00:00,7.132,7.214,7.12,7.186,301223.0
2023-04-12 08:00:00,7.189,7.194,7.158,7.178,184097.0
2023-04-12 12:00:00,7.179,7.375,7.144,7.292,1424322.0
2023-04-12 16:00:00,7.292,7.306,7.14,7.184,720109.0
2023-04-12 20:00:00,7.185,7.264,7.177,7.232,389856.0
2023-04-13 00:00:00,7.233,7.248,7.173,7.22,368225.0
2023-04-13 04:00:00,7.218,7.263,7.215,7.259,371872.0
2023-04-13 08:00:00,7.259,7.417,7.257,7.366,1074140.0
2023-04-13 12:00:00,7.365,7.472,7.365,7.408,986379.0
2023-04-13 16:00:00,7.409,7.55,7.408,7.462,731150.0
2023-04-13 20:00:00,7.462,7.474,7.419,7.462,274011.0
2023-04-14 00:00:00,7.462,7.765,7.46,7.709,1965310.0
2023-04-14 04:00:00,7.708,7.904,7.703,7.767,1469725.0
2023-04-14 08:00:00,7.767,7.842,7.764,7.813,493400.0
2023-04-14 12:00:00,7.813,7.826,7.543,7.551,1992329.0
2023-04-14 16:00:00,7.548,7.76,7.531,7.759,1034634.0
2023-04-14 20:00:00,7.759,7.812,7.724,7.741,565894.0
2023-04-15 00:00:00,7.741,7.758,7.615,7.647,634085.0
2023-04-15 04:00:00,7.647,7.717,7.619,7.706,425234.0
2023-04-15 08:00:00,7.707,7.871,7.683,7.822,957773.0
2023-04-15 12:00:00,7.821,8.001,7.771,7.965,1555289.0
2023-04-15 16:00:00,7.966,8.1,7.926,7.98,1642252.0
2023-04-15 20:00:00,7.98,8.048,7.934,8.011,447507.0
2023-04-16 00:00:00,8.01,8.169,7.953,8.005,1831716.0
2023-04-16 04:00:00,8.004,8.112,7.993,8.08,786609.0
2023-04-16 08:00:00,8.08,8.102,7.947,7.964,790774.0
2023-04-16 12:00:00,7.963,8.003,7.902,7.96,849732.0
2023-04-16 16:00:00,7.961,8.132,7.935,8.039,709202.0
2023-04-16 20:00:00,8.039,8.197,7.981,8.142,981916.0
2023-04-17 00:00:00,8.138,8.278,7.861,8.212,2612152.0
2023-04-17 04:00:00,8.212,8.305,8.104,8.11,2053843.0
2023-04-17 08:00:00,8.11,8.173,7.929,7.976,1704283.0
2023-04-17 12:00:00,7.976,8.185,7.975,8.054,2315848.0
2023-04-17 16:00:00,8.053,8.257,8.037,8.237,1088196.0
2023-04-17 20:00:00,8.24,8.28,8.132,8.162,1015962.0
2023-04-18 00:00:00,8.164,8.171,8.027,8.079,1009339.0
2023-04-18 04:00:00,8.078,8.462,8.064,8.425,1855528.0
2023-04-18 08:00:00,8.427,8.772,8.404,8.71,3658858.0
2023-04-18 12:00:00,8.71,8.797,8.57,8.724,2830876.0
2023-04-18 16:00:00,8.724,8.729,8.52,8.55,1590901.0
2023-04-18 20:00:00,8.551,8.63,8.522,8.573,859918.0
2023-04-19 00:00:00,8.579,8.602,8.479,8.571,1045140.0
2023-04-19 04:00:00,8.57,8.589,8.38,8.399,1390005.0
2023-04-19 08:00:00,8.399,8.404,7.87,8.057,5776314.0
2023-04-19 12:00:00,8.057,8.125,7.955,8.026,1796461.0
2023-04-19 16:00:00,8.028,8.088,7.904,7.959,1403257.0
2023-04-19 20:00:00,7.957,7.988,7.618,7.755,2186722.0
2023-04-20 00:00:00,7.752,7.883,7.675,7.818,1491948.0
2023-04-20 04:00:00,7.82,7.886,7.766,7.774,787953.0
2023-04-20 08:00:00,7.775,7.879,7.727,7.747,943884.0
2023-04-20 12:00:00,7.749,7.971,7.702,7.731,1978873.0
2023-04-20 16:00:00,7.729,7.737,7.461,7.527,2761940.0
2023-04-20 20:00:00,7.525,7.62,7.468,7.513,973079.0
2023-04-21 00:00:00,7.513,7.61,7.468,7.563,901066.0
2023-04-21 04:00:00,7.563,7.575,7.376,7.538,1121905.0
2023-04-21 08:00:00,7.539,7.576,7.398,7.423,826198.0
2023-04-21 12:00:00,7.425,7.476,7.33,7.38,1273709.0
2023-04-21 16:00:00,7.382,7.395,7.03,7.07,2713071.0
2023-04-21 20:00:00,7.069,7.127,7.009,7.112,1019605.0
2023-04-22 00:00:00,7.11,7.18,7.08,7.171,521785.0
2023-04-22 04:00:00,7.17,7.17,7.077,7.087,403294.0
2023-04-22 08:00:00,7.087,7.167,7.086,7.152,321206.0
2023-04-22 12:00:00,7.152,7.22,7.104,7.171,556062.0
2023-04-22 16:00:00,7.172,7.24,7.13,7.147,493430.0
2023-04-22 20:00:00,7.148,7.199,7.098,7.172,432852.0
2023-04-23 00:00:00,7.173,7.173,6.999,7.114,1132720.0
2023-04-23 04:00:00,7.115,7.138,7.081,7.13,430388.0
2023-04-23 08:00:00,7.13,7.143,7.062,7.116,474124.0
2023-04-23 12:00:00,7.116,7.132,6.923,6.989,1250962.0
2023-04-23 16:00:00,6.989,7.076,6.865,6.95,1427365.0
2023-04-23 20:00:00,6.95,7.094,6.93,7.082,639931.0
2023-04-24 00:00:00,7.082,7.222,7.044,7.154,1046593.0
2023-04-24 04:00:00,7.157,7.157,7.02,7.103,637566.0
2023-04-24 08:00:00,7.101,7.22,7.048,7.219,1241016.0
2023-04-24 12:00:00,7.219,7.271,7.083,7.089,1318227.0
2023-04-24 16:00:00,7.091,7.162,6.988,7.076,1180457.0
2023-04-24 20:00:00,7.077,7.111,7.05,7.07,379309.0
2023-04-25 00:00:00,7.071,7.099,6.965,6.984,736198.0
2023-04-25 04:00:00,6.987,7.07,6.976,6.988,647460.0
2023-04-25 08:00:00,6.989,7.078,6.949,7.051,679968.0
2023-04-25 12:00:00,7.051,7.11,6.994,7.014,698927.0
2023-04-25 16:00:00,7.014,7.144,6.996,7.083,585317.0
2023-04-25 20:00:00,7.084,7.303,7.078,7.273,967519.0
2023-04-26 00:00:00,7.273,7.333,7.194,7.216,449488.0
2023-04-26 04:00:00,7.217,7.296,7.216,7.248,430954.0
2023-04-26 08:00:00,7.249,7.419,7.241,7.384,995310.0
2023-04-26 12:00:00,7.385,7.506,7.366,7.439,1247418.0
2023-04-26 16:00:00,7.438,7.452,6.816,6.883,2798613.0
2023-04-26 20:00:00,6.882,7.04,6.677,7.004,2707305.0
2023-04-27 00:00:00,7.002,7.226,6.984,7.05,1794433.0
2023-04-27 04:00:00,7.051,7.134,6.985,7.059,928718.0
2023-04-27 08:00:00,7.057,7.096,7.015,7.053,510912.0
2023-04-27 12:00:00,7.053,7.169,6.98,7.123,1324260.0
2023-04-27 16:00:00,7.123,7.232,7.089,7.202,719328.0
2023-04-27 20:00:00,7.2,7.235,7.111,7.173,542278.0
2023-04-28 00:00:00,7.172,7.18,7.093,7.111,334864.0
2023-04-28 04:00:00,7.112,7.187,7.106,7.182,259139.0
2023-04-28 08:00:00,7.182,7.182,7.039,7.043,452262.0
2023-04-28 12:00:00,7.042,7.093,6.945,7.026,821006.0
2023-04-28 16:00:00,7.025,7.068,6.995,7.042,405488.0
2023-04-28 20:00:00,7.042,7.067,7.025,7.038,197524.0
2023-04-29 00:00:00,7.039,7.067,6.995,7.051,320202.0
2023-04-29 04:00:00,7.05,7.097,7.05,7.091,260322.0
2023-04-29 08:00:00,7.092,7.149,7.051,7.139,426748.0
2023-04-29 12:00:00,7.142,7.217,7.123,7.186,602557.0
2023-04-29 16:00:00,7.186,7.202,7.071,7.199,435504.0
2023-04-29 20:00:00,7.199,7.212,7.147,7.186,208545.0
2023-04-30 00:00:00,7.186,7.205,7.115,7.144,309862.0
2023-04-30 04:00:00,7.142,7.213,7.134,7.175,243143.0
2023-04-30 08:00:00,7.175,7.268,7.155,7.214,529031.0
2023-04-30 12:00:00,7.213,7.305,7.179,7.242,602796.0
2023-04-30 16:00:00,7.241,7.292,7.089,7.129,559832.0
2023-04-30 20:00:00,7.129,7.129,7.012,7.025,603823.0
2023-05-01 00:00:00,7.024,7.081,6.859,7.01,1564004.0
2023-05-01 04:00:00,7.008,7.033,6.946,6.997,421746.0
2023-05-01 08:00:00,6.998,7.016,6.961,6.962,317314.0
2023-05-01 12:00:00,6.963,6.979,6.87,6.91,899395.0
2023-05-01 16:00:00,6.91,6.952,6.793,6.819,917174.0
2023-05-01 20:00:00,6.818,6.908,6.799,6.898,432014.0
2023-05-02 00:00:00,6.897,6.909,6.848,6.894,293802.0
2023-05-02 04:00:00,6.893,6.936,6.874,6.925,212927.0
2023-05-02 08:00:00,6.924,6.935,6.857,6.887,298312.0
2023-05-02 12:00:00,6.888,6.958,6.8,6.91,832858.0
2023-05-02 16:00:00,6.91,7.012,6.876,6.994,429126.0
2023-05-02 20:00:00,6.996,7.007,6.965,6.986,296507.0
2023-05-03 00:00:00,6.987,6.988,6.891,6.975,442957.0
2023-05-03 04:00:00,6.975,7.003,6.943,6.975,270315.0
2023-05-03 08:00:00,6.974,6.99,6.906,6.906,297553.0
2023-05-03 12:00:00,6.908,6.919,6.818,6.869,925952.0
2023-05-03 16:00:00,6.868,7.089,6.852,6.993,1361619.0
2023-05-03 20:00:00,6.992,7.15,6.978,7.129,618480.0
2023-05-04 00:00:00,7.129,7.16,7.093,7.112,409599.0
2023-05-04 04:00:00,7.111,7.137,7.068,7.069,231702.0
2023-05-04 08:00:00,7.069,7.124,7.05,7.064,364332.0
2023-05-04 12:00:00,7.064,7.084,6.988,7.031,531972.0
2023-05-04 16:00:00,7.03,7.042,6.957,6.984,333384.0
2023-05-04 20:00:00,6.986,6.999,6.96,6.997,202769.0
2023-05-05 00:00:00,6.997,7.113,6.99,7.063,476462.0
2023-05-05 04:00:00,7.063,7.09,7.041,7.046,183276.0
2023-05-05 08:00:00,7.046,7.066,7.019,7.049,231505.0
2023-05-05 12:00:00,7.049,7.15,6.825,7.142,1304692.0
2023-05-05 16:00:00,7.141,7.26,7.14,7.249,829346.0
2023-05-05 20:00:00,7.251,7.277,7.219,7.227,248148.0
2023-05-06 00:00:00,7.227,7.28,7.146,7.163,391563.0
2023-05-06 04:00:00,7.16,7.186,7.097,7.108,423225.0
2023-05-06 08:00:00,7.11,7.11,7.014,7.087,620308.0
2023-05-06 12:00:00,7.087,7.087,6.863,6.906,1031634.0
2023-05-06 16:00:00,6.906,6.995,6.893,6.962,334845.0
2023-05-06 20:00:00,6.962,6.979,6.909,6.921,183275.0
2023-05-07 00:00:00,6.922,6.98,6.876,6.888,513197.0
2023-05-07 04:00:00,6.888,6.931,6.888,6.919,193454.0
2023-05-07 08:00:00,6.92,6.951,6.899,6.93,309232.0
2023-05-07 12:00:00,6.93,6.99,6.929,6.939,282596.0
2023-05-07 16:00:00,6.94,6.961,6.897,6.918,218315.0
2023-05-07 20:00:00,6.918,6.977,6.858,6.908,676299.0
2023-05-08 00:00:00,6.908,6.913,6.578,6.728,2031589.0
2023-05-08 04:00:00,6.729,6.741,6.586,6.628,644774.0
2023-05-08 08:00:00,6.628,6.74,6.612,6.723,451447.0
2023-05-08 12:00:00,6.724,6.762,6.666,6.718,413056.0
2023-05-08 16:00:00,6.719,6.727,6.371,6.537,2255803.0
2023-05-08 20:00:00,6.536,6.612,6.53,6.581,356620.0
2023-05-09 00:00:00,6.582,6.633,6.546,6.546,334725.0
2023-05-09 04:00:00,6.546,6.601,6.525,6.599,446791.0
2023-05-09 08:00:00,6.6,6.6,6.533,6.573,385490.0
2023-05-09 12:00:00,6.574,6.601,6.456,6.477,618563.0
2023-05-09 16:00:00,6.477,6.563,6.454,6.52,426677.0
2023-05-09 20:00:00,6.523,6.548,6.481,6.52,185643.0
2023-05-10 00:00:00,6.521,6.558,6.497,6.507,303782.0
2023-05-10 04:00:00,6.505,6.536,6.486,6.501,187916.0
2023-05-10 08:00:00,6.5,6.553,6.465,6.539,330918.0
2023-05-10 12:00:00,6.538,6.696,6.508,6.614,1010212.0
2023-05-10 16:00:00,6.614,6.639,6.283,6.572,2555536.0
2023-05-10 20:00:00,6.574,6.644,6.552,6.587,676006.0
2023-05-11 00:00:00,6.587,6.592,6.494,6.509,462984.0
2023-05-11 04:00:00,6.509,6.546,6.482,6.503,359729.0
2023-05-11 08:00:00,6.503,6.503,6.423,6.453,451059.0
2023-05-11 12:00:00,6.455,6.519,6.275,6.372,1372362.0
2023-05-11 16:00:00,6.371,6.387,6.206,6.31,1079408.0
2023-05-11 20:00:00,6.313,6.383,6.305,6.359,318760.0
2023-05-12 00:00:00,6.36,6.396,6.245,6.26,483492.0
2023-05-12 04:00:00,6.261,6.387,6.225,6.377,661278.0
2023-05-12 08:00:00,6.377,6.458,6.363,6.409,455094.0
2023-05-12 12:00:00,6.409,6.481,6.391,6.404,430263.0
2023-05-12 16:00:00,6.402,6.495,6.321,6.481,854002.0
2023-05-12 20:00:00,6.479,6.638,6.459,6.62,747980.0
2023-05-13 00:00:00,6.623,6.635,6.558,6.597,299473.0
2023-05-13 04:00:00,6.596,6.611,6.569,6.599,210338.0
2023-05-13 08:00:00,6.603,6.612,6.545,6.55,224988.0
2023-05-13 12:00:00,6.552,6.587,6.497,6.534,248383.0
2023-05-13 16:00:00,6.535,6.55,6.476,6.504,347438.0
2023-05-13 20:00:00,6.503,6.526,6.483,6.49,171310.0
2023-05-14 00:00:00,6.492,6.527,6.439,6.51,366358.0
2023-05-14 04:00:00,6.511,6.546,6.501,6.525,223065.0
2023-05-14 08:00:00,6.525,6.543,6.513,6.535,178483.0
2023-05-14 12:00:00,6.534,6.613,6.508,6.591,327747.0
2023-05-14 16:00:00,6.591,6.606,6.491,6.506,226102.0
2023-05-14 20:00:00,6.502,6.551,6.486,6.548,144390.0
2023-05-15 00:00:00,6.547,6.646,6.454,6.625,1059844.0
2023-05-15 04:00:00,6.626,6.708,6.607,6.675,556364.0
2023-05-15 08:00:00,6.676,6.703,6.634,6.637,345086.0
2023-05-15 12:00:00,6.637,6.673,6.593,6.658,335439.0
2023-05-15 16:00:00,6.658,6.702,6.621,6.68,429826.0
2023-05-15 20:00:00,6.681,6.681,6.608,6.633,335838.0
2023-05-16 00:00:00,6.634,6.67,6.551,6.624,1018553.0
2023-05-16 04:00:00,6.626,6.708,6.613,6.692,445974.0
2023-05-16 08:00:00,6.692,6.727,6.647,6.649,379968.0
2023-05-16 12:00:00,6.65,6.678,6.563,6.651,830506.0
2023-05-16 16:00:00,6.65,6.691,6.615,6.616,539300.0
2023-05-16 20:00:00,6.617,6.673,6.597,6.66,386652.0
2023-05-17 00:00:00,6.66,6.736,6.621,6.691,643822.0
2023-05-17 04:00:00,6.69,6.726,6.57,6.587,575734.0
2023-05-17 08:00:00,6.586,6.612,6.553,6.562,541328.0
2023-05-17 12:00:00,6.562,6.638,6.556,6.599,663606.0
2023-05-17 16:00:00,6.601,6.804,6.577,6.776,972329.0
2023-05-17 20:00:00,6.776,6.805,6.714,6.756,592789.0
2023-05-18 00:00:00,6.757,6.764,6.721,6.755,330512.0
2023-05-18 04:00:00,6.755,6.756,6.683,6.728,356548.0
2023-05-18 08:00:00,6.728,6.738,6.675,6.692,246040.0
2023-05-18 12:00:00,6.692,6.698,6.609,6.639,641210.0
2023-05-18 16:00:00,6.639,6.656,6.427,6.493,1342224.0
2023-05-18 20:00:00,6.491,6.563,6.46,6.528,433725.0
2023-05-19 00:00:00,6.529,6.532,6.481,6.503,445608.0
2023-05-19 04:00:00,6.502,6.533,6.474,6.528,373480.0
2023-05-19 08:00:00,6.528,6.528,6.491,6.512,293852.0
2023-05-19 12:00:00,6.508,6.558,6.453,6.511,743777.0
2023-05-19 16:00:00,6.511,6.53,6.459,6.494,361288.0
2023-05-19 20:00:00,6.494,6.52,6.484,6.511,177361.0
2023-05-20 00:00:00,6.511,6.517,6.47,6.503,280065.0
2023-05-20 04:00:00,6.503,6.503,6.47,6.485,189730.0
2023-05-20 08:00:00,6.486,6.5,6.486,6.494,113695.0
2023-05-20 12:00:00,6.496,6.507,6.484,6.498,149804.0
2023-05-20 16:00:00,6.499,6.545,6.487,6.503,305976.0
2023-05-20 20:00:00,6.503,6.515,6.479,6.503,179826.0
2023-05-21 00:00:00,6.503,6.544,6.499,6.509,205284.0
2023-05-21 04:00:00,6.508,6.524,6.503,6.508,86636.0
2023-05-21 08:00:00,6.507,6.507,6.435,6.459,287173.0
2023-05-21 12:00:00,6.459,6.498,6.351,6.42,622828.0
2023-05-21 16:00:00,6.42,6.438,6.386,6.426,292148.0
2023-05-21 20:00:00,6.426,6.442,6.361,6.432,309255.0
2023-05-22 00:00:00,6.43,6.483,6.331,6.471,971840.0
2023-05-22 04:00:00,6.47,6.48,6.436,6.473,372526.0
2023-05-22 08:00:00,6.474,6.608,6.47,6.528,851960.0
2023-05-22 12:00:00,6.529,6.588,6.495,6.511,603757.0
2023-05-22 16:00:00,6.512,6.541,6.49,6.513,365393.0
2023-05-22 20:00:00,6.513,6.541,6.503,6.532,244438.0
2023-05-23 00:00:00,6.532,6.634,6.503,6.624,709476.0
2023-05-23 04:00:00,6.624,6.632,6.539,6.55,512221.0
2023-05-23 08:00:00,6.549,6.565,6.518,6.537,363128.0
2023-05-23 12:00:00,6.537,6.562,6.513,6.549,499891.0
2023-05-23 16:00:00,6.549,6.549,6.474,6.511,437648.0
2023-05-23 20:00:00,6.51,6.529,6.492,6.505,202018.0
2023-05-24 00:00:00,6.505,6.51,6.36,6.395,685185.0
2023-05-24 04:00:00,6.395,6.395,6.319,6.337,678564.0
2023-05-24 08:00:00,6.337,6.376,6.329,6.34,357251.0
2023-05-24 12:00:00,6.342,6.352,6.202,6.272,1556501.0
2023-05-24 16:00:00,6.271,6.34,6.246,6.323,439888.0
2023-05-24 20:00:00,6.323,6.361,6.312,6.32,380282.0
2023-05-25 00:00:00,6.321,6.339,6.162,6.275,1050911.0
2023-05-25 04:00:00,6.275,6.305,6.264,6.293,322331.0
2023-05-25 08:00:00,6.293,6.315,6.28,6.305,212962.0
2023-05-25 12:00:00,6.306,6.348,6.241,6.247,576333.0
2023-05-25 16:00:00,6.246,6.33,6.237,6.307,525717.0
2023-05-25 20:00:00,6.308,6.313,6.268,6.279,231033.0
2023-05-26 00:00:00,6.278,6.293,6.232,6.285,330206.0
2023-05-26 04:00:00,6.285,6.318,6.26,6.311,246260.0
2023-05-26 08:00:00,6.31,6.338,6.291,6.313,377742.0
2023-05-26 12:00:00,6.313,6.381,6.274,6.352,844389.0
2023-05-26 16:00:00,6.352,6.38,6.317,6.372,352117.0
2023-05-26 20:00:00,6.373,6.384,6.343,6.344,129574.0
2023-05-27 00:00:00,6.343,6.37,6.336,6.359,189624.0
2023-05-27 04:00:00,6.359,6.379,6.339,6.356,216160.0
2023-05-27 08:00:00,6.353,6.375,6.341,6.373,198063.0
2023-05-27 12:00:00,6.372,6.4,6.323,6.4,427250.0
2023-05-27 16:00:00,6.4,6.422,6.377,6.422,260929.0
2023-05-27 20:00:00,6.422,6.44,6.412,6.435,218465.0
2023-05-28 00:00:00,6.435,6.595,6.416,6.525,588670.0
2023-05-28 04:00:00,6.526,6.54,6.493,6.496,149106.0
2023-05-28 08:00:00,6.496,6.519,6.457,6.476,209985.0
2023-05-28 12:00:00,6.477,6.512,6.47,6.51,127520.0
2023-05-28 16:00:00,6.506,6.56,6.492,6.545,212829.0
2023-05-28 20:00:00,6.543,6.661,6.521,6.635,540924.0
2023-05-29 00:00:00,6.635,6.678,6.586,6.593,452755.0
2023-05-29 04:00:00,6.594,6.624,6.563,6.606,305518.0
2023-05-29 08:00:00,6.606,6.628,6.574,6.621,181504.0
2023-05-29 12:00:00,6.621,6.63,6.545,6.56,389613.0
2023-05-29 16:00:00,6.559,6.617,6.524,6.591,375153.0
2023-05-29 20:00:00,6.59,6.678,6.585,6.639,254867.0
2023-05-30 00:00:00,6.638,6.673,6.614,6.614,311135.0
2023-05-30 04:00:00,6.615,6.622,6.536,6.538,259327.0
2023-05-30 08:00:00,6.538,6.638,6.536,6.63,295060.0
2023-05-30 12:00:00,6.631,6.635,6.535,6.58,316175.0
2023-05-30 16:00:00,6.579,6.631,6.537,6.628,249034.0
2023-05-30 20:00:00,6.629,6.66,6.606,6.612,217172.0
2023-05-31 00:00:00,6.611,6.636,6.547,6.608,321703.0
2023-05-31 04:00:00,6.608,6.611,6.427,6.483,898644.0
2023-05-31 08:00:00,6.484,6.515,6.46,6.46,348555.0
2023-05-31 12:00:00,6.46,6.497,6.393,6.445,670181.0
2023-05-31 16:00:00,6.445,6.478,6.431,6.452,238152.0
2023-05-31 20:00:00,6.453,6.49,6.433,6.479,160503.0
2023-06-01 00:00:00,6.478,6.513,6.371,6.435,706852.0
2023-06-01 04:00:00,6.435,6.461,6.408,6.411,255150.0
2023-06-01 08:00:00,6.411,6.441,6.393,6.4,337519.0
2023-06-01 12:00:00,6.4,6.424,6.382,6.405,362012.0
2023-06-01 16:00:00,6.409,6.456,6.331,6.385,639887.0
2023-06-01 20:00:00,6.385,6.402,6.314,6.345,344875.0
2023-06-02 00:00:00,6.346,6.449,6.301,6.447,451569.0
2023-06-02 04:00:00,6.448,6.482,6.417,6.42,255584.0
2023-06-02 08:00:00,6.42,6.445,6.393,6.417,217140.0
2023-06-02 12:00:00,6.418,6.423,6.343,6.393,646030.0
2023-06-02 16:00:00,6.392,6.455,6.369,6.452,394489.0
2023-06-02 20:00:00,6.453,6.466,6.417,6.448,208297.0
2023-06-03 00:00:00,6.448,6.459,6.395,6.416,211752.0
2023-06-03 04:00:00,6.416,6.446,6.41,6.436,174849.0
2023-06-03 08:00:00,6.437,6.445,6.412,6.438,115516.0
2023-06-03 12:00:00,6.438,6.451,6.404,6.438,246929.0
2023-06-03 16:00:00,6.438,6.45,6.358,6.384,328984.0
2023-06-03 20:00:00,6.383,6.425,6.365,6.423,183645.0
2023-06-04 00:00:00,6.422,6.473,6.393,6.455,353685.0
2023-06-04 04:00:00,6.456,6.497,6.436,6.485,183498.0
2023-06-04 08:00:00,6.484,6.512,6.483,6.494,179335.0
2023-06-04 12:00:00,6.493,6.527,6.469,6.499,238219.0
2023-06-04 16:00:00,6.499,6.524,6.477,6.522,148950.0
2023-06-04 20:00:00,6.522,6.532,6.443,6.449,384104.0
2023-06-05 00:00:00,6.449,6.494,6.351,6.359,751395.0
2023-06-05 04:00:00,6.361,6.396,6.347,6.396,252518.0
2023-06-05 08:00:00,6.397,6.409,6.361,6.378,289577.0
2023-06-05 12:00:00,6.377,6.383,6.081,6.088,2189371.0
2023-06-05 16:00:00,6.089,6.167,5.952,6.05,2227575.0
2023-06-05 20:00:00,6.051,6.066,6.008,6.052,285365.0
2023-06-06 00:00:00,6.053,6.081,6.004,6.047,273269.0
2023-06-06 04:00:00,6.046,6.094,6.044,6.084,230385.0
2023-06-06 08:00:00,6.085,6.131,6.081,6.111,201630.0
2023-06-06 12:00:00,6.11,6.232,6.019,6.228,1357954.0
2023-06-06 16:00:00,6.228,6.308,6.204,6.292,826917.0
2023-06-06 20:00:00,6.292,6.315,6.212,6.261,413284.0
2023-06-07 00:00:00,6.261,6.271,6.163,6.179,314756.0
2023-06-07 04:00:00,6.179,6.224,6.173,6.177,162452.0
2023-06-07 08:00:00,6.179,6.19,6.063,6.105,791664.0
2023-06-07 12:00:00,6.105,6.109,5.941,5.985,975826.0
2023-06-07 16:00:00,5.985,5.993,5.911,5.938,541311.0
2023-06-07 20:00:00,5.936,5.942,5.827,5.915,583922.0
2023-06-08 00:00:00,5.916,5.97,5.883,5.908,286421.0
2023-06-08 04:00:00,5.911,5.984,5.906,5.97,194265.0
2023-06-08 08:00:00,5.971,6.014,5.961,5.991,284848.0
2023-06-08 12:00:00,5.992,6.031,5.964,6.02,511818.0
2023-06-08 16:00:00,6.019,6.022,5.945,6.02,255066.0
2023-06-08 20:00:00,6.019,6.037,5.982,5.996,134544.0
2023-06-09 00:00:00,5.996,6.008,5.92,5.975,497144.0
2023-06-09 04:00:00,5.974,5.982,5.927,5.942,221457.0
2023-06-09 08:00:00,5.941,6.012,5.931,6.006,182036.0
2023-06-09 12:00:00,6.005,6.08,5.984,5.99,540688.0
2023-06-09 16:00:00,5.991,6.025,5.933,5.935,407168.0
2023-06-09 20:00:00,5.934,6.0,5.926,5.993,208348.0
2023-06-10 00:00:00,5.992,6.008,5.751,5.771,1580356.0
2023-06-10 04:00:00,5.772,5.791,4.649,5.103,7836471.0
2023-06-10 08:00:00,5.104,5.147,4.964,5.067,1253249.0
2023-06-10 12:00:00,5.066,5.086,4.956,5.018,1180928.0
2023-06-10 16:00:00,5.017,5.167,4.91,5.151,2118429.0
2023-06-10 20:00:00,5.149,5.281,5.132,5.23,927334.0
2023-06-11 00:00:00,5.229,5.238,5.168,5.191,543564.0
2023-06-11 04:00:00,5.191,5.21,5.146,5.159,462581.0
2023-06-11 08:00:00,5.16,5.204,5.136,5.176,370437.0
2023-06-11 12:00:00,5.176,5.195,5.087,5.102,585070.0
2023-06-11 16:00:00,5.098,5.232,5.096,5.197,833473.0
2023-06-11 20:00:00,5.196,5.251,5.104,5.175,603223.0
2023-06-12 00:00:00,5.173,5.189,4.996,5.066,1280247.0
2023-06-12 04:00:00,5.066,5.128,5.06,5.076,566376.0
2023-06-12 08:00:00,5.076,5.19,5.062,5.136,809358.0
2023-06-12 12:00:00,5.137,5.171,5.1,5.107,596968.0
2023-06-12 16:00:00,5.106,5.197,5.074,5.147,872711.0
2023-06-12 20:00:00,5.146,5.197,5.138,5.159,342328.0
2023-06-13 00:00:00,5.159,5.235,5.108,5.209,559598.0
2023-06-13 04:00:00,5.211,5.26,5.162,5.239,431126.0
2023-06-13 08:00:00,5.237,5.336,5.215,5.315,608607.0
2023-06-13 12:00:00,5.314,5.42,5.178,5.187,1368523.0
2023-06-13 16:00:00,5.186,5.272,5.181,5.257,306778.0
2023-06-13 20:00:00,5.256,5.305,5.239,5.299,412878.0
2023-06-14 00:00:00,5.299,5.394,5.285,5.391,641149.0
2023-06-14 04:00:00,5.391,5.41,5.354,5.37,717572.0
2023-06-14 08:00:00,5.369,5.417,5.36,5.391,425040.0
2023-06-14 12:00:00,5.391,5.417,5.343,5.392,464454.0
2023-06-14 16:00:00,5.392,5.508,5.336,5.451,1251393.0
2023-06-14 20:00:00,5.448,5.449,5.14,5.25,2091674.0
2023-06-15 00:00:00,5.25,5.339,5.24,5.308,676244.0
2023-06-15 04:00:00,5.309,5.325,5.23,5.259,723044.0
2023-06-15 08:00:00,5.259,5.311,5.18,5.278,815506.0
2023-06-15 12:00:00,5.278,5.296,5.219,5.227,553045.0
2023-06-15 16:00:00,5.228,5.358,5.157,5.348,798206.0
2023-06-15 20:00:00,5.348,5.419,5.286,5.312,608679.0
2023-06-16 00:00:00,5.313,5.313,5.251,5.296,451010.0
2023-06-16 04:00:00,5.296,5.307,5.259,5.263,300411.0
2023-06-16 08:00:00,5.263,5.295,5.176,5.189,673058.0
2023-06-16 12:00:00,5.188,5.274,5.134,5.269,913459.0
2023-06-16 16:00:00,5.269,5.399,5.229,5.376,748993.0
2023-06-16 20:00:00,5.375,5.377,5.307,5.322,322613.0
2023-06-17 00:00:00,5.323,5.328,5.259,5.265,564831.0
2023-06-17 04:00:00,5.266,5.396,5.221,5.35,1414027.0
2023-06-17 08:00:00,5.349,5.387,5.336,5.354,395585.0
2023-06-17 12:00:00,5.356,5.372,5.3,5.313,409359.0
2023-06-17 16:00:00,5.314,5.332,5.277,5.281,281041.0
2023-06-17 20:00:00,5.281,5.301,5.255,5.279,284745.0
2023-06-18 00:00:00,5.279,5.279,5.213,5.254,438723.0
2023-06-18 04:00:00,5.255,5.289,5.216,5.243,573943.0
2023-06-18 08:00:00,5.243,5.284,5.219,5.246,350684.0
2023-06-18 12:00:00,5.246,5.264,5.215,5.258,409666.0
2023-06-18 16:00:00,5.257,5.3,5.247,5.298,307118.0
2023-06-18 20:00:00,5.295,5.3,5.078,5.157,1280203.0
2023-06-19 00:00:00,5.157,5.181,5.093,5.154,526834.0
2023-06-19 04:00:00,5.154,5.181,5.136,5.146,307384.0
2023-06-19 08:00:00,5.146,5.146,5.065,5.103,646189.0
2023-06-19 12:00:00,5.102,5.13,5.022,5.067,738132.0
2023-06-19 16:00:00,5.067,5.197,4.987,5.095,1697964.0
2023-06-19 20:00:00,5.096,5.136,5.083,5.132,481394.0
2023-06-20 00:00:00,5.132,5.179,5.107,5.127,497407.0
2023-06-20 04:00:00,5.127,5.128,5.056,5.099,423551.0
2023-06-20 08:00:00,5.099,5.099,5.037,5.087,438854.0
2023-06-20 12:00:00,5.087,5.103,4.996,5.08,834572.0
2023-06-20 16:00:00,5.08,5.221,5.067,5.218,1302236.0
2023-06-20 20:00:00,5.219,5.282,5.202,5.268,782643.0
2023-06-21 00:00:00,5.269,5.404,5.244,5.325,1207633.0
2023-06-21 04:00:00,5.326,5.39,5.31,5.357,842757.0
2023-06-21 08:00:00,5.358,5.381,5.325,5.371,629959.0
2023-06-21 12:00:00,5.371,5.473,5.331,5.435,901001.0
2023-06-21 16:00:00,5.436,5.57,5.429,5.516,1060457.0
2023-06-21 20:00:00,5.521,5.588,5.488,5.557,502137.0
2023-06-22 00:00:00,5.557,5.826,5.536,5.777,1004592.0
2023-06-22 04:00:00,5.778,5.783,5.671,5.758,543594.0
2023-06-22 08:00:00,5.758,5.779,5.58,5.623,1278084.0
2023-06-22 12:00:00,5.623,5.718,5.505,5.559,1213349.0
2023-06-22 16:00:00,5.56,5.634,5.549,5.629,456744.0
2023-06-22 20:00:00,5.629,5.638,5.534,5.559,374389.0
2023-06-23 00:00:00,5.558,5.642,5.55,5.642,326927.0
2023-06-23 04:00:00,5.642,5.838,5.637,5.834,935481.0
2023-06-23 08:00:00,5.834,5.915,5.814,5.854,1471903.0
2023-06-23 12:00:00,5.854,6.033,5.762,6.006,2263356.0
2023-06-23 16:00:00,6.007,6.159,5.938,6.078,2429727.0
2023-06-23 20:00:00,6.077,6.139,6.005,6.071,753276.0
2023-06-24 00:00:00,6.071,6.109,5.97,6.08,690791.0
2023-06-24 04:00:00,6.08,6.104,6.009,6.02,528203.0
2023-06-24 08:00:00,6.021,6.2,6.014,6.135,941786.0
2023-06-24 12:00:00,6.136,6.173,5.914,6.022,1287698.0
2023-06-24 16:00:00,6.019,6.091,5.948,6.085,647257.0
2023-06-24 20:00:00,6.086,6.153,6.003,6.134,609926.0
2023-06-25 00:00:00,6.134,6.234,6.106,6.223,613957.0
2023-06-25 04:00:00,6.224,6.341,6.167,6.288,745430.0
2023-06-25 08:00:00,6.289,6.39,6.269,6.315,1330761.0
2023-06-25 12:00:00,6.316,6.32,6.165,6.196,714356.0
2023-06-25 16:00:00,6.195,6.23,6.079,6.115,673892.0
2023-06-25 20:00:00,6.116,6.159,6.058,6.156,399889.0
2023-06-26 00:00:00,6.156,6.163,6.024,6.131,824277.0
2023-06-26 04:00:00,6.131,6.257,6.073,6.183,797869.0
2023-06-26 08:00:00,6.182,6.22,6.137,6.153,545643.0
2023-06-26 12:00:00,6.153,6.261,6.128,6.236,714192.0
2023-06-26 16:00:00,6.23,6.234,6.017,6.097,1057245.0
2023-06-26 20:00:00,6.096,6.109,6.003,6.06,338547.0
2023-06-27 00:00:00,6.06,6.208,6.047,6.192,472538.0
2023-06-27 04:00:00,6.191,6.253,6.119,6.247,639486.0
2023-06-27 08:00:00,6.249,6.258,6.162,6.229,547477.0
2023-06-27 12:00:00,6.23,6.249,6.08,6.12,751197.0
2023-06-27 16:00:00,6.122,6.25,6.109,6.23,383306.0
2023-06-27 20:00:00,6.228,6.243,6.167,6.199,289642.0
2023-06-28 00:00:00,6.2,6.205,6.059,6.105,560980.0
2023-06-28 04:00:00,6.102,6.132,5.964,5.967,937812.0
2023-06-28 08:00:00,5.972,6.063,5.947,5.997,516089.0
2023-06-28 12:00:00,5.993,6.058,5.942,6.019,691000.0
2023-06-28 16:00:00,6.021,6.033,5.674,5.821,1763868.0
2023-06-28 20:00:00,5.82,5.878,5.78,5.813,519724.0
2023-06-29 00:00:00,5.814,5.882,5.787,5.829,493975.0
2023-06-29 04:00:00,5.829,5.894,5.82,5.883,362914.0
2023-06-29 08:00:00,5.88,6.152,5.86,6.136,999494.0
2023-06-29 12:00:00,6.135,6.187,5.95,5.963,1369092.0
2023-06-29 16:00:00,5.964,6.007,5.896,5.945,627242.0
2023-06-29 20:00:00,5.942,5.946,5.865,5.892,435723.0
2023-06-30 00:00:00,5.893,6.121,5.838,6.098,1185431.0
2023-06-30 04:00:00,6.1,6.216,6.056,6.147,962213.0
2023-06-30 08:00:00,6.148,6.249,6.13,6.23,1037956.0
2023-06-30 12:00:00,6.23,6.297,5.702,6.081,4739349.0
2023-06-30 16:00:00,6.082,6.454,6.036,6.311,2334946.0
2023-06-30 20:00:00,6.31,6.342,6.232,6.312,573911.0
2023-07-01 00:00:00,6.314,6.357,6.191,6.216,1104941.0
2023-07-01 04:00:00,6.217,6.276,6.118,6.246,1092745.0
2023-07-01 08:00:00,6.248,6.263,6.171,6.223,1205106.0
2023-07-01 12:00:00,6.223,6.348,6.212,6.339,1022839.0
2023-07-01 16:00:00,6.34,6.467,6.282,6.422,814903.0
2023-07-01 20:00:00,6.422,6.527,6.415,6.504,698491.0
2023-07-02 00:00:00,6.503,6.508,6.363,6.385,1553873.0
2023-07-02 04:00:00,6.382,6.488,6.359,6.409,686053.0
2023-07-02 08:00:00,6.409,6.511,6.377,6.486,720732.0
2023-07-02 12:00:00,6.487,6.556,6.369,6.467,1891711.0
2023-07-02 16:00:00,6.467,6.469,6.332,6.454,1193967.0
2023-07-02 20:00:00,6.453,6.563,6.408,6.541,1050906.0
2023-07-03 00:00:00,6.54,6.632,6.467,6.586,1025925.0
2023-07-03 04:00:00,6.586,6.635,6.488,6.633,1403654.0
2023-07-03 08:00:00,6.632,6.66,6.574,6.65,797678.0
2023-07-03 12:00:00,6.651,6.665,6.567,6.63,1101976.0
2023-07-03 16:00:00,6.631,6.695,6.56,6.664,981016.0
2023-07-03 20:00:00,6.663,6.669,6.561,6.631,422103.0
2023-07-04 00:00:00,6.63,6.63,6.541,6.612,516336.0
2023-07-04 04:00:00,6.612,6.612,6.46,6.466,1023350.0
2023-07-04 08:00:00,6.465,6.53,6.432,6.526,421279.0
2023-07-04 12:00:00,6.526,6.538,6.455,6.501,474370.0
2023-07-04 16:00:00,6.502,6.554,6.39,6.454,819390.0
2023-07-04 20:00:00,6.454,6.583,6.447,6.525,434390.0
2023-07-05 00:00:00,6.525,6.571,6.48,6.553,397839.0
2023-07-05 04:00:00,6.553,6.553,6.514,6.542,246074.0
2023-07-05 08:00:00,6.543,6.545,6.238,6.296,1652224.0
2023-07-05 12:00:00,6.294,6.341,6.212,6.275,934509.0
2023-07-05 16:00:00,6.273,6.344,6.256,6.263,428231.0
2023-07-05 20:00:00,6.264,6.329,6.24,6.299,287146.0
2023-07-06 00:00:00,6.3,6.319,6.206,6.318,546484.0
2023-07-06 04:00:00,6.317,6.402,6.281,6.363,649166.0
2023-07-06 08:00:00,6.364,6.511,6.311,6.349,1156496.0
2023-07-06 12:00:00,6.344,6.348,6.082,6.202,1789700.0
2023-07-06 16:00:00,6.202,6.232,6.127,6.175,520665.0
2023-07-06 20:00:00,6.172,6.205,6.076,6.078,596384.0
2023-07-07 00:00:00,6.077,6.155,6.012,6.151,1029915.0
2023-07-07 04:00:00,6.152,6.165,6.085,6.107,369163.0
2023-07-07 08:00:00,6.107,6.158,6.089,6.134,366391.0
2023-07-07 12:00:00,6.134,6.223,6.104,6.214,680697.0
2023-07-07 16:00:00,6.214,6.22,6.114,6.148,394202.0
2023-07-07 20:00:00,6.148,6.179,6.129,6.161,197466.0
2023-07-08 00:00:00,6.161,6.191,6.128,6.142,430389.0
2023-07-08 04:00:00,6.142,6.172,6.108,6.161,306371.0
2023-07-08 08:00:00,6.158,6.224,6.144,6.169,513855.0
2023-07-08 12:00:00,6.171,6.213,6.141,6.179,261738.0
2023-07-08 16:00:00,6.178,6.198,6.092,6.107,378956.0
2023-07-08 20:00:00,6.107,6.209,6.091,6.196,410700.0
2023-07-09 00:00:00,6.198,6.242,6.182,6.213,394484.0
2023-07-09 04:00:00,6.213,6.227,6.176,6.201,254242.0
2023-07-09 08:00:00,6.202,6.227,6.191,6.202,251975.0
2023-07-09 12:00:00,6.202,6.231,6.157,6.164,389108.0
2023-07-09 16:00:00,6.162,6.171,6.132,6.157,220353.0
2023-07-09 20:00:00,6.158,6.167,6.122,6.148,207470.0
2023-07-10 00:00:00,6.149,6.152,6.014,6.091,1093777.0
2023-07-10 04:00:00,6.093,6.109,6.063,6.093,329042.0
2023-07-10 08:00:00,6.094,6.13,6.016,6.123,561732.0
2023-07-10 12:00:00,6.123,6.164,6.096,6.155,343542.0
2023-07-10 16:00:00,6.156,6.281,6.128,6.263,575078.0
2023-07-10 20:00:00,6.266,6.303,6.127,6.169,630348.0
2023-07-11 00:00:00,6.168,6.195,6.12,6.176,316621.0
2023-07-11 04:00:00,6.176,6.235,6.168,6.199,483507.0
2023-07-11 08:00:00,6.199,6.213,6.14,6.168,400144.0
2023-07-11 12:00:00,6.167,6.226,6.132,6.193,509003.0
2023-07-11 16:00:00,6.194,6.202,6.142,6.167,207123.0
2023-07-11 20:00:00,6.171,6.218,6.154,6.203,289917.0
2023-07-12 00:00:00,6.204,6.283,6.201,6.224,347939.0
2023-07-12 04:00:00,6.223,6.281,6.216,6.261,321023.0
2023-07-12 08:00:00,6.26,6.277,6.232,6.262,258522.0
2023-07-12 12:00:00,6.261,6.311,6.215,6.246,753738.0
2023-07-12 16:00:00,6.244,6.344,6.193,6.212,858608.0
2023-07-12 20:00:00,6.209,6.256,6.198,6.251,284333.0
2023-07-13 00:00:00,6.251,6.278,6.211,6.239,327947.0
2023-07-13 04:00:00,6.24,6.354,6.223,6.303,502726.0
2023-07-13 08:00:00,6.304,6.474,6.301,6.45,729645.0
2023-07-13 12:00:00,6.451,6.681,6.392,6.612,1833477.0
2023-07-13 16:00:00,6.613,6.976,6.59,6.961,3518526.0
2023-07-13 20:00:00,6.962,7.176,6.868,7.131,1386411.0
2023-07-14 00:00:00,7.13,7.348,7.075,7.212,2879110.0
2023-07-14 04:00:00,7.212,7.243,7.097,7.11,1002431.0
2023-07-14 08:00:00,7.11,7.177,7.027,7.07,876931.0
2023-07-14 12:00:00,7.069,7.172,7.007,7.144,993919.0
2023-07-14 16:00:00,7.143,7.18,6.681,6.784,5183402.0
2023-07-14 20:00:00,6.784,6.957,6.716,6.955,757138.0
2023-07-15 00:00:00,6.955,6.957,6.831,6.86,525899.0
2023-07-15 04:00:00,6.86,6.986,6.842,6.984,688359.0
2023-07-15 08:00:00,6.983,7.021,6.937,6.958,372697.0
2023-07-15 12:00:00,6.958,7.008,6.907,6.972,466670.0
2023-07-15 16:00:00,6.972,7.009,6.938,6.949,277389.0
2023-07-15 20:00:00,6.947,6.947,6.876,6.917,487513.0
2023-07-16 00:00:00,6.918,6.923,6.733,6.782,957994.0
2023-07-16 04:00:00,6.782,6.859,6.77,6.825,411778.0
2023-07-16 08:00:00,6.825,6.852,6.801,6.839,329210.0
2023-07-16 12:00:00,6.838,6.883,6.793,6.809,414753.0
2023-07-16 16:00:00,6.812,6.812,6.606,6.616,867744.0
2023-07-16 20:00:00,6.616,6.691,6.561,6.605,575408.0
2023-07-17 00:00:00,6.605,6.729,6.56,6.706,632753.0
2023-07-17 04:00:00,6.708,6.731,6.643,6.68,548367.0
2023-07-17 08:00:00,6.68,6.682,6.437,6.64,1388924.0
2023-07-17 12:00:00,6.64,6.698,6.543,6.67,955249.0
2023-07-17 16:00:00,6.667,7.062,6.631,6.896,4755762.0
2023-07-17 20:00:00,6.895,7.267,6.882,7.186,2525591.0
2023-07-18 00:00:00,7.187,7.3,7.087,7.093,3163619.0
2023-07-18 04:00:00,7.094,7.165,7.007,7.06,2368159.0
2023-07-18 08:00:00,7.057,7.157,6.912,6.923,2972982.0
2023-07-18 12:00:00,6.921,7.027,6.848,6.951,2253658.0
2023-07-18 16:00:00,6.951,7.022,6.786,6.879,2083399.0
2023-07-18 20:00:00,6.879,6.955,6.853,6.913,1068058.0
2023-07-19 00:00:00,6.912,7.03,6.877,6.971,1322806.0
2023-07-19 04:00:00,6.971,7.02,6.873,6.879,733736.0
2023-07-19 08:00:00,6.879,6.885,6.802,6.852,850563.0
2023-07-19 12:00:00,6.851,6.933,6.775,6.904,1655068.0
2023-07-19 16:00:00,6.902,7.049,6.864,7.031,935958.0
2023-07-19 20:00:00,7.031,7.032,6.85,6.913,950996.0
2023-07-20 00:00:00,6.914,7.023,6.884,6.951,655755.0
2023-07-20 04:00:00,6.952,7.461,6.916,7.429,2816452.0
2023-07-20 08:00:00,7.431,8.42,7.413,8.326,23956099.0
2023-07-20 12:00:00,8.326,8.407,7.958,8.066,17087407.0
2023-07-20 16:00:00,8.066,8.3,8.002,8.132,8001003.0
2023-07-20 20:00:00,8.133,8.483,8.038,8.358,7037059.0
2023-07-21 00:00:00,8.359,8.45,8.148,8.292,6821757.0
2023-07-21 04:00:00,8.292,8.359,8.036,8.072,4901963.0
2023-07-21 08:00:00,8.071,8.244,8.047,8.138,4122632.0
2023-07-21 12:00:00,8.137,8.206,8.06,8.13,3622092.0
2023-07-21 16:00:00,8.133,8.231,8.075,8.137,2668544.0
2023-07-21 20:00:00,8.136,8.184,8.072,8.129,1567883.0
2023-07-22 00:00:00,8.128,8.199,8.06,8.153,3337574.0
2023-07-22 04:00:00,8.154,8.183,8.11,8.164,1487634.0
2023-07-22 08:00:00,8.165,8.38,7.855,7.971,9760059.0
2023-07-22 12:00:00,7.971,8.099,7.935,8.054,2489154.0
2023-07-22 16:00:00,8.056,8.072,7.939,7.987,1452979.0
2023-07-22 20:00:00,7.988,8.032,7.753,7.885,2865305.0
2023-07-23 00:00:00,7.884,7.961,7.815,7.902,1448038.0
2023-07-23 04:00:00,7.902,8.064,7.902,8.002,2188632.0
2023-07-23 08:00:00,8.003,8.06,7.963,8.008,1247145.0
2023-07-23 12:00:00,8.008,8.03,7.979,7.991,840234.0
2023-07-23 16:00:00,7.991,8.099,7.928,7.95,1922132.0
2023-07-23 20:00:00,7.949,7.961,7.851,7.891,1345230.0
2023-07-24 00:00:00,7.891,7.891,7.677,7.708,2721882.0
2023-07-24 04:00:00,7.708,7.779,7.657,7.736,1808605.0
2023-07-24 08:00:00,7.736,7.742,7.412,7.601,4229524.0
2023-07-24 12:00:00,7.601,7.65,7.5,7.609,1998097.0
2023-07-24 16:00:00,7.609,7.626,7.505,7.533,1366174.0
2023-07-24 20:00:00,7.533,7.621,7.522,7.587,876247.0
2023-07-25 00:00:00,7.586,7.644,7.54,7.628,995088.0
2023-07-25 04:00:00,7.628,7.629,7.37,7.431,2718303.0
2023-07-25 08:00:00,7.432,7.493,7.39,7.487,1496468.0
2023-07-25 12:00:00,7.488,7.532,7.391,7.429,1708293.0
2023-07-25 16:00:00,7.428,7.499,7.338,7.423,2232233.0
2023-07-25 20:00:00,7.423,7.456,7.386,7.391,578667.0
2023-07-26 00:00:00,7.39,7.464,7.27,7.451,2118344.0
2023-07-26 04:00:00,7.451,7.544,7.413,7.463,1246335.0
2023-07-26 08:00:00,7.464,7.534,7.464,7.498,877034.0
2023-07-26 12:00:00,7.502,7.633,7.485,7.597,2382859.0
2023-07-26 16:00:00,7.596,7.826,7.46,7.813,3832390.0
2023-07-26 20:00:00,7.813,7.837,7.691,7.742,1905424.0
2023-07-27 00:00:00,7.74,8.023,7.678,7.982,4395083.0
2023-07-27 04:00:00,7.982,8.066,7.933,7.944,2411345.0
2023-07-27 08:00:00,7.943,8.058,7.918,8.032,1907554.0
2023-07-27 12:00:00,8.032,8.132,7.957,7.976,4242890.0
2023-07-27 16:00:00,7.975,8.054,7.874,7.938,2247066.0
2023-07-27 20:00:00,7.937,8.024,7.913,7.989,1036103.0
2023-07-28 00:00:00,7.988,8.09,7.909,7.928,1889495.0
2023-07-28 04:00:00,7.927,7.93,7.806,7.84,1648694.0
2023-07-28 08:00:00,7.839,7.893,7.804,7.842,864429.0
2023-07-28 12:00:00,7.841,7.98,7.835,7.894,1461590.0
2023-07-28 16:00:00,7.894,7.899,7.782,7.804,872990.0
2023-07-28 20:00:00,7.802,7.842,7.764,7.773,418344.0
2023-07-29 00:00:00,7.774,7.844,7.74,7.774,905211.0
2023-07-29 04:00:00,7.774,7.809,7.743,7.777,492125.0
2023-07-29 08:00:00,7.778,7.789,7.724,7.736,500003.0
2023-07-29 12:00:00,7.736,7.765,7.728,7.742,403802.0
2023-07-29 16:00:00,7.741,7.817,7.728,7.807,852697.0
2023-07-29 20:00:00,7.808,7.901,7.79,7.842,617109.0
2023-07-30 00:00:00,7.844,7.864,7.797,7.81,633922.0
2023-07-30 04:00:00,7.81,7.839,7.742,7.768,473368.0
2023-07-30 08:00:00,7.768,7.78,7.734,7.751,634011.0
2023-07-30 12:00:00,7.75,7.8,7.692,7.72,1148346.0
2023-07-30 16:00:00,7.72,7.739,7.483,7.523,1985778.0
2023-07-30 20:00:00,7.52,7.573,7.358,7.556,1920936.0
2023-07-31 00:00:00,7.555,7.716,7.538,7.615,1688359.0
2023-07-31 04:00:00,7.616,7.639,7.559,7.602,572902.0
2023-07-31 08:00:00,7.603,7.669,7.598,7.632,653578.0
2023-07-31 12:00:00,7.632,7.663,7.512,7.526,1691309.0
2023-07-31 16:00:00,7.524,7.673,7.437,7.486,1705992.0
2023-07-31 20:00:00,7.485,7.561,7.431,7.552,1276227.0
2023-08-01 00:00:00,7.552,7.597,7.28,7.388,3024908.0
2023-08-01 04:00:00,7.387,7.474,7.341,7.442,1361236.0
2023-08-01 08:00:00,7.441,7.498,7.44,7.461,847424.0
2023-08-01 12:00:00,7.461,7.514,7.348,7.466,1724970.0
2023-08-01 16:00:00,7.468,7.55,7.432,7.545,1681400.0
2023-08-01 20:00:00,7.545,7.65,7.506,7.643,862127.0
2023-08-02 00:00:00,7.642,7.718,7.603,7.631,1102688.0
2023-08-02 04:00:00,7.63,7.65,7.579,7.588,489049.0
2023-08-02 08:00:00,7.586,7.701,7.576,7.656,960085.0
2023-08-02 12:00:00,7.655,7.719,7.42,7.489,3744611.0
2023-08-02 16:00:00,7.489,7.518,7.333,7.423,1897251.0
2023-08-02 20:00:00,7.421,7.434,7.332,7.35,531933.0
2023-08-03 00:00:00,7.349,7.414,7.317,7.353,1786657.0
2023-08-03 04:00:00,7.353,7.378,7.286,7.301,738455.0
2023-08-03 08:00:00,7.3,7.326,7.204,7.317,1313560.0
2023-08-03 12:00:00,7.316,7.334,7.16,7.213,1873904.0
2023-08-03 16:00:00,7.214,7.298,7.165,7.2,1395757.0
2023-08-03 20:00:00,7.2,7.248,7.069,7.124,1651169.0
2023-08-04 00:00:00,7.125,7.205,7.11,7.16,1178717.0
2023-08-04 04:00:00,7.162,7.185,7.11,7.143,823008.0
2023-08-04 08:00:00,7.145,7.158,7.056,7.117,1210658.0
2023-08-04 12:00:00,7.116,7.241,7.107,7.166,2338726.0
2023-08-04 16:00:00,7.168,7.268,7.062,7.095,2545613.0
2023-08-04 20:00:00,7.096,7.17,7.008,7.144,1196713.0
2023-08-05 00:00:00,7.144,7.199,7.101,7.185,995255.0
2023-08-05 04:00:00,7.184,7.225,7.152,7.183,693670.0
2023-08-05 08:00:00,7.182,7.245,7.178,7.192,930572.0
2023-08-05 12:00:00,7.191,7.245,7.151,7.166,1305666.0
2023-08-05 16:00:00,7.166,7.213,7.129,7.197,411318.0
2023-08-05 20:00:00,7.197,7.236,7.182,7.23,217108.0
2023-08-06 00:00:00,7.229,7.275,7.184,7.224,658423.0
2023-08-06 04:00:00,7.225,7.228,7.164,7.177,661654.0
2023-08-06 08:00:00,7.177,7.203,7.124,7.149,461704.0
2023-08-06 12:00:00,7.15,7.157,7.075,7.111,942376.0
2023-08-06 16:00:00,7.111,7.151,7.082,7.092,223888.0
2023-08-06 20:00:00,7.093,7.18,7.085,7.102,699886.0
2023-08-07 00:00:00,7.101,7.212,7.085,7.163,870226.0
2023-08-07 04:00:00,7.164,7.206,7.126,7.186,609830.0
2023-08-07 08:00:00,7.188,7.238,7.154,7.217,914340.0
2023-08-07 12:00:00,7.218,7.235,7.063,7.073,1324559.0
2023-08-07 16:00:00,7.074,7.19,6.94,7.12,4134641.0
2023-08-07 20:00:00,7.121,7.399,7.102,7.329,1676870.0
2023-08-08 00:00:00,7.329,7.38,7.289,7.343,1723109.0
2023-08-08 04:00:00,7.346,7.441,7.316,7.344,1394780.0
2023-08-08 08:00:00,7.344,7.437,7.33,7.429,946789.0
2023-08-08 12:00:00,7.429,7.466,7.322,7.365,2157348.0
2023-08-08 16:00:00,7.365,7.438,7.339,7.346,1811160.0
2023-08-08 20:00:00,7.345,7.534,7.339,7.458,1352113.0
2023-08-09 00:00:00,7.457,7.487,7.377,7.389,1034919.0
2023-08-09 04:00:00,7.388,7.569,7.379,7.522,974042.0
2023-08-09 08:00:00,7.522,7.682,7.489,7.64,1464699.0
2023-08-09 12:00:00,7.639,7.918,7.636,7.717,5037899.0
2023-08-09 16:00:00,7.718,7.752,7.633,7.674,2204585.0
2023-08-09 20:00:00,7.674,7.755,7.608,7.682,1434223.0
2023-08-10 00:00:00,7.68,7.714,7.607,7.618,1540411.0
2023-08-10 04:00:00,7.619,7.662,7.572,7.603,1279230.0
2023-08-10 08:00:00,7.602,7.67,7.558,7.622,1079154.0
2023-08-10 12:00:00,7.623,7.739,7.616,7.675,2380301.0
2023-08-10 16:00:00,7.675,7.69,7.58,7.586,734930.0
2023-08-10 20:00:00,7.586,7.646,7.564,7.618,312772.0
2023-08-11 00:00:00,7.619,7.642,7.525,7.559,627819.0
2023-08-11 04:00:00,7.56,7.61,7.553,7.561,466940.0
2023-08-11 08:00:00,7.562,7.581,7.526,7.58,438664.0
2023-08-11 12:00:00,7.579,7.592,7.471,7.495,849523.0
2023-08-11 16:00:00,7.495,7.502,7.405,7.431,788493.0
2023-08-11 20:00:00,7.432,7.512,7.431,7.492,388511.0
2023-08-12 00:00:00,7.493,7.539,7.461,7.473,640161.0
2023-08-12 04:00:00,7.474,7.479,7.403,7.461,1192446.0
2023-08-12 08:00:00,7.46,7.477,7.432,7.456,263097.0
2023-08-12 12:00:00,7.457,7.461,7.422,7.431,292015.0
2023-08-12 16:00:00,7.431,7.468,7.384,7.391,382820.0
2023-08-12 20:00:00,7.391,7.471,7.385,7.443,358883.0
2023-08-13 00:00:00,7.446,7.499,7.432,7.464,542852.0
2023-08-13 04:00:00,7.463,7.529,7.444,7.514,578330.0
2023-08-13 08:00:00,7.515,7.528,7.464,7.508,565463.0
2023-08-13 12:00:00,7.509,7.52,7.407,7.417,631828.0
2023-08-13 16:00:00,7.417,7.555,7.404,7.54,625821.0
2023-08-13 20:00:00,7.54,7.558,7.312,7.368,1035629.0
2023-08-14 00:00:00,7.369,7.465,7.308,7.441,1156263.0
2023-08-14 04:00:00,7.441,7.505,7.426,7.468,754793.0
2023-08-14 08:00:00,7.469,7.539,7.464,7.529,884462.0
2023-08-14 12:00:00,7.53,7.635,7.495,7.589,1394607.0
2023-08-14 16:00:00,7.589,7.604,7.403,7.414,1281463.0
2023-08-14 20:00:00,7.416,7.462,7.386,7.412,464334.0
2023-08-15 00:00:00,7.413,7.433,7.364,7.377,557856.0
2023-08-15 04:00:00,7.376,7.399,7.324,7.385,724865.0
2023-08-15 08:00:00,7.384,7.387,7.265,7.283,1465776.0
2023-08-15 12:00:00,7.283,7.333,7.257,7.288,694277.0
2023-08-15 16:00:00,7.289,7.302,6.774,7.036,5333443.0
2023-08-15 20:00:00,7.037,7.062,6.976,7.042,1000922.0
2023-08-16 00:00:00,7.039,7.072,6.995,7.015,878262.0
2023-08-16 04:00:00,7.015,7.037,6.946,6.999,1057128.0
2023-08-16 08:00:00,6.999,7.017,6.939,6.976,579437.0
2023-08-16 12:00:00,6.976,6.976,6.791,6.809,2393291.0
2023-08-16 16:00:00,6.806,6.925,6.762,6.803,1195080.0
2023-08-16 20:00:00,6.804,6.823,6.59,6.763,3396948.0
2023-08-17 00:00:00,6.765,6.867,6.63,6.844,2034190.0
2023-08-17 04:00:00,6.844,6.871,6.795,6.814,754710.0
2023-08-17 08:00:00,6.815,6.825,6.77,6.8,725817.0
2023-08-17 12:00:00,6.801,6.85,6.563,6.609,3059521.0
2023-08-17 16:00:00,6.608,6.682,6.53,6.626,2116049.0
2023-08-17 20:00:00,6.624,6.633,5.525,6.185,7845717.0
2023-08-18 00:00:00,6.185,6.256,6.092,6.14,1463698.0
2023-08-18 04:00:00,6.139,6.285,6.089,6.257,1526409.0
2023-08-18 08:00:00,6.257,6.277,6.196,6.253,1106796.0
2023-08-18 12:00:00,6.253,6.265,6.148,6.161,961298.0
2023-08-18 16:00:00,6.165,6.223,6.066,6.133,2025568.0
2023-08-18 20:00:00,6.134,6.249,6.125,6.176,576763.0
2023-08-19 00:00:00,6.177,6.236,6.15,6.184,713643.0
2023-08-19 04:00:00,6.183,6.2,6.137,6.177,302576.0
2023-08-19 08:00:00,6.18,6.227,6.144,6.15,344133.0
2023-08-19 12:00:00,6.15,6.227,6.143,6.216,404021.0
2023-08-19 16:00:00,6.215,6.264,6.165,6.169,636875.0
2023-08-19 20:00:00,6.169,6.182,6.112,6.18,486528.0
2023-08-20 00:00:00,6.18,6.196,6.13,6.165,520500.0
2023-08-20 04:00:00,6.163,6.171,6.115,6.145,253399.0
2023-08-20 08:00:00,6.146,6.213,6.137,6.207,483580.0
2023-08-20 12:00:00,6.206,6.225,6.123,6.171,386954.0
2023-08-20 16:00:00,6.173,6.214,6.151,6.194,319210.0
2023-08-20 20:00:00,6.195,6.236,6.188,6.218,238896.0
2023-08-21 00:00:00,6.217,6.257,6.199,6.205,554786.0
2023-08-21 04:00:00,6.206,6.246,6.168,6.19,640618.0
2023-08-21 08:00:00,6.19,6.221,6.125,6.212,955737.0
2023-08-21 12:00:00,6.213,6.235,6.001,6.102,2811826.0
2023-08-21 16:00:00,6.104,6.203,6.079,6.185,727638.0
2023-08-21 20:00:00,6.187,6.212,6.148,6.174,291080.0
2023-08-22 00:00:00,6.175,6.186,6.136,6.141,421056.0
2023-08-22 04:00:00,6.14,6.198,6.122,6.196,724445.0
2023-08-22 08:00:00,6.198,6.24,6.181,6.198,482915.0
2023-08-22 12:00:00,6.197,6.257,6.111,6.125,1043780.0
2023-08-22 16:00:00,6.125,6.136,5.957,6.022,2340728.0
2023-08-22 20:00:00,6.022,6.145,5.86,6.115,1836830.0
2023-08-23 00:00:00,6.114,6.168,6.102,6.121,525515.0
2023-08-23 04:00:00,6.12,6.226,6.119,6.214,663795.0
2023-08-23 08:00:00,6.212,6.309,6.211,6.246,761208.0
2023-08-23 12:00:00,6.245,6.373,6.199,6.357,1471756.0
2023-08-23 16:00:00,6.356,6.436,6.338,6.402,1408418.0
2023-08-23 20:00:00,6.4,6.413,6.271,6.352,564379.0
2023-08-24 00:00:00,6.351,6.366,6.315,6.339,317779.0
2023-08-24 04:00:00,6.339,6.34,6.285,6.311,475624.0
2023-08-24 08:00:00,6.312,6.323,6.27,6.292,523030.0
2023-08-24 12:00:00,6.292,6.292,6.116,6.118,1824379.0
2023-08-24 16:00:00,6.119,6.135,6.028,6.062,1453881.0
2023-08-24 20:00:00,6.064,6.094,5.98,6.083,889435.0
2023-08-25 00:00:00,6.082,6.084,5.927,6.021,1328014.0
2023-08-25 04:00:00,6.021,6.037,5.963,5.972,883439.0
2023-08-25 08:00:00,5.973,6.012,5.949,5.981,568900.0
2023-08-25 12:00:00,5.982,6.053,5.911,5.957,2065031.0
2023-08-25 16:00:00,5.957,6.008,5.929,5.975,470891.0
2023-08-25 20:00:00,5.974,6.021,5.947,6.014,334256.0
2023-08-26 00:00:00,6.014,6.043,5.988,6.022,643531.0
2023-08-26 04:00:00,6.022,6.042,5.979,6.016,620603.0
2023-08-26 08:00:00,6.015,6.031,5.995,6.012,429232.0
2023-08-26 12:00:00,6.012,6.023,5.98,6.0,487141.0
2023-08-26 16:00:00,6.001,6.002,5.955,5.99,412737.0
2023-08-26 20:00:00,5.99,6.015,5.985,6.004,279526.0
2023-08-27 00:00:00,6.005,6.023,5.955,5.958,267890.0
2023-08-27 04:00:00,5.958,5.994,5.958,5.985,298638.0
2023-08-27 08:00:00,5.987,6.002,5.967,5.972,253004.0
2023-08-27 12:00:00,5.971,6.035,5.957,6.016,519420.0
2023-08-27 16:00:00,6.015,6.045,5.971,6.012,348053.0
2023-08-27 20:00:00,6.01,6.039,5.982,6.031,232107.0
2023-08-28 00:00:00,6.03,6.03,5.892,5.933,1255276.0
2023-08-28 04:00:00,5.933,5.948,5.861,5.914,897510.0
2023-08-28 08:00:00,5.914,5.938,5.851,5.929,863510.0
2023-08-28 12:00:00,5.93,6.048,5.928,6.005,1259658.0
2023-08-28 16:00:00,6.005,6.024,5.918,5.958,549249.0
2023-08-28 20:00:00,5.956,5.996,5.925,5.981,429305.0
2023-08-29 00:00:00,5.981,6.008,5.928,5.937,420784.0
2023-08-29 04:00:00,5.938,5.949,5.884,5.891,986874.0
2023-08-29 08:00:00,5.887,5.903,5.84,5.886,1190498.0
2023-08-29 12:00:00,5.886,6.321,5.878,6.186,6000602.0
2023-08-29 16:00:00,6.185,6.289,6.174,6.228,1668897.0
2023-08-29 20:00:00,6.226,6.242,6.168,6.195,506933.0
2023-08-30 00:00:00,6.194,6.201,6.053,6.088,923479.0
2023-08-30 04:00:00,6.087,6.093,6.053,6.068,634925.0
2023-08-30 08:00:00,6.069,6.078,6.019,6.02,531456.0
2023-08-30 12:00:00,6.02,6.037,5.879,5.939,2197770.0
2023-08-30 16:00:00,5.938,5.965,5.91,5.938,348360.0
2023-08-30 20:00:00,5.936,5.964,5.921,5.924,259210.0
2023-08-31 00:00:00,5.925,5.958,5.896,5.95,515323.0
2023-08-31 04:00:00,5.95,6.006,5.949,5.983,899100.0
2023-08-31 08:00:00,5.983,6.068,5.967,6.033,1109679.0
2023-08-31 12:00:00,6.032,6.034,5.899,5.944,1799301.0
2023-08-31 16:00:00,5.945,5.957,5.728,5.847,3170467.0
2023-08-31 20:00:00,5.846,5.883,5.758,5.878,926543.0
2023-09-01 00:00:00,5.876,5.97,5.87,5.969,1082769.0
2023-09-01 04:00:00,5.967,6.033,5.941,5.96,1134564.0
2023-09-01 08:00:00,5.962,6.033,5.962,6.001,1033412.0
2023-09-01 12:00:00,6.001,6.024,5.921,5.937,1706390.0
2023-09-01 16:00:00,5.935,5.957,5.812,5.881,2027028.0
2023-09-01 20:00:00,5.881,5.941,5.864,5.939,518030.0
2023-09-02 00:00:00,5.939,5.988,5.93,5.947,538433.0
2023-09-02 04:00:00,5.946,5.968,5.927,5.949,385607.0
2023-09-02 08:00:00,5.95,5.972,5.897,5.944,468626.0
2023-09-02 12:00:00,5.944,6.001,5.924,5.967,858340.0
2023-09-02 16:00:00,5.967,5.977,5.886,5.934,527150.0
2023-09-02 20:00:00,5.934,5.974,5.923,5.97,168542.0
2023-09-03 00:00:00,5.971,6.029,5.948,6.014,591151.0
2023-09-03 04:00:00,6.013,6.048,6.006,6.011,905758.0
2023-09-03 08:00:00,6.012,6.04,5.988,6.029,364907.0
2023-09-03 12:00:00,6.028,6.065,5.971,5.991,622017.0
2023-09-03 16:00:00,5.991,6.057,5.961,6.027,571319.0
2023-09-03 20:00:00,6.027,6.043,5.999,6.029,296653.0
2023-09-04 00:00:00,6.029,6.137,6.023,6.104,1083376.0
2023-09-04 04:00:00,6.104,6.114,6.05,6.099,554560.0
2023-09-04 08:00:00,6.101,6.165,6.058,6.07,767687.0
2023-09-04 12:00:00,6.07,6.085,5.97,6.016,1136716.0
2023-09-04 16:00:00,6.017,6.056,5.995,6.015,515644.0
2023-09-04 20:00:00,6.017,6.025,5.938,6.014,548392.0
2023-09-05 00:00:00,6.013,6.02,5.906,5.953,1086742.0
2023-09-05 04:00:00,5.953,5.995,5.951,5.988,630797.0
2023-09-05 08:00:00,5.988,6.129,5.963,6.086,1174127.0
2023-09-05 12:00:00,6.086,6.135,6.055,6.102,1074842.0
2023-09-05 16:00:00,6.101,6.15,6.079,6.113,582565.0
2023-09-05 20:00:00,6.112,6.154,6.103,6.136,362991.0
2023-09-06 00:00:00,6.136,6.277,6.112,6.205,1849771.0
2023-09-06 04:00:00,6.204,6.216,6.127,6.141,1882576.0
2023-09-06 08:00:00,6.141,6.158,6.115,6.122,616967.0
2023-09-06 12:00:00,6.121,6.211,6.103,6.174,1510449.0
2023-09-06 16:00:00,6.176,6.351,6.092,6.247,2980556.0
2023-09-06 20:00:00,6.249,6.305,6.242,6.3,469017.0
2023-09-07 00:00:00,6.3,6.396,6.275,6.368,1541809.0
2023-09-07 04:00:00,6.367,6.387,6.275,6.278,702440.0
2023-09-07 08:00:00,6.279,6.317,6.236,6.238,693897.0
2023-09-07 12:00:00,6.238,6.287,6.2,6.258,908031.0
2023-09-07 16:00:00,6.258,6.334,6.253,6.324,725850.0
2023-09-07 20:00:00,6.323,6.469,6.318,6.385,1429573.0
2023-09-08 00:00:00,6.384,6.402,6.325,6.341,558724.0
2023-09-08 04:00:00,6.341,6.365,6.295,6.306,749914.0
2023-09-08 08:00:00,6.306,6.308,6.142,6.213,1622722.0
2023-09-08 12:00:00,6.212,6.276,6.208,6.222,509847.0
2023-09-08 16:00:00,6.223,6.272,6.197,6.25,473948.0
2023-09-08 20:00:00,6.25,6.291,6.233,6.279,368826.0
2023-09-09 00:00:00,6.278,6.292,6.234,6.269,567920.0
2023-09-09 04:00:00,6.27,6.28,6.238,6.248,306553.0
2023-09-09 08:00:00,6.248,6.253,6.206,6.22,385084.0
2023-09-09 12:00:00,6.219,6.221,6.18,6.191,504990.0
2023-09-09 16:00:00,6.192,6.215,6.155,6.179,383946.0
2023-09-09 20:00:00,6.179,6.184,6.156,6.163,242441.0
2023-09-10 00:00:00,6.163,6.164,6.083,6.114,1023006.0
2023-09-10 04:00:00,6.112,6.127,5.94,6.115,2026599.0
2023-09-10 08:00:00,6.116,6.121,6.066,6.089,543200.0
2023-09-10 12:00:00,6.086,6.108,5.977,6.046,858135.0
2023-09-10 16:00:00,6.046,6.064,5.953,6.041,920391.0
2023-09-10 20:00:00,6.04,6.078,6.005,6.017,703060.0
2023-09-11 00:00:00,6.017,6.031,5.937,6.0,1952900.0
2023-09-11 04:00:00,5.999,6.036,5.978,5.99,554607.0
2023-09-11 08:00:00,5.989,5.998,5.784,5.887,3327683.0
2023-09-11 12:00:00,5.887,5.939,5.8,5.86,2722007.0
2023-09-11 16:00:00,5.859,5.883,5.736,5.769,1581537.0
2023-09-11 20:00:00,5.77,5.83,5.742,5.828,748556.0
2023-09-12 00:00:00,5.828,5.994,5.807,5.938,2031006.0
2023-09-12 04:00:00,5.94,5.965,5.875,5.919,1126196.0
2023-09-12 08:00:00,5.918,6.077,5.889,6.021,2098778.0
2023-09-12 12:00:00,6.023,6.04,5.958,5.992,860040.0
2023-09-12 16:00:00,5.992,6.067,5.903,5.972,1624268.0
2023-09-12 20:00:00,5.971,5.994,5.952,5.958,232736.0
2023-09-13 00:00:00,5.96,6.009,5.939,5.973,1298768.0
2023-09-13 04:00:00,5.972,6.094,5.927,5.956,2393132.0
2023-09-13 08:00:00,5.957,6.045,5.951,6.017,710717.0
2023-09-13 12:00:00,6.018,6.04,5.931,6.015,1113735.0
2023-09-13 16:00:00,6.015,6.034,5.952,5.979,546652.0
2023-09-13 20:00:00,5.979,6.038,5.974,6.017,452532.0
2023-09-14 00:00:00,6.018,6.125,6.005,6.043,1531968.0
2023-09-14 04:00:00,6.043,6.053,6.006,6.029,676530.0
2023-09-14 08:00:00,6.029,6.064,6.014,6.056,382425.0
2023-09-14 12:00:00,6.054,6.131,6.023,6.092,1103481.0
2023-09-14 16:00:00,6.093,6.171,6.07,6.165,1100121.0
2023-09-14 20:00:00,6.166,6.215,6.138,6.151,524845.0
2023-09-15 00:00:00,6.153,6.239,6.135,6.191,633425.0
2023-09-15 04:00:00,6.192,6.213,6.145,6.15,504005.0
2023-09-15 08:00:00,6.149,6.175,6.099,6.107,440047.0
2023-09-15 12:00:00,6.109,6.207,6.105,6.204,631276.0
2023-09-15 16:00:00,6.204,6.248,6.193,6.226,752552.0
2023-09-15 20:00:00,6.224,6.376,6.222,6.366,976819.0
2023-09-16 00:00:00,6.365,6.426,6.301,6.306,1312178.0
2023-09-16 04:00:00,6.306,6.326,6.266,6.298,544356.0
2023-09-16 08:00:00,6.298,6.298,6.244,6.247,700889.0
2023-09-16 12:00:00,6.246,6.253,6.187,6.222,575218.0
2023-09-16 16:00:00,6.222,6.243,6.185,6.197,310652.0
2023-09-16 20:00:00,6.198,6.291,6.196,6.279,336223.0
2023-09-17 00:00:00,6.279,6.279,6.17,6.236,874482.0
2023-09-17 04:00:00,6.237,6.257,6.185,6.188,271333.0
2023-09-17 08:00:00,6.189,6.227,6.184,6.205,365033.0
2023-09-17 12:00:00,6.204,6.219,6.156,6.185,383024.0
2023-09-17 16:00:00,6.183,6.191,6.103,6.132,522923.0
2023-09-17 20:00:00,6.131,6.15,6.049,6.145,1223345.0
2023-09-18 00:00:00,6.145,6.624,6.095,6.621,4068980.0
2023-09-18 04:00:00,6.62,6.673,6.535,6.548,3996596.0
2023-09-18 08:00:00,6.547,6.825,6.509,6.733,5278648.0
2023-09-18 12:00:00,6.733,6.842,6.674,6.726,4117079.0
2023-09-18 16:00:00,6.727,6.732,6.582,6.618,2877558.0
2023-09-18 20:00:00,6.617,6.657,6.533,6.563,1318436.0
2023-09-19 00:00:00,6.562,6.78,6.516,6.762,2589699.0
2023-09-19 04:00:00,6.762,6.929,6.678,6.691,3387657.0
2023-09-19 08:00:00,6.691,6.812,6.688,6.741,2039126.0
2023-09-19 12:00:00,6.742,6.888,6.714,6.871,3099534.0
2023-09-19 16:00:00,6.87,6.912,6.79,6.837,1073650.0
2023-09-19 20:00:00,6.837,6.972,6.784,6.845,1467103.0
2023-09-20 00:00:00,6.845,6.995,6.812,6.928,1923156.0
2023-09-20 04:00:00,6.923,6.955,6.777,6.806,1586027.0
2023-09-20 08:00:00,6.805,6.877,6.757,6.829,1871447.0
2023-09-20 12:00:00,6.831,6.935,6.741,6.919,1834688.0
2023-09-20 16:00:00,6.919,7.047,6.787,6.874,2592343.0
2023-09-20 20:00:00,6.874,6.973,6.837,6.904,805848.0
2023-09-21 00:00:00,6.906,6.946,6.812,6.877,1333565.0
2023-09-21 04:00:00,6.878,6.879,6.782,6.796,857507.0
2023-09-21 08:00:00,6.798,6.829,6.677,6.707,2618663.0
2023-09-21 12:00:00,6.707,6.787,6.606,6.748,2236551.0
2023-09-21 16:00:00,6.747,6.765,6.707,6.719,658394.0
2023-09-21 20:00:00,6.719,6.733,6.661,6.662,439898.0
2023-09-22 00:00:00,6.664,6.721,6.595,6.696,1219388.0
2023-09-22 04:00:00,6.698,6.719,6.639,6.696,804854.0
2023-09-22 08:00:00,6.696,6.787,6.693,6.784,1259232.0
2023-09-22 12:00:00,6.784,6.798,6.713,6.768,902957.0
2023-09-22 16:00:00,6.767,6.972,6.731,6.878,2040762.0
2023-09-22 20:00:00,6.876,6.966,6.863,6.956,876749.0
2023-09-23 00:00:00,6.959,7.189,6.946,6.993,3269623.0
2023-09-23 04:00:00,6.994,7.069,6.946,7.037,1640986.0
2023-09-23 08:00:00,7.037,7.046,6.963,7.001,1263060.0
2023-09-23 12:00:00,7.001,7.058,6.925,6.936,1747107.0
2023-09-23 16:00:00,6.936,7.229,6.917,7.181,4945728.0
2023-09-23 20:00:00,7.179,7.223,7.131,7.186,1735829.0
2023-09-24 00:00:00,7.186,7.253,7.131,7.163,3015293.0
2023-09-24 04:00:00,7.163,7.211,7.109,7.165,1796127.0
2023-09-24 08:00:00,7.164,7.177,7.076,7.095,1599762.0
2023-09-24 12:00:00,7.095,7.193,7.078,7.097,1827216.0
2023-09-24 16:00:00,7.096,7.18,7.035,7.082,1818771.0
2023-09-24 20:00:00,7.081,7.096,6.946,6.973,1291960.0
2023-09-25 00:00:00,6.973,7.27,6.906,7.162,4105247.0
2023-09-25 04:00:00,7.162,7.31,7.151,7.277,2598550.0
2023-09-25 08:00:00,7.276,7.325,7.206,7.256,2058389.0
2023-09-25 12:00:00,7.256,7.399,7.225,7.39,3696057.0
2023-09-25 16:00:00,7.391,7.518,7.378,7.456,2966796.0
2023-09-25 20:00:00,7.457,7.504,7.427,7.489,1066772.0
2023-09-26 00:00:00,7.489,7.575,7.411,7.521,2766037.0
2023-09-26 04:00:00,7.521,7.529,7.438,7.44,1377659.0
2023-09-26 08:00:00,7.438,7.485,7.37,7.428,1688072.0
2023-09-26 12:00:00,7.428,7.429,7.301,7.331,1642540.0
2023-09-26 16:00:00,7.333,7.414,7.247,7.392,1841103.0
2023-09-26 20:00:00,7.391,7.475,7.278,7.355,1910050.0
2023-09-27 00:00:00,7.355,7.415,7.271,7.364,1437049.0
2023-09-27 04:00:00,7.363,7.392,7.321,7.368,1003091.0
2023-09-27 08:00:00,7.37,7.687,7.349,7.632,4212902.0
2023-09-27 12:00:00,7.631,7.884,7.484,7.588,7339799.0
2023-09-27 16:00:00,7.587,7.695,7.488,7.659,2426742.0
2023-09-27 20:00:00,7.659,7.688,7.57,7.641,1242346.0
2023-09-28 00:00:00,7.641,7.758,7.571,7.659,2271864.0
2023-09-28 04:00:00,7.66,7.827,7.574,7.748,2565763.0
2023-09-28 08:00:00,7.748,7.868,7.728,7.777,3341700.0
2023-09-28 12:00:00,7.776,7.925,7.685,7.884,3798735.0
2023-09-28 16:00:00,7.885,8.066,7.776,7.956,3801581.0
2023-09-28 20:00:00,7.957,7.957,7.769,7.809,1341526.0
2023-09-29 00:00:00,7.808,7.844,7.683,7.748,1377747.0
2023-09-29 04:00:00,7.747,7.827,7.716,7.786,1116215.0
2023-09-29 08:00:00,7.785,7.787,7.69,7.7,999574.0
2023-09-29 12:00:00,7.7,7.909,7.67,7.816,2409286.0
2023-09-29 16:00:00,7.816,8.051,7.754,8.049,2929010.0
2023-09-29 20:00:00,8.047,8.081,7.932,7.948,1519859.0
2023-09-30 00:00:00,7.947,8.053,7.936,8.022,1643100.0
2023-09-30 04:00:00,8.021,8.158,8.004,8.081,2575004.0
2023-09-30 08:00:00,8.08,8.268,8.011,8.197,4438752.0
2023-09-30 12:00:00,8.198,8.238,8.129,8.223,2492561.0
2023-09-30 16:00:00,8.222,8.243,8.086,8.179,1652943.0
2023-09-30 20:00:00,8.18,8.216,8.109,8.19,1255515.0
2023-10-01 00:00:00,8.191,8.259,8.113,8.165,1569283.0
2023-10-01 04:00:00,8.164,8.174,8.039,8.063,1260144.0
2023-10-01 08:00:00,8.063,8.225,8.042,8.128,2394214.0
2023-10-01 12:00:00,8.126,8.134,7.957,8.013,2301565.0
2023-10-01 16:00:00,8.014,8.016,7.782,7.839,3207867.0
2023-10-01 20:00:00,7.839,8.149,7.763,8.054,4860657.0
2023-10-02 00:00:00,8.053,8.099,7.859,7.88,2091039.0
2023-10-02 04:00:00,7.881,8.099,7.841,8.035,2807486.0
2023-10-02 08:00:00,8.035,8.08,7.849,7.887,2742400.0
2023-10-02 12:00:00,7.89,7.954,7.614,7.671,4584233.0
2023-10-02 16:00:00,7.67,7.726,7.43,7.606,3727785.0
2023-10-02 20:00:00,7.607,7.609,7.354,7.466,1848467.0
2023-10-03 00:00:00,7.469,7.587,7.413,7.554,1482971.0
2023-10-03 04:00:00,7.554,7.744,7.5,7.626,2324617.0
2023-10-03 08:00:00,7.628,7.733,7.509,7.54,1893532.0
2023-10-03 12:00:00,7.542,7.724,7.398,7.431,3110812.0
2023-10-03 16:00:00,7.431,7.543,7.384,7.404,1500040.0
2023-10-03 20:00:00,7.407,7.505,7.365,7.409,1267536.0
2023-10-04 00:00:00,7.408,7.546,7.181,7.483,4549936.0
2023-10-04 04:00:00,7.482,7.633,7.454,7.593,3540708.0
2023-10-04 08:00:00,7.594,7.613,7.519,7.543,1684337.0
2023-10-04 12:00:00,7.543,7.67,7.467,7.637,3352996.0
2023-10-04 16:00:00,7.637,7.778,7.569,7.611,4462703.0
2023-10-04 20:00:00,7.61,7.742,7.586,7.669,909966.0
2023-10-05 00:00:00,7.669,7.695,7.589,7.612,1490731.0
2023-10-05 04:00:00,7.612,7.763,7.598,7.712,1499090.0
2023-10-05 08:00:00,7.713,7.796,7.67,7.678,1921681.0
2023-10-05 12:00:00,7.679,7.705,7.48,7.532,3248264.0
2023-10-05 16:00:00,7.531,7.56,7.475,7.509,1200270.0
2023-10-05 20:00:00,7.506,7.566,7.455,7.466,718363.0
2023-10-06 00:00:00,7.468,7.583,7.458,7.528,872815.0
2023-10-06 04:00:00,7.527,7.582,7.497,7.576,895553.0
2023-10-06 08:00:00,7.576,7.614,7.54,7.559,920387.0
2023-10-06 12:00:00,7.559,7.705,7.43,7.66,3133777.0
2023-10-06 16:00:00,7.66,7.722,7.621,7.667,1328016.0
2023-10-06 20:00:00,7.666,7.768,7.636,7.638,910238.0
2023-10-07 00:00:00,7.638,7.682,7.593,7.6,1022194.0
2023-10-07 04:00:00,7.6,7.643,7.557,7.597,940856.0
2023-10-07 08:00:00,7.597,7.644,7.567,7.585,716124.0
2023-10-07 12:00:00,7.584,7.619,7.555,7.562,526212.0
2023-10-07 16:00:00,7.561,7.566,7.471,7.49,1042466.0
2023-10-07 20:00:00,7.491,7.555,7.485,7.525,366919.0
2023-10-08 00:00:00,7.525,7.621,7.502,7.619,874508.0
2023-10-08 04:00:00,7.621,7.674,7.592,7.651,1515332.0
2023-10-08 08:00:00,7.65,7.707,7.536,7.566,2094346.0
2023-10-08 12:00:00,7.564,7.694,7.557,7.665,1259518.0
2023-10-08 16:00:00,7.665,7.735,7.638,7.725,855617.0
2023-10-08 20:00:00,7.727,7.948,7.665,7.674,3342012.0
2023-10-09 00:00:00,7.673,7.695,7.564,7.641,1830885.0
2023-10-09 04:00:00,7.641,7.648,7.547,7.555,835866.0
2023-10-09 08:00:00,7.557,7.577,7.321,7.357,4160432.0
2023-10-09 12:00:00,7.356,7.412,7.314,7.334,1819742.0
2023-10-09 16:00:00,7.334,7.363,7.134,7.295,3131393.0
2023-10-09 20:00:00,7.297,7.328,7.232,7.278,653938.0
2023-10-10 00:00:00,7.278,7.353,7.252,7.311,1596860.0
2023-10-10 04:00:00,7.312,7.376,7.27,7.344,926032.0
2023-10-10 08:00:00,7.344,7.394,7.264,7.274,1893189.0
2023-10-10 12:00:00,7.274,7.365,7.213,7.221,2156074.0
2023-10-10 16:00:00,7.221,7.281,7.191,7.258,1127494.0
2023-10-10 20:00:00,7.258,7.304,7.171,7.261,766248.0
2023-10-11 00:00:00,7.261,7.331,7.101,7.162,1927123.0
2023-10-11 04:00:00,7.165,7.231,7.162,7.204,687852.0
2023-10-11 08:00:00,7.204,7.357,7.188,7.318,1233739.0
2023-10-11 12:00:00,7.318,7.397,7.253,7.304,2451952.0
2023-10-11 16:00:00,7.308,7.357,7.23,7.33,1411172.0
2023-10-11 20:00:00,7.331,7.432,7.312,7.392,971431.0
2023-10-12 00:00:00,7.391,7.416,7.284,7.349,1229853.0
2023-10-12 04:00:00,7.346,7.397,7.312,7.341,816725.0
2023-10-12 08:00:00,7.342,7.345,7.175,7.262,1743236.0
2023-10-12 12:00:00,7.262,7.28,7.174,7.217,1031391.0
2023-10-12 16:00:00,7.218,7.24,7.107,7.19,2075631.0
2023-10-12 20:00:00,7.189,7.248,7.176,7.195,556984.0
2023-10-13 00:00:00,7.196,7.253,7.112,7.123,1491408.0
2023-10-13 04:00:00,7.123,7.232,7.119,7.207,845402.0
2023-10-13 08:00:00,7.207,7.246,7.177,7.224,786099.0
2023-10-13 12:00:00,7.225,7.29,7.161,7.163,1023685.0
2023-10-13 16:00:00,7.161,7.203,7.145,7.179,682898.0
2023-10-13 20:00:00,7.177,7.402,7.166,7.256,2465606.0
2023-10-14 00:00:00,7.257,7.319,7.242,7.303,430285.0
2023-10-14 04:00:00,7.304,7.317,7.212,7.223,562248.0
2023-10-14 08:00:00,7.223,7.261,7.215,7.248,342880.0
2023-10-14 12:00:00,7.247,7.318,7.24,7.314,667545.0
2023-10-14 16:00:00,7.313,7.373,7.299,7.342,612876.0
2023-10-14 20:00:00,7.342,7.344,7.289,7.329,458256.0
2023-10-15 00:00:00,7.329,7.383,7.297,7.33,972335.0
2023-10-15 04:00:00,7.33,7.366,7.316,7.351,315395.0
2023-10-15 08:00:00,7.35,7.404,7.335,7.347,769745.0
2023-10-15 12:00:00,7.346,7.378,7.284,7.311,1073723.0
2023-10-15 16:00:00,7.31,7.486,7.298,7.453,1573192.0
2023-10-15 20:00:00,7.453,7.569,7.376,7.422,1647828.0
2023-10-16 00:00:00,7.422,7.495,7.409,7.433,707264.0
2023-10-16 04:00:00,7.433,7.648,7.422,7.563,2538108.0
2023-10-16 08:00:00,7.564,7.593,7.492,7.566,1008609.0
2023-10-16 12:00:00,7.566,7.838,7.418,7.436,4971986.0
2023-10-16 16:00:00,7.436,7.584,7.428,7.516,1335269.0
2023-10-16 20:00:00,7.516,7.578,7.445,7.524,661923.0
2023-10-17 00:00:00,7.524,7.559,7.453,7.459,909108.0
2023-10-17 04:00:00,7.459,7.496,7.426,7.483,903163.0
2023-10-17 08:00:00,7.483,7.508,7.443,7.487,879540.0
2023-10-17 12:00:00,7.488,7.495,7.257,7.397,2455269.0
2023-10-17 16:00:00,7.395,7.422,7.267,7.323,932218.0
2023-10-17 20:00:00,7.322,7.353,7.282,7.319,398800.0
2023-10-18 00:00:00,7.319,7.351,7.28,7.345,490752.0
2023-10-18 04:00:00,7.344,7.424,7.326,7.358,1087743.0
2023-10-18 08:00:00,7.357,7.46,7.343,7.439,1106249.0
2023-10-18 12:00:00,7.439,7.48,7.369,7.387,1424306.0
2023-10-18 16:00:00,7.389,7.439,7.335,7.361,694099.0
2023-10-18 20:00:00,7.362,7.384,7.313,7.357,482522.0
2023-10-19 00:00:00,7.356,7.364,7.204,7.29,1762741.0
2023-10-19 04:00:00,7.289,7.357,7.279,7.35,572109.0
2023-10-19 08:00:00,7.349,7.37,7.29,7.342,666255.0
2023-10-19 12:00:00,7.343,7.437,7.343,7.365,1495399.0
2023-10-19 16:00:00,7.365,7.418,7.328,7.363,1013761.0
2023-10-19 20:00:00,7.362,7.392,7.288,7.305,747478.0
2023-10-20 00:00:00,7.306,7.495,7.262,7.427,2145278.0
2023-10-20 04:00:00,7.427,7.514,7.417,7.466,1100229.0
2023-10-20 08:00:00,7.466,7.714,7.462,7.608,2684891.0
2023-10-20 12:00:00,7.611,7.662,7.553,7.632,1034934.0
2023-10-20 16:00:00,7.633,7.689,7.604,7.628,627863.0
2023-10-20 20:00:00,7.629,7.63,7.568,7.573,377472.0
2023-10-21 00:00:00,7.573,7.622,7.521,7.601,601029.0
2023-10-21 04:00:00,7.599,7.846,7.588,7.837,1747292.0
2023-10-21 08:00:00,7.837,8.099,7.805,8.06,3374176.0
2023-10-21 12:00:00,8.06,8.981,8.044,8.952,16639309.0
2023-10-21 16:00:00,8.953,9.176,8.824,8.901,12157240.0
2023-10-21 20:00:00,8.902,8.975,8.779,8.916,2783840.0
2023-10-22 00:00:00,8.917,9.409,8.843,9.293,10105338.0
2023-10-22 04:00:00,9.292,9.756,9.135,9.31,12929624.0
2023-10-22 08:00:00,9.311,9.433,9.031,9.1,7294612.0
2023-10-22 12:00:00,9.1,9.391,9.081,9.229,5938472.0
2023-10-22 16:00:00,9.233,9.756,9.227,9.395,7207736.0
2023-10-22 20:00:00,9.394,10.25,9.348,10.195,10576257.0
2023-10-23 00:00:00,10.194,11.017,10.022,10.8,15531834.0
2023-10-23 04:00:00,10.802,11.086,10.335,10.453,10493308.0
2023-10-23 08:00:00,10.452,10.622,9.927,10.266,15192001.0
2023-10-23 12:00:00,10.266,10.271,9.789,10.001,10862790.0
2023-10-23 16:00:00,10.001,10.499,9.98,10.283,8900972.0
2023-10-23 20:00:00,10.281,10.999,10.113,10.581,10787856.0
2023-10-24 00:00:00,10.581,11.168,10.141,10.247,16002789.0
2023-10-24 04:00:00,10.244,10.385,10.01,10.102,5605733.0
2023-10-24 08:00:00,10.104,10.548,10.088,10.532,5930779.0
2023-10-24 12:00:00,10.534,10.534,9.522,9.898,10054445.0
2023-10-24 16:00:00,9.898,10.114,9.774,10.021,4620919.0
2023-10-24 20:00:00,10.019,10.486,9.891,10.374,4909064.0
2023-10-25 00:00:00,10.374,11.649,10.342,11.337,14677583.0
2023-10-25 04:00:00,11.342,11.6,10.877,10.922,11305614.0
2023-10-25 08:00:00,10.922,11.287,10.732,11.184,7185530.0
2023-10-25 12:00:00,11.183,11.797,10.902,11.344,9266613.0
2023-10-25 16:00:00,11.343,11.397,10.942,11.168,5147216.0
2023-10-25 20:00:00,11.167,11.18,10.759,11.065,3101793.0
2023-10-26 00:00:00,11.064,11.399,10.861,11.116,4561147.0
2023-10-26 04:00:00,11.115,11.31,10.892,11.219,3583722.0
2023-10-26 08:00:00,11.221,11.349,10.625,10.864,6699644.0
2023-10-26 12:00:00,10.865,11.209,10.343,10.508,8185364.0
2023-10-26 16:00:00,10.507,10.713,10.396,10.704,3096944.0
2023-10-26 20:00:00,10.702,11.149,10.654,10.926,3515936.0
2023-10-27 00:00:00,10.928,11.049,10.6,11.049,4478991.0
2023-10-27 04:00:00,11.049,11.373,10.695,10.724,6719251.0
2023-10-27 08:00:00,10.724,11.128,10.715,10.942,3615013.0
2023-10-27 12:00:00,10.937,11.449,10.8,11.06,9171159.0
2023-10-27 16:00:00,11.061,11.397,10.689,11.113,11102570.0
2023-10-27 20:00:00,11.11,11.296,11.078,11.182,2507508.0
2023-10-28 00:00:00,11.183,11.588,11.026,11.395,4112123.0
2023-10-28 04:00:00,11.394,11.684,11.283,11.295,5363769.0
2023-10-28 08:00:00,11.297,11.6,11.256,11.341,5539291.0
2023-10-28 12:00:00,11.34,11.383,11.06,11.164,3875731.0
2023-10-28 16:00:00,11.164,11.165,10.917,10.949,2518285.0
2023-10-28 20:00:00,10.95,11.085,10.821,10.922,1727043.0
2023-10-29 00:00:00,10.922,10.958,10.742,10.851,3526717.0
2023-10-29 04:00:00,10.85,11.028,10.8,11.014,1730296.0
2023-10-29 08:00:00,11.014,11.222,10.917,10.977,4302982.0
2023-10-29 12:00:00,10.974,11.222,10.876,11.056,3556607.0
2023-10-29 16:00:00,11.056,11.251,11.001,11.06,1978832.0
2023-10-29 20:00:00,11.06,11.312,11.028,11.082,1787583.0
2023-10-30 00:00:00,11.081,11.321,11.029,11.171,4017647.0
2023-10-30 04:00:00,11.171,11.216,10.883,10.948,2832226.0
2023-10-30 08:00:00,10.947,11.515,10.904,11.383,5731788.0
2023-10-30 12:00:00,11.385,11.886,11.213,11.389,6323705.0
2023-10-30 16:00:00,11.389,11.448,11.041,11.215,3037164.0
2023-10-30 20:00:00,11.215,11.258,11.089,11.221,1030410.0
2023-10-31 00:00:00,11.221,11.712,11.203,11.483,6510251.0
2023-10-31 04:00:00,11.481,12.033,11.386,11.431,8955602.0
2023-10-31 08:00:00,11.431,11.633,11.252,11.517,4636144.0
2023-10-31 12:00:00,11.518,11.577,10.91,11.118,6752382.0
2023-10-31 16:00:00,11.117,11.411,11.049,11.29,2454766.0
2023-10-31 20:00:00,11.287,11.439,11.231,11.355,1832004.0
2023-11-01 00:00:00,11.355,11.464,11.153,11.215,1864385.0
2023-11-01 04:00:00,11.219,11.25,10.935,11.101,2243604.0
2023-11-01 08:00:00,11.101,11.19,10.764,10.881,3436170.0
2023-11-01 12:00:00,10.88,11.178,10.649,10.828,6394930.0
2023-11-01 16:00:00,10.827,11.408,10.811,11.242,3508342.0
2023-11-01 20:00:00,11.243,11.79,11.24,11.65,4808544.0
2023-11-02 00:00:00,11.651,11.749,11.405,11.618,3974631.0
2023-11-02 04:00:00,11.619,11.752,11.157,11.177,3245574.0
2023-11-02 08:00:00,11.178,11.312,11.046,11.299,2989444.0
2023-11-02 12:00:00,11.296,11.454,10.868,10.885,4787323.0
2023-11-02 16:00:00,10.885,11.09,10.8,11.078,2434923.0
2023-11-02 20:00:00,11.08,11.125,10.868,11.011,1205992.0
2023-11-03 00:00:00,11.01,11.013,10.501,10.81,3188026.0
2023-11-03 04:00:00,10.811,11.218,10.678,11.174,2962080.0
2023-11-03 08:00:00,11.174,11.337,10.918,11.005,3940974.0
2023-11-03 12:00:00,11.008,11.314,10.937,11.27,3124647.0
2023-11-03 16:00:00,11.273,11.334,11.082,11.215,1996007.0
2023-11-03 20:00:00,11.214,11.605,11.186,11.469,2766560.0
2023-11-04 00:00:00,11.467,11.479,11.267,11.355,1948380.0
2023-11-04 04:00:00,11.353,11.514,11.205,11.229,2486562.0
2023-11-04 08:00:00,11.229,11.394,11.132,11.285,1569151.0
2023-11-04 12:00:00,11.285,11.359,11.171,11.231,1044616.0
2023-11-04 16:00:00,11.232,11.39,11.219,11.361,806497.0
2023-11-04 20:00:00,11.363,11.65,11.324,11.508,1574153.0
2023-11-05 00:00:00,11.508,12.434,11.36,12.4,8704645.0
2023-11-05 04:00:00,12.405,12.58,12.155,12.222,4479888.0
2023-11-05 08:00:00,12.223,12.328,12.087,12.178,2351227.0
2023-11-05 12:00:00,12.177,12.216,11.661,11.746,5518539.0
2023-11-05 16:00:00,11.747,12.061,11.733,11.948,2562483.0
2023-11-05 20:00:00,11.946,12.263,11.783,12.23,2304581.0
2023-11-06 00:00:00,12.23,12.415,12.109,12.296,3323484.0
2023-11-06 04:00:00,12.296,12.779,12.156,12.45,6314054.0
2023-11-06 08:00:00,12.45,12.674,12.325,12.52,2831962.0
2023-11-06 12:00:00,12.519,12.875,12.361,12.647,3827487.0
2023-11-06 16:00:00,12.648,12.794,12.436,12.79,2498865.0
2023-11-06 20:00:00,12.791,13.278,12.701,12.993,3689706.0
2023-11-07 00:00:00,12.993,13.193,12.672,12.996,4756728.0
2023-11-07 04:00:00,12.996,13.347,12.851,13.077,4323760.0
2023-11-07 08:00:00,13.077,13.143,12.6,12.801,4122877.0
2023-11-07 12:00:00,12.798,12.976,12.523,12.715,3590228.0
2023-11-07 16:00:00,12.716,13.251,12.532,13.056,4446147.0
2023-11-07 20:00:00,13.06,13.249,12.962,13.039,2009542.0
2023-11-08 00:00:00,13.038,13.447,12.809,13.251,3580674.0
2023-11-08 04:00:00,13.249,13.634,13.232,13.444,3362728.0
2023-11-08 08:00:00,13.442,13.728,13.405,13.56,2430096.0
2023-11-08 12:00:00,13.559,14.006,13.528,13.732,5116453.0
2023-11-08 16:00:00,13.731,14.796,13.721,14.473,5611978.0
2023-11-08 20:00:00,14.474,14.994,14.468,14.922,4298538.0
2023-11-09 00:00:00,14.921,15.033,14.302,14.498,5054978.0
2023-11-09 04:00:00,14.498,14.766,14.378,14.5,3208324.0
2023-11-09 08:00:00,14.497,14.858,14.399,14.806,2777404.0
2023-11-09 12:00:00,14.81,15.99,14.789,15.117,11605748.0
2023-11-09 16:00:00,15.111,15.211,13.406,14.324,10038341.0
2023-11-09 20:00:00,14.323,14.719,13.994,14.599,3130201.0
2023-11-10 00:00:00,14.597,14.963,14.292,14.327,3641193.0
2023-11-10 04:00:00,14.326,14.529,14.171,14.474,2329735.0
2023-11-10 08:00:00,14.472,14.915,14.12,14.711,3775379.0
2023-11-10 12:00:00,14.715,15.323,14.395,15.048,6497921.0
2023-11-10 16:00:00,15.051,15.528,14.949,15.061,3066922.0
2023-11-10 20:00:00,15.061,15.651,14.907,15.503,2605189.0
2023-11-11 00:00:00,15.507,15.762,14.899,14.941,4305372.0
2023-11-11 04:00:00,14.94,15.225,14.691,15.006,2469371.0
2023-11-11 08:00:00,15.007,15.114,14.769,14.988,2221656.0
2023-11-11 12:00:00,14.987,16.688,14.904,16.302,5943654.0
2023-11-11 16:00:00,16.302,16.642,15.816,16.33,3738515.0
2023-11-11 20:00:00,16.332,16.605,15.901,16.469,3540844.0
2023-11-12 00:00:00,16.469,16.55,15.333,15.807,4072724.0
2023-11-12 04:00:00,15.804,16.367,15.565,16.247,1984750.0
2023-11-12 08:00:00,16.248,16.319,15.859,16.079,1780443.0
2023-11-12 12:00:00,16.079,16.085,15.598,15.943,2323884.0
2023-11-12 16:00:00,15.942,16.339,15.671,16.285,2119040.0
2023-11-12 20:00:00,16.286,16.38,15.841,16.021,1557080.0
2023-11-13 00:00:00,16.021,16.3,15.45,15.504,2747847.0
2023-11-13 04:00:00,15.505,15.604,15.083,15.289,2622715.0
2023-11-13 08:00:00,15.292,15.571,14.935,15.133,2108563.0
2023-11-13 12:00:00,15.133,15.322,14.472,15.142,4654521.0
2023-11-13 16:00:00,15.139,15.39,14.718,15.15,1881211.0
2023-11-13 20:00:00,15.151,15.153,14.307,14.357,2761867.0
2023-11-14 00:00:00,14.359,14.763,14.035,14.639,2983305.0
2023-11-14 04:00:00,14.64,14.87,14.576,14.8,1358309.0
2023-11-14 08:00:00,14.802,14.914,14.218,14.305,2618792.0
2023-11-14 12:00:00,14.306,14.751,13.809,14.063,5953527.0
2023-11-14 16:00:00,14.065,14.525,13.25,14.055,5566071.0
2023-11-14 20:00:00,14.056,14.313,13.912,13.95,1701499.0
2023-11-15 00:00:00,13.951,14.296,13.932,14.159,1762769.0
2023-11-15 04:00:00,14.159,14.729,14.146,14.596,2147251.0
2023-11-15 08:00:00,14.596,15.18,14.575,15.137,1979109.0
2023-11-15 12:00:00,15.134,15.149,14.611,14.882,2224747.0
2023-11-15 16:00:00,14.878,15.149,14.714,15.148,2810889.0
2023-11-15 20:00:00,15.147,15.398,14.911,15.028,1803070.0
2023-11-16 00:00:00,15.028,15.136,14.77,14.932,2126126.0
2023-11-16 04:00:00,14.932,15.25,14.64,14.99,2535482.0
2023-11-16 08:00:00,14.989,15.071,14.588,14.677,2593333.0
2023-11-16 12:00:00,14.678,14.686,13.882,14.126,4450036.0
2023-11-16 16:00:00,14.127,14.246,13.537,14.029,2763965.0
2023-11-16 20:00:00,14.029,14.138,13.673,13.865,1995416.0
2023-11-17 00:00:00,13.865,14.263,13.84,13.987,1406172.0
2023-11-17 04:00:00,13.986,14.068,13.733,13.788,1020268.0
2023-11-17 08:00:00,13.789,13.884,13.235,13.424,2543018.0
2023-11-17 12:00:00,13.424,13.635,12.848,12.953,4553481.0
2023-11-17 16:00:00,12.953,13.65,12.863,13.533,2957628.0
2023-11-17 20:00:00,13.533,13.835,13.426,13.709,1254664.0
2023-11-18 00:00:00,13.708,13.711,13.362,13.399,960804.0
2023-11-18 04:00:00,13.4,13.516,12.915,13.349,1425416.0
2023-11-18 08:00:00,13.347,13.497,13.233,13.31,1111129.0
2023-11-18 12:00:00,13.309,13.577,13.099,13.542,1506865.0
2023-11-18 16:00:00,13.541,13.809,13.526,13.711,1397032.0
2023-11-18 20:00:00,13.712,13.763,13.534,13.751,644251.0
2023-11-19 00:00:00,13.75,14.149,13.363,14.108,2436336.0
2023-11-19 04:00:00,14.107,14.368,13.938,14.281,2470218.0
2023-11-19 08:00:00,14.281,14.355,14.06,14.18,1567952.0
2023-11-19 12:00:00,14.19,14.27,13.967,14.204,1275976.0
2023-11-19 16:00:00,14.202,14.859,14.152,14.859,1600921.0
2023-11-19 20:00:00,14.86,15.057,14.757,14.906,2307385.0
2023-11-20 00:00:00,14.905,15.174,14.749,14.868,1820002.0
2023-11-20 04:00:00,14.867,15.296,14.83,15.215,1510654.0
2023-11-20 08:00:00,15.216,15.4,15.022,15.101,1922075.0
2023-11-20 12:00:00,15.099,15.385,14.607,15.128,3148373.0
2023-11-20 16:00:00,15.128,15.247,14.675,14.799,2235603.0
2023-11-20 20:00:00,14.801,14.845,14.358,14.482,1764205.0
2023-11-21 00:00:00,14.48,14.669,14.22,14.402,1752596.0
2023-11-21 04:00:00,14.402,14.403,14.045,14.114,1595074.0
2023-11-21 08:00:00,14.114,14.329,14.104,14.169,1409604.0
2023-11-21 12:00:00,14.171,14.402,13.73,14.254,4517530.0
2023-11-21 16:00:00,14.246,14.327,13.502,13.983,4504554.0
2023-11-21 20:00:00,13.986,14.213,13.301,13.367,3120040.0
2023-11-22 00:00:00,13.365,13.964,13.209,13.957,1919902.0
2023-11-22 04:00:00,13.957,14.321,13.93,14.129,2633586.0
2023-11-22 08:00:00,14.126,14.282,14.047,14.127,1108912.0
2023-11-22 12:00:00,14.128,14.401,14.068,14.234,1838185.0
2023-11-22 16:00:00,14.234,14.569,14.148,14.469,1732009.0
2023-11-22 20:00:00,14.472,14.63,14.184,14.207,2306711.0
2023-11-23 00:00:00,14.207,14.577,14.146,14.411,1318360.0
2023-11-23 04:00:00,14.411,14.659,14.367,14.536,1044440.0
2023-11-23 08:00:00,14.537,14.654,14.257,14.346,1286137.0
2023-11-23 12:00:00,14.346,14.407,14.123,14.147,1415498.0
2023-11-23 16:00:00,14.148,14.9,14.127,14.519,2986833.0
2023-11-23 20:00:00,14.519,14.665,14.362,14.395,1072636.0
2023-11-24 00:00:00,14.394,14.509,14.323,14.365,810920.0
2023-11-24 04:00:00,14.366,14.432,14.202,14.379,916141.0
2023-11-24 08:00:00,14.381,14.645,14.341,14.411,1429031.0
2023-11-24 12:00:00,14.411,14.658,14.307,14.581,1283546.0
2023-11-24 16:00:00,14.58,14.88,14.34,14.392,1899646.0
2023-11-24 20:00:00,14.392,14.489,14.26,14.489,735377.0
2023-11-25 00:00:00,14.486,14.77,14.371,14.756,981878.0
2023-11-25 04:00:00,14.756,14.787,14.635,14.75,759323.0
2023-11-25 08:00:00,14.75,14.978,14.635,14.756,1790927.0
2023-11-25 12:00:00,14.76,14.881,14.65,14.785,954546.0
2023-11-25 16:00:00,14.785,14.874,14.702,14.706,645925.0
2023-11-25 20:00:00,14.704,14.785,14.671,14.765,383157.0
2023-11-26 00:00:00,14.766,14.87,14.622,14.777,889053.0
2023-11-26 04:00:00,14.777,15.179,14.767,15.101,1305793.0
2023-11-26 08:00:00,15.103,15.33,15.072,15.198,1868410.0
2023-11-26 12:00:00,15.202,15.225,14.64,14.801,2810285.0
2023-11-26 16:00:00,14.798,14.898,14.29,14.666,2284134.0
2023-11-26 20:00:00,14.665,14.87,14.562,14.761,869790.0
2023-11-27 00:00:00,14.761,15.306,14.561,14.682,2862756.0
2023-11-27 04:00:00,14.68,14.831,14.337,14.511,2362635.0
2023-11-27 08:00:00,14.511,14.556,14.179,14.247,2068835.0
2023-11-27 12:00:00,14.248,14.338,14.046,14.086,1574857.0
2023-11-27 16:00:00,14.089,14.305,13.877,13.962,1369519.0
2023-11-27 20:00:00,13.964,14.262,13.885,14.188,841273.0
2023-11-28 00:00:00,14.187,14.314,14.134,14.142,825371.0
2023-11-28 04:00:00,14.151,14.181,13.777,13.982,1605371.0
2023-11-28 08:00:00,13.983,14.329,13.908,14.298,1164766.0
2023-11-28 12:00:00,14.3,14.454,14.165,14.384,1259277.0
2023-11-28 16:00:00,14.385,14.718,14.325,14.592,1724973.0
2023-11-28 20:00:00,14.591,14.682,14.441,14.528,791725.0
2023-11-29 00:00:00,14.529,14.671,14.434,14.646,741151.0
2023-11-29 04:00:00,14.646,14.793,14.53,14.692,852915.0
2023-11-29 08:00:00,14.694,14.999,14.622,14.745,1674578.0
2023-11-29 12:00:00,14.743,14.87,14.38,14.584,1764155.0
2023-11-29 16:00:00,14.587,14.693,14.41,14.647,858212.0
2023-11-29 20:00:00,14.648,14.668,14.452,14.512,429850.0
2023-11-30 00:00:00,14.514,14.645,14.334,14.641,1009771.0
2023-11-30 04:00:00,14.64,14.701,14.394,14.431,680506.0
2023-11-30 08:00:00,14.434,14.808,14.286,14.767,1549744.0
2023-11-30 12:00:00,14.768,14.836,14.325,14.394,1617534.0
2023-11-30 16:00:00,14.393,14.449,14.315,14.328,675731.0
2023-11-30 20:00:00,14.328,14.409,14.256,14.409,733044.0
2023-12-01 00:00:00,14.409,14.646,14.271,14.618,1148824.0
2023-12-01 04:00:00,14.618,14.78,14.552,14.735,941668.0
2023-12-01 08:00:00,14.734,14.858,14.705,14.8,747836.0
2023-12-01 12:00:00,14.799,15.02,14.692,14.934,1213881.0
2023-12-01 16:00:00,14.933,15.048,14.859,14.955,1068715.0
2023-12-01 20:00:00,14.955,15.01,14.893,14.987,389346.0
2023-12-02 00:00:00,14.988,15.48,14.919,15.346,1516534.0
2023-12-02 04:00:00,15.345,15.89,15.251,15.747,1992694.0
2023-12-02 08:00:00,15.748,15.898,15.611,15.652,1524167.0
2023-12-02 12:00:00,15.65,15.885,15.606,15.843,2100512.0
2023-12-02 16:00:00,15.844,16.178,15.689,16.11,3078280.0
2023-12-02 20:00:00,16.109,16.206,15.909,15.993,1471094.0
2023-12-03 00:00:00,15.994,16.142,15.8,15.957,2092308.0
2023-12-03 04:00:00,15.958,16.306,15.88,16.285,1571618.0
2023-12-03 08:00:00,16.286,16.297,15.895,15.999,1283539.0
2023-12-03 12:00:00,15.999,16.061,15.74,15.834,1683975.0
2023-12-03 16:00:00,15.833,15.919,15.733,15.862,656134.0
2023-12-03 20:00:00,15.861,16.149,15.651,15.714,1127223.0
2023-12-04 00:00:00,15.712,16.02,15.623,15.905,1700969.0
2023-12-04 04:00:00,15.906,16.416,15.906,16.083,2623184.0
2023-12-04 08:00:00,16.083,16.25,15.053,15.625,3602928.0
2023-12-04 12:00:00,15.626,16.112,15.386,15.455,2576784.0
2023-12-04 16:00:00,15.457,15.738,15.432,15.648,836926.0
2023-12-04 20:00:00,15.649,15.826,15.523,15.819,695669.0
2023-12-05 00:00:00,15.819,16.037,15.547,15.655,1500867.0
2023-12-05 04:00:00,15.659,15.662,15.199,15.326,1747454.0
2023-12-05 08:00:00,15.327,15.455,15.169,15.318,1249722.0
2023-12-05 12:00:00,15.318,15.617,15.245,15.532,1263768.0
2023-12-05 16:00:00,15.532,16.099,15.409,15.72,2546951.0
2023-12-05 20:00:00,15.721,15.851,15.455,15.729,1122290.0
2023-12-06 00:00:00,15.729,16.172,15.606,15.716,2271529.0
2023-12-06 04:00:00,15.716,15.809,15.32,15.625,1873140.0
2023-12-06 08:00:00,15.624,16.113,15.32,15.543,2345768.0
2023-12-06 12:00:00,15.544,15.766,15.447,15.544,1152571.0
2023-12-06 16:00:00,15.544,15.794,15.491,15.768,743880.0
2023-12-06 20:00:00,15.767,15.809,15.222,15.266,925296.0
2023-12-07 00:00:00,15.265,15.479,15.243,15.47,729676.0
2023-12-07 04:00:00,15.47,15.729,15.441,15.57,833628.0
2023-12-07 08:00:00,15.571,15.631,15.033,15.103,2249706.0
2023-12-07 12:00:00,15.102,15.355,14.624,15.236,2986189.0
2023-12-07 16:00:00,15.237,15.626,15.143,15.232,1542375.0
2023-12-07 20:00:00,15.233,15.824,15.164,15.7,1668241.0
2023-12-08 00:00:00,15.699,15.996,15.556,15.827,1482974.0
2023-12-08 04:00:00,15.826,16.108,15.741,15.911,1796232.0
2023-12-08 08:00:00,15.912,16.538,15.89,16.44,3210566.0
2023-12-08 12:00:00,16.444,17.346,16.338,16.695,5445202.0
2023-12-08 16:00:00,16.696,16.896,16.539,16.78,1637367.0
2023-12-08 20:00:00,16.782,17.025,16.733,16.935,887522.0
2023-12-09 00:00:00,16.937,17.2,16.628,16.868,1695179.0
2023-12-09 04:00:00,16.872,17.296,16.861,17.204,2187843.0
2023-12-09 08:00:00,17.204,17.33,16.558,16.989,3550944.0
2023-12-09 12:00:00,16.99,17.113,16.35,16.624,2808160.0
2023-12-09 16:00:00,16.625,16.675,16.271,16.563,1409331.0
2023-12-09 20:00:00,16.564,16.59,16.015,16.194,1206604.0
2023-12-10 00:00:00,16.197,16.458,16.196,16.372,862409.0
2023-12-10 04:00:00,16.37,16.428,16.186,16.322,589959.0
2023-12-10 08:00:00,16.316,16.361,15.787,15.934,1616041.0
2023-12-10 12:00:00,15.933,16.189,15.906,16.134,885140.0
2023-12-10 16:00:00,16.133,16.218,15.953,16.217,629171.0
2023-12-10 20:00:00,16.216,16.455,16.192,16.37,858017.0
2023-12-11 00:00:00,16.371,16.466,13.697,15.088,8410456.0
2023-12-11 04:00:00,15.091,15.215,14.754,14.859,2668868.0
2023-12-11 08:00:00,14.857,15.181,14.729,15.046,1364770.0
2023-12-11 12:00:00,15.046,15.08,14.609,14.79,1764542.0
2023-12-11 16:00:00,14.787,14.893,14.204,14.57,2709201.0
2023-12-11 20:00:00,14.571,14.825,14.497,14.766,881276.0
2023-12-12 00:00:00,14.765,15.14,14.756,14.983,1602023.0
2023-12-12 04:00:00,14.983,15.069,14.694,15.036,1178671.0
2023-12-12 08:00:00,15.037,15.052,14.779,14.801,1003337.0
2023-12-12 12:00:00,14.801,15.08,14.547,14.65,1906838.0
2023-12-12 16:00:00,14.652,14.654,14.177,14.409,1906360.0
2023-12-12 20:00:00,14.408,14.567,14.163,14.526,851606.0
2023-12-13 00:00:00,14.525,14.584,13.901,14.084,2714937.0
2023-12-13 04:00:00,14.079,14.27,13.854,14.208,1924536.0
2023-12-13 08:00:00,14.21,14.37,14.082,14.112,1085446.0
2023-12-13 12:00:00,14.112,14.659,14.094,14.569,1983718.0
2023-12-13 16:00:00,14.57,14.805,14.353,14.784,1401917.0
2023-12-13 20:00:00,14.785,14.985,14.656,14.772,1216398.0
2023-12-14 00:00:00,14.772,14.902,14.67,14.749,881999.0
2023-12-14 04:00:00,14.75,14.968,14.63,14.847,896446.0
2023-12-14 08:00:00,14.846,15.314,14.772,15.275,1430315.0
2023-12-14 12:00:00,15.276,15.36,14.135,14.865,3973500.0
2023-12-14 16:00:00,14.866,15.586,14.843,15.277,2240018.0
2023-12-14 20:00:00,15.275,15.515,15.141,15.38,818953.0
2023-12-15 00:00:00,15.38,15.401,14.94,15.011,986266.0
2023-12-15 04:00:00,15.011,15.058,14.861,14.892,801840.0
2023-12-15 08:00:00,14.892,15.206,14.871,15.055,815978.0
2023-12-15 12:00:00,15.054,15.096,14.642,14.77,1484437.0
2023-12-15 16:00:00,14.77,14.885,14.679,14.776,590766.0
2023-12-15 20:00:00,14.776,14.837,14.249,14.277,1258472.0
2023-12-16 00:00:00,14.276,14.518,14.084,14.502,911594.0
2023-12-16 04:00:00,14.502,14.633,14.405,14.436,618002.0
2023-12-16 08:00:00,14.438,14.563,14.4,14.557,613895.0
2023-12-16 12:00:00,14.556,14.657,14.47,14.647,657101.0
2023-12-16 16:00:00,14.644,14.806,14.313,14.387,932736.0
2023-12-16 20:00:00,14.394,14.476,14.281,14.325,435390.0
2023-12-17 00:00:00,14.327,14.357,14.126,14.193,535751.0
2023-12-17 04:00:00,14.192,14.289,14.009,14.038,658005.0
2023-12-17 08:00:00,14.037,14.285,14.013,14.205,444996.0
2023-12-17 12:00:00,14.206,14.259,14.009,14.241,570981.0
2023-12-17 16:00:00,14.245,14.372,14.129,14.282,582127.0
2023-12-17 20:00:00,14.282,14.351,13.907,14.02,516017.0
2023-12-18 00:00:00,14.02,14.157,13.632,13.87,1093865.0
2023-12-18 04:00:00,13.874,13.997,13.81,13.875,587569.0
2023-12-18 08:00:00,13.874,14.437,13.771,14.179,4100232.0
2023-12-18 12:00:00,14.179,14.374,13.963,13.992,1931362.0
2023-12-18 16:00:00,13.991,14.39,13.843,14.306,1189701.0
2023-12-18 20:00:00,14.302,14.679,14.25,14.668,1208021.0
2023-12-19 00:00:00,14.666,14.806,14.527,14.642,861459.0
2023-12-19 04:00:00,14.643,14.698,14.532,14.596,518092.0
2023-12-19 08:00:00,14.597,14.662,14.452,14.551,676210.0
2023-12-19 12:00:00,14.553,14.579,14.11,14.237,1107759.0
2023-12-19 16:00:00,14.238,14.323,13.923,14.083,1029392.0
2023-12-19 20:00:00,14.077,14.154,13.971,14.099,492707.0
2023-12-20 00:00:00,14.101,14.215,13.978,14.145,564599.0
2023-12-20 04:00:00,14.145,14.447,14.118,14.429,553759.0
2023-12-20 08:00:00,14.426,14.522,14.321,14.402,482812.0
2023-12-20 12:00:00,14.404,14.811,14.326,14.715,1321687.0
2023-12-20 16:00:00,14.717,14.74,14.327,14.338,1306316.0
2023-12-20 20:00:00,14.341,14.363,14.032,14.253,1192749.0
2023-12-21 00:00:00,14.254,14.354,14.184,14.301,615990.0
2023-12-21 04:00:00,14.297,14.477,14.214,14.442,828693.0
2023-12-21 08:00:00,14.442,15.093,14.442,15.092,1734680.0
2023-12-21 12:00:00,15.091,15.18,14.615,14.976,1969526.0
2023-12-21 16:00:00,14.975,15.199,14.901,14.97,1761096.0
2023-12-21 20:00:00,14.972,15.316,14.93,15.307,901810.0
2023-12-22 00:00:00,15.307,15.539,15.171,15.305,1522184.0
2023-12-22 04:00:00,15.303,15.746,15.06,15.18,2089403.0
2023-12-22 08:00:00,15.176,15.415,15.055,15.328,1109114.0
2023-12-22 12:00:00,15.328,15.69,15.105,15.479,1593234.0
2023-12-22 16:00:00,15.477,15.703,15.301,15.32,943411.0
2023-12-22 20:00:00,15.318,15.517,15.316,15.485,515613.0
2023-12-23 00:00:00,15.485,15.541,14.866,14.985,1172446.0
2023-12-23 04:00:00,14.985,15.145,14.895,15.022,533953.0
2023-12-23 08:00:00,15.022,15.34,14.975,15.271,897136.0
2023-12-23 12:00:00,15.273,15.878,15.228,15.823,1755439.0
2023-12-23 16:00:00,15.825,15.912,15.5,15.623,1285494.0
2023-12-23 20:00:00,15.625,15.782,15.432,15.68,822481.0
2023-12-24 00:00:00,15.679,15.928,15.54,15.652,1078401.0
2023-12-24 04:00:00,15.652,15.804,15.292,15.539,1243466.0
2023-12-24 08:00:00,15.539,15.823,15.426,15.686,1248793.0
2023-12-24 12:00:00,15.683,15.923,15.579,15.796,1009367.0
2023-12-24 16:00:00,15.797,15.983,15.672,15.859,772713.0
2023-12-24 20:00:00,15.859,15.932,15.082,15.264,1482189.0
2023-12-25 00:00:00,15.265,15.444,15.124,15.431,565517.0
2023-12-25 04:00:00,15.432,15.566,15.362,15.398,471789.0
2023-12-25 08:00:00,15.398,15.512,15.14,15.24,1051912.0
2023-12-25 12:00:00,15.24,15.663,15.171,15.547,1598587.0
2023-12-25 16:00:00,15.546,15.561,15.287,15.392,784984.0
2023-12-25 20:00:00,15.392,15.765,15.189,15.589,973245.0
2023-12-26 00:00:00,15.594,15.923,15.494,15.764,817637.0
2023-12-26 04:00:00,15.766,15.847,15.063,15.298,1556316.0
2023-12-26 08:00:00,15.3,15.436,15.034,15.405,884421.0
2023-12-26 12:00:00,15.407,15.501,15.056,15.073,988173.0
2023-12-26 16:00:00,15.074,15.195,14.212,14.835,1957267.0
2023-12-26 20:00:00,14.836,15.111,14.829,15.095,745332.0
2023-12-27 00:00:00,15.096,15.107,14.647,14.739,749221.0
2023-12-27 04:00:00,14.74,14.99,14.732,14.895,409239.0
2023-12-27 08:00:00,14.895,15.515,14.879,15.462,827362.0
2023-12-27 12:00:00,15.463,16.379,15.387,16.158,3188217.0
2023-12-27 16:00:00,16.158,16.687,16.123,16.325,2407384.0
2023-12-27 20:00:00,16.327,16.751,16.289,16.72,947892.0
2023-12-28 00:00:00,16.722,17.679,16.657,17.438,3530735.0
2023-12-28 04:00:00,17.44,17.59,16.7,16.947,2451353.0
2023-12-28 08:00:00,16.947,17.332,16.886,17.32,1916389.0
2023-12-28 12:00:00,17.321,17.331,16.081,16.164,3323308.0
2023-12-28 16:00:00,16.162,16.526,16.113,16.476,962483.0
2023-12-28 20:00:00,16.478,16.523,15.972,16.012,878725.0
2023-12-29 00:00:00,16.011,16.127,15.535,15.943,1581079.0
2023-12-29 04:00:00,15.944,16.033,15.675,15.73,651104.0
2023-12-29 08:00:00,15.731,16.229,15.721,16.172,801939.0
2023-12-29 12:00:00,16.173,16.221,15.45,15.591,1615204.0
2023-12-29 16:00:00,15.595,15.67,15.188,15.589,1406481.0
2023-12-29 20:00:00,15.588,15.623,15.108,15.544,657677.0
2023-12-30 00:00:00,15.545,15.637,15.213,15.292,597045.0
2023-12-30 04:00:00,15.292,15.489,15.283,15.312,279454.0
2023-12-30 08:00:00,15.312,15.332,15.012,15.143,550499.0
2023-12-30 12:00:00,15.148,15.41,15.104,15.378,443317.0
2023-12-30 16:00:00,15.378,15.491,15.218,15.261,377839.0
2023-12-30 20:00:00,15.26,15.325,15.055,15.167,274686.0
2023-12-31 00:00:00,15.171,15.347,14.917,15.032,481291.0
