timestamp,open,high,low,close,volume
2022-12-31 00:00:00,9.887,10.05,9.724,9.726,2610759.0
2022-12-31 04:00:00,9.727,9.867,9.653,9.833,1715727.0
2022-12-31 08:00:00,9.833,9.926,9.732,9.855,1894924.0
2022-12-31 12:00:00,9.853,10.246,9.853,10.14,3478299.0
2022-12-31 16:00:00,10.141,10.182,9.909,10.049,1964499.0
2022-12-31 20:00:00,10.05,10.111,9.843,9.971,962991.0
2023-01-01 00:00:00,9.97,10.089,9.91,9.971,1521666.0
2023-01-01 04:00:00,9.97,9.99,9.692,9.8,1970815.0
2023-01-01 08:00:00,9.801,9.975,9.702,9.912,2010708.0
2023-01-01 12:00:00,9.914,9.95,9.775,9.843,1232212.0
2023-01-01 16:00:00,9.844,10.05,9.828,9.953,1312647.0
2023-01-01 20:00:00,9.953,10.054,9.934,9.983,672607.0
2023-01-02 00:00:00,9.982,10.018,9.803,9.986,1234187.0
2023-01-02 04:00:00,9.986,12.142,9.935,11.099,6893954.0
2023-01-02 08:00:00,11.099,11.4,10.856,11.016,4962882.0
2023-01-02 12:00:00,11.017,11.251,11.005,11.116,3297810.0
2023-01-02 16:00:00,11.113,11.531,11.076,11.255,1583178.0
2023-01-02 20:00:00,11.253,11.434,11.182,11.262,1467808.0
2023-01-03 00:00:00,11.262,11.33,10.992,11.206,2058597.0
2023-01-03 04:00:00,11.209,11.919,11.196,11.859,6742552.0
2023-01-03 08:00:00,11.858,11.986,11.66,11.812,3886882.0
2023-01-03 12:00:00,11.811,12.85,11.756,12.765,12920885.0
2023-01-03 16:00:00,12.765,13.86,12.63,12.906,13090343.0
2023-01-03 20:00:00,12.906,13.53,12.906,13.377,3596484.0
2023-01-04 00:00:00,13.377,14.0,13.21,13.435,10879110.0
2023-01-04 04:00:00,13.439,14.192,13.208,14.055,8673218.0
2023-01-04 08:00:00,14.054,14.054,13.55,13.678,6079379.0
2023-01-04 12:00:00,13.679,13.779,13.257,13.455,7289620.0
2023-01-04 16:00:00,13.455,13.655,13.03,13.175,7190566.0
2023-01-04 20:00:00,13.174,13.569,12.794,13.4,3632533.0
2023-01-05 00:00:00,13.397,13.431,13.048,13.239,3347812.0
2023-01-05 04:00:00,13.239,13.522,13.155,13.277,3102448.0
2023-01-05 08:00:00,13.277,13.295,12.925,13.243,3582119.0
2023-01-05 12:00:00,13.244,13.378,13.001,13.271,4068478.0
2023-01-05 16:00:00,13.271,13.5,13.061,13.412,2584211.0
2023-01-05 20:00:00,13.411,13.813,13.335,13.427,3804349.0
2023-01-06 00:00:00,13.426,13.566,13.141,13.205,3099667.0
2023-01-06 04:00:00,13.203,13.265,13.04,13.145,2576107.0
2023-01-06 08:00:00,13.14,13.233,12.814,12.983,3766777.0
2023-01-06 12:00:00,12.985,13.178,12.631,13.159,6076355.0
2023-01-06 16:00:00,13.161,13.449,13.052,13.375,3556998.0
2023-01-06 20:00:00,13.377,13.611,13.172,13.51,1733985.0
2023-01-07 00:00:00,13.506,13.511,13.264,13.312,1823837.0
2023-01-07 04:00:00,13.313,13.318,13.192,13.285,1293333.0
2023-01-07 08:00:00,13.284,13.334,13.126,13.145,1412692.0
2023-01-07 12:00:00,13.145,13.288,13.135,13.273,1349574.0
2023-01-07 16:00:00,13.273,13.286,13.167,13.214,739437.0
2023-01-07 20:00:00,13.219,13.248,13.011,13.095,743143.0
2023-01-08 00:00:00,13.093,13.4,12.841,13.363,3933827.0
2023-01-08 04:00:00,13.364,13.443,13.254,13.331,1275673.0
2023-01-08 08:00:00,13.331,13.786,13.272,13.512,4192043.0
2023-01-08 12:00:00,13.513,13.998,13.436,13.874,4014637.0
2023-01-08 16:00:00,13.876,13.897,13.445,13.53,2995010.0
2023-01-08 20:00:00,13.529,14.988,13.511,14.468,4336623.0
2023-01-09 00:00:00,14.461,16.88,14.283,16.059,13337427.0
2023-01-09 04:00:00,16.059,16.561,15.951,16.357,5300397.0
2023-01-09 08:00:00,16.361,16.859,16.081,16.345,4883031.0
2023-01-09 12:00:00,16.339,17.493,16.027,17.112,8194795.0
2023-01-09 16:00:00,17.114,17.365,16.238,16.297,6110857.0
2023-01-09 20:00:00,16.293,16.698,16.037,16.276,3793646.0
2023-01-10 00:00:00,16.275,16.59,15.532,15.961,4780115.0
2023-01-10 04:00:00,15.963,16.299,15.854,15.889,4021026.0
2023-01-10 08:00:00,15.893,16.35,15.82,16.037,2812035.0
2023-01-10 12:00:00,16.034,16.507,15.81,16.237,4661008.0
2023-01-10 16:00:00,16.239,16.494,16.026,16.383,2178660.0
2023-01-10 20:00:00,16.385,16.752,16.132,16.2,2077259.0
2023-01-11 00:00:00,16.197,16.326,15.862,16.014,2461728.0
2023-01-11 04:00:00,16.015,16.159,15.833,16.103,1979065.0
2023-01-11 08:00:00,16.103,16.135,15.943,16.029,1139485.0
2023-01-11 12:00:00,16.028,16.028,15.304,15.417,3642625.0
2023-01-11 16:00:00,15.416,16.132,15.27,16.01,2970713.0
2023-01-11 20:00:00,16.01,16.616,15.748,16.364,2979595.0
2023-01-12 00:00:00,16.369,17.043,16.141,16.429,4046631.0
2023-01-12 04:00:00,16.429,16.506,16.155,16.243,1522609.0
2023-01-12 08:00:00,16.244,16.244,15.901,16.074,1630183.0
2023-01-12 12:00:00,16.075,16.5,15.49,15.942,5937231.0
2023-01-12 16:00:00,15.945,16.799,15.888,16.546,3669884.0
2023-01-12 20:00:00,16.548,16.726,16.305,16.599,1510838.0
2023-01-13 00:00:00,16.599,16.9,16.289,16.7,1726177.0
2023-01-13 04:00:00,16.705,17.352,16.695,16.886,4125566.0
2023-01-13 08:00:00,16.892,17.1,16.53,16.653,2260784.0
2023-01-13 12:00:00,16.658,16.862,16.442,16.79,2215166.0
2023-01-13 16:00:00,16.791,17.23,16.5,17.183,2241066.0
2023-01-13 20:00:00,17.183,18.659,17.022,18.307,5375101.0
2023-01-14 00:00:00,18.311,22.895,18.21,21.944,14673267.0
2023-01-14 04:00:00,21.944,24.814,21.775,23.559,11515364.0
2023-01-14 08:00:00,23.559,23.92,21.295,22.373,11505424.0
2023-01-14 12:00:00,22.377,23.72,21.739,22.311,8558274.0
2023-01-14 16:00:00,22.311,23.421,22.124,23.079,6097012.0
2023-01-14 20:00:00,23.078,24.88,22.449,24.288,4415940.0
2023-01-15 00:00:00,24.281,25.16,22.473,23.056,7192749.0
2023-01-15 04:00:00,23.057,23.173,22.123,22.625,3070047.0
2023-01-15 08:00:00,22.625,23.15,21.98,22.905,4292424.0
2023-01-15 12:00:00,22.904,23.877,22.702,23.682,5537485.0
2023-01-15 16:00:00,23.677,23.81,22.865,23.371,3888197.0
2023-01-15 20:00:00,23.371,23.416,22.573,22.886,1793327.0
2023-01-16 00:00:00,22.886,24.24,22.451,23.225,3516295.0
2023-01-16 04:00:00,23.228,25.0,23.026,24.266,4488269.0
2023-01-16 08:00:00,24.262,24.269,22.855,23.374,4068509.0
2023-01-16 12:00:00,23.374,23.539,22.2,23.072,4159933.0
2023-01-16 16:00:00,23.065,23.874,22.859,23.571,2378975.0
2023-01-16 20:00:00,23.572,24.326,23.314,23.61,1678382.0
2023-01-17 00:00:00,23.61,23.82,22.756,23.18,2600419.0
2023-01-17 04:00:00,23.161,23.8,23.115,23.398,1843715.0
2023-01-17 08:00:00,23.401,24.0,23.354,23.76,1675944.0
2023-01-17 12:00:00,23.759,23.99,23.124,23.266,3328350.0
2023-01-17 16:00:00,23.273,23.559,23.008,23.431,1321005.0
2023-01-17 20:00:00,23.43,23.689,22.656,22.833,1355920.0
2023-01-18 00:00:00,22.833,23.35,22.617,23.06,2256352.0
2023-01-18 04:00:00,23.056,23.334,22.858,22.983,978799.0
2023-01-18 08:00:00,22.986,22.986,22.089,22.512,2148837.0
2023-01-18 12:00:00,22.511,23.668,20.659,21.767,5997323.0
2023-01-18 16:00:00,21.762,22.312,20.336,21.806,8402619.0
2023-01-18 20:00:00,21.803,21.901,20.696,20.817,2798421.0
2023-01-19 00:00:00,20.817,21.506,20.785,21.327,2286357.0
2023-01-19 04:00:00,21.321,21.752,21.238,21.277,1435946.0
2023-01-19 08:00:00,21.277,21.508,20.812,20.961,1505932.0
2023-01-19 12:00:00,20.962,21.215,20.436,21.08,2447384.0
2023-01-19 16:00:00,21.083,21.72,20.836,21.622,1770185.0
2023-01-19 20:00:00,21.622,21.861,21.289,21.395,965773.0
2023-01-20 00:00:00,21.391,21.643,21.038,21.359,1515189.0
2023-01-20 04:00:00,21.352,21.431,20.944,21.097,1220791.0
2023-01-20 08:00:00,21.094,21.236,20.95,21.117,1043090.0
2023-01-20 12:00:00,21.118,21.526,21.06,21.4,1411805.0
2023-01-20 16:00:00,21.399,23.446,21.391,23.323,3837153.0
2023-01-20 20:00:00,23.319,25.921,23.309,25.523,5816964.0
2023-01-21 00:00:00,25.525,25.888,24.223,24.822,3857030.0
2023-01-21 04:00:00,24.821,25.75,24.696,25.505,2259277.0
2023-01-21 08:00:00,25.508,26.649,24.277,25.204,5532074.0
2023-01-21 12:00:00,25.199,25.656,25.068,25.243,2198128.0
2023-01-21 16:00:00,25.246,26.128,25.103,25.623,2137243.0
2023-01-21 20:00:00,25.616,25.688,24.5,24.549,1327119.0
2023-01-22 00:00:00,24.548,25.327,24.391,25.022,2013064.0
2023-01-22 04:00:00,25.015,25.481,24.947,25.136,1151861.0
2023-01-22 08:00:00,25.133,25.328,24.76,24.894,1292489.0
2023-01-22 12:00:00,24.894,25.433,24.616,24.945,1953347.0
2023-01-22 16:00:00,24.945,25.307,24.7,24.921,1174266.0
2023-01-22 20:00:00,24.921,24.938,23.485,24.205,2634403.0
2023-01-23 00:00:00,24.204,24.923,24.058,24.51,1312775.0
2023-01-23 04:00:00,24.514,24.78,24.325,24.463,850719.0
2023-01-23 08:00:00,24.463,24.829,24.119,24.638,1055435.0
2023-01-23 12:00:00,24.64,24.738,23.68,24.19,3322355.0
2023-01-23 16:00:00,24.192,24.764,23.939,24.157,1859405.0
2023-01-23 20:00:00,24.155,24.527,24.011,24.331,711842.0
2023-01-24 00:00:00,24.329,25.29,24.048,25.017,1513942.0
2023-01-24 04:00:00,25.014,25.037,24.654,24.798,779241.0
2023-01-24 08:00:00,24.794,24.95,24.24,24.452,1251174.0
2023-01-24 12:00:00,24.455,24.573,23.888,24.477,1816552.0
2023-01-24 16:00:00,24.479,24.548,24.066,24.475,728567.0
2023-01-24 20:00:00,24.474,24.519,22.221,22.78,3121338.0
2023-01-25 00:00:00,22.78,22.968,22.183,22.905,2048335.0
2023-01-25 04:00:00,22.908,23.414,22.839,23.249,1101322.0
2023-01-25 08:00:00,23.242,23.396,23.0,23.156,1249548.0
2023-01-25 12:00:00,23.16,24.617,22.715,23.354,4416705.0
2023-01-25 16:00:00,23.35,23.767,23.206,23.71,1436702.0
2023-01-25 20:00:00,23.709,25.451,23.706,24.5,3313455.0
2023-01-26 00:00:00,24.514,25.274,24.454,24.81,1524998.0
2023-01-26 04:00:00,24.818,24.99,24.264,24.369,1275412.0
2023-01-26 08:00:00,24.37,24.57,24.06,24.299,1008712.0
2023-01-26 12:00:00,24.302,25.114,24.02,24.236,2863192.0
2023-01-26 16:00:00,24.231,24.753,23.638,24.479,1602935.0
2023-01-26 20:00:00,24.479,24.64,24.219,24.363,587822.0
2023-01-27 00:00:00,24.363,24.534,23.249,23.713,1737731.0
2023-01-27 04:00:00,23.715,24.038,23.65,24.0,518237.0
2023-01-27 08:00:00,24.002,24.031,23.569,23.709,654425.0
2023-01-27 12:00:00,23.708,24.22,23.3,23.829,1540962.0
2023-01-27 16:00:00,23.828,24.595,23.815,24.486,907321.0
2023-01-27 20:00:00,24.486,24.981,24.027,24.428,970391.0
2023-01-28 00:00:00,24.428,24.885,24.291,24.508,921408.0
2023-01-28 04:00:00,24.508,25.292,24.163,24.354,1322482.0
2023-01-28 08:00:00,24.357,24.473,24.181,24.306,597968.0
2023-01-28 12:00:00,24.309,24.315,23.698,24.156,1439045.0
2023-01-28 16:00:00,24.159,24.225,23.925,24.119,370667.0
2023-01-28 20:00:00,24.129,24.142,23.748,24.013,356893.0
2023-01-29 00:00:00,24.006,24.724,23.717,24.13,1405694.0
2023-01-29 04:00:00,24.135,24.191,24.02,24.15,314091.0
2023-01-29 08:00:00,24.153,24.52,24.06,24.359,640788.0
2023-01-29 12:00:00,24.357,24.8,24.2,24.688,855143.0
2023-01-29 16:00:00,24.695,26.614,24.454,26.34,3922944.0
2023-01-29 20:00:00,26.341,26.888,25.978,26.09,1570358.0
2023-01-30 00:00:00,26.095,26.319,25.219,25.459,1658166.0
2023-01-30 04:00:00,25.454,25.591,25.242,25.378,862966.0
2023-01-30 08:00:00,25.373,25.544,23.742,24.017,3659489.0
2023-01-30 12:00:00,24.018,24.75,23.84,24.389,1725946.0
2023-01-30 16:00:00,24.389,24.64,22.978,23.605,2683937.0
2023-01-30 20:00:00,23.6,24.011,23.333,23.967,1054744.0
2023-01-31 00:00:00,23.966,24.29,23.659,24.015,806554.0
2023-01-31 04:00:00,24.019,24.148,23.668,24.125,615532.0
2023-01-31 08:00:00,24.126,24.15,23.482,23.747,714728.0
2023-01-31 12:00:00,23.75,24.368,23.629,24.08,1088314.0
2023-01-31 16:00:00,24.093,24.498,24.012,24.209,769602.0
2023-01-31 20:00:00,24.204,24.263,23.6,23.923,871618.0
2023-02-01 00:00:00,23.923,24.037,23.648,23.88,455047.0
2023-02-01 04:00:00,23.878,24.024,23.404,23.562,651169.0
2023-02-01 08:00:00,23.561,23.638,23.156,23.544,673917.0
2023-02-01 12:00:00,23.546,23.68,22.679,22.818,1205569.0
2023-02-01 16:00:00,22.815,24.462,22.456,24.218,2945507.0
2023-02-01 20:00:00,24.22,25.235,24.1,25.009,1880551.0
2023-02-02 00:00:00,25.007,25.799,24.952,25.305,1656121.0
2023-02-02 04:00:00,25.309,25.442,24.759,24.879,725812.0
2023-02-02 08:00:00,24.874,25.073,24.796,24.992,437475.0
2023-02-02 12:00:00,24.991,25.261,24.563,24.995,1324568.0
2023-02-02 16:00:00,25.0,26.186,24.876,25.071,1710851.0
2023-02-02 20:00:00,25.069,25.272,24.03,24.324,1227413.0
2023-02-03 00:00:00,24.323,24.49,24.0,24.319,625344.0
2023-02-03 04:00:00,24.319,24.521,24.229,24.304,504404.0
2023-02-03 08:00:00,24.308,24.547,24.094,24.509,526840.0
2023-02-03 12:00:00,24.504,25.095,24.04,24.875,1900265.0
2023-02-03 16:00:00,24.872,25.05,24.357,24.381,690025.0
2023-02-03 20:00:00,24.381,24.82,24.236,24.676,350271.0
2023-02-04 00:00:00,24.687,24.835,24.434,24.469,358040.0
2023-02-04 04:00:00,24.47,24.54,24.284,24.51,287302.0
2023-02-04 08:00:00,24.511,24.601,24.4,24.583,253829.0
2023-02-04 12:00:00,24.582,24.945,24.53,24.712,482818.0
2023-02-04 16:00:00,24.713,24.809,24.502,24.663,372055.0
2023-02-04 20:00:00,24.666,24.757,24.158,24.334,392926.0
2023-02-05 00:00:00,24.331,24.428,24.034,24.29,528559.0
2023-02-05 04:00:00,24.289,24.46,24.242,24.346,250666.0
2023-02-05 08:00:00,24.343,24.464,24.134,24.202,276371.0
2023-02-05 12:00:00,24.202,24.24,23.225,23.637,1796891.0
2023-02-05 16:00:00,23.635,23.7,23.166,23.349,814493.0
2023-02-05 20:00:00,23.357,23.666,22.995,23.477,546292.0
2023-02-06 00:00:00,23.476,23.728,23.25,23.389,412468.0
2023-02-06 04:00:00,23.389,23.48,22.869,23.369,787457.0
2023-02-06 08:00:00,23.371,23.418,23.052,23.328,364379.0
2023-02-06 12:00:00,23.326,23.509,22.803,23.49,1107608.0
2023-02-06 16:00:00,23.489,23.621,23.155,23.383,752876.0
2023-02-06 20:00:00,23.384,23.385,22.49,22.653,911131.0
2023-02-07 00:00:00,22.65,23.17,22.534,23.067,452895.0
2023-02-07 04:00:00,23.074,23.349,23.034,23.213,347498.0
2023-02-07 08:00:00,23.214,23.468,23.092,23.344,417273.0
2023-02-07 12:00:00,23.349,23.436,22.945,23.029,456501.0
2023-02-07 16:00:00,23.029,23.862,22.572,23.268,1817502.0
2023-02-07 20:00:00,23.27,23.953,23.138,23.818,631385.0
2023-02-08 00:00:00,23.822,24.247,23.806,23.901,650928.0
2023-02-08 04:00:00,23.901,23.987,23.581,23.786,332086.0
2023-02-08 08:00:00,23.774,23.785,23.526,23.724,398280.0
2023-02-08 12:00:00,23.726,23.965,23.264,23.276,1004933.0
2023-02-08 16:00:00,23.276,23.47,22.778,23.087,1228320.0
2023-02-08 20:00:00,23.089,23.274,22.86,23.218,322307.0
2023-02-09 00:00:00,23.217,23.355,21.877,22.338,1895952.0
2023-02-09 04:00:00,22.341,22.894,22.18,22.75,762492.0
2023-02-09 08:00:00,22.744,22.98,22.73,22.806,487168.0
2023-02-09 12:00:00,22.805,23.0,22.589,22.681,659005.0
2023-02-09 16:00:00,22.675,22.712,21.454,21.805,1964891.0
2023-02-09 20:00:00,21.804,21.804,19.98,20.49,1846778.0
2023-02-10 00:00:00,20.493,20.895,20.281,20.788,981632.0
2023-02-10 04:00:00,20.787,21.081,20.51,21.081,903744.0
2023-02-10 08:00:00,21.079,21.176,20.63,20.696,818501.0
2023-02-10 12:00:00,20.697,20.999,20.43,20.716,1308763.0
2023-02-10 16:00:00,20.718,21.007,20.514,20.886,783441.0
2023-02-10 20:00:00,20.89,20.91,19.667,20.101,1292221.0
2023-02-11 00:00:00,20.098,20.491,20.092,20.399,570246.0
2023-02-11 04:00:00,20.399,20.417,20.206,20.332,329778.0
2023-02-11 08:00:00,20.334,20.387,20.229,20.318,192343.0
2023-02-11 12:00:00,20.323,20.62,20.28,20.511,471357.0
2023-02-11 16:00:00,20.511,20.513,20.249,20.376,318535.0
2023-02-11 20:00:00,20.377,20.906,20.32,20.797,338566.0
2023-02-12 00:00:00,20.799,20.815,20.618,20.653,263701.0
2023-02-12 04:00:00,20.655,21.019,20.624,20.842,370562.0
2023-02-12 08:00:00,20.835,21.079,20.825,21.053,449567.0
2023-02-12 12:00:00,21.052,21.598,20.775,21.418,905740.0
2023-02-12 16:00:00,21.418,22.545,21.374,22.036,1522157.0
2023-02-12 20:00:00,22.036,22.204,21.074,21.51,1179546.0
2023-02-13 00:00:00,21.497,21.613,20.456,20.921,1906084.0
2023-02-13 04:00:00,20.918,21.346,20.848,21.175,713473.0
2023-02-13 08:00:00,21.178,21.188,20.035,20.457,1684152.0
2023-02-13 12:00:00,20.458,20.697,20.363,20.373,652835.0
2023-02-13 16:00:00,20.369,20.537,19.734,20.426,1242037.0
2023-02-13 20:00:00,20.424,20.854,20.218,20.763,634364.0
2023-02-14 00:00:00,20.763,21.089,20.67,20.827,622625.0
2023-02-14 04:00:00,20.827,21.1,20.767,21.045,378669.0
2023-02-14 08:00:00,21.05,21.612,20.765,21.353,1055303.0
2023-02-14 12:00:00,21.355,22.39,20.893,21.9,3458623.0
2023-02-14 16:00:00,21.907,22.077,21.643,22.023,1032453.0
2023-02-14 20:00:00,22.025,22.061,21.535,21.843,390479.0
2023-02-15 00:00:00,21.844,21.928,21.45,21.609,405301.0
2023-02-15 04:00:00,21.611,21.68,21.481,21.532,320940.0
2023-02-15 08:00:00,21.535,22.224,21.467,22.098,713576.0
2023-02-15 12:00:00,22.105,22.756,22.105,22.423,1184477.0
2023-02-15 16:00:00,22.421,23.034,22.266,23.009,902441.0
2023-02-15 20:00:00,23.014,24.0,22.933,23.877,1446901.0
2023-02-16 00:00:00,23.878,24.163,23.55,23.823,944611.0
2023-02-16 04:00:00,23.82,23.992,23.555,23.73,651012.0
2023-02-16 08:00:00,23.731,23.918,23.483,23.579,421443.0
2023-02-16 12:00:00,23.58,23.87,23.061,23.855,1031015.0
2023-02-16 16:00:00,23.853,24.152,23.342,23.6,763687.0
2023-02-16 20:00:00,23.6,23.61,22.195,22.252,1108139.0
2023-02-17 00:00:00,22.249,22.8,22.0,22.685,586402.0
2023-02-17 04:00:00,22.681,22.817,22.521,22.536,399567.0
2023-02-17 08:00:00,22.537,22.73,22.467,22.593,284842.0
2023-02-17 12:00:00,22.598,22.987,22.432,22.796,755524.0
2023-02-17 16:00:00,22.788,23.511,22.577,23.482,754280.0
2023-02-17 20:00:00,23.483,23.56,22.717,23.151,638919.0
2023-02-18 00:00:00,23.153,23.648,23.146,23.358,414021.0
2023-02-18 04:00:00,23.357,23.493,23.111,23.226,228370.0
2023-02-18 08:00:00,23.225,23.269,22.926,23.058,343506.0
2023-02-18 12:00:00,23.052,23.56,22.999,23.429,454474.0
2023-02-18 16:00:00,23.428,23.946,23.397,23.492,646683.0
2023-02-18 20:00:00,23.493,23.685,23.261,23.456,259738.0
2023-02-19 00:00:00,23.455,23.606,23.202,23.302,285691.0
2023-02-19 04:00:00,23.302,24.022,23.27,23.535,670945.0
2023-02-19 08:00:00,23.535,23.726,23.455,23.7,381968.0
2023-02-19 12:00:00,23.696,25.315,23.696,25.293,2080778.0
2023-02-19 16:00:00,25.288,25.411,23.978,24.656,2151740.0
2023-02-19 20:00:00,24.653,25.687,24.006,24.828,1546932.0
2023-02-20 00:00:00,24.83,26.349,24.1,26.178,2927145.0
2023-02-20 04:00:00,26.177,27.125,25.862,26.493,3169040.0
2023-02-20 08:00:00,26.484,26.678,26.037,26.377,1863212.0
2023-02-20 12:00:00,26.376,26.721,26.114,26.541,1565182.0
2023-02-20 16:00:00,26.552,26.578,25.544,26.344,1735806.0
2023-02-20 20:00:00,26.346,26.385,25.91,26.277,692459.0
2023-02-21 00:00:00,26.274,26.636,25.785,26.13,1494237.0
2023-02-21 04:00:00,26.133,26.326,25.712,26.031,757549.0
2023-02-21 08:00:00,26.025,26.295,24.892,25.06,2035644.0
2023-02-21 12:00:00,25.056,25.38,24.759,25.052,1164999.0
2023-02-21 16:00:00,25.05,25.501,24.679,25.246,1107488.0
2023-02-21 20:00:00,25.25,25.478,24.459,24.98,916701.0
2023-02-22 00:00:00,24.979,25.25,23.863,24.446,1451884.0
2023-02-22 04:00:00,24.444,24.48,23.448,23.812,1592304.0
2023-02-22 08:00:00,23.814,23.833,23.196,23.549,1512934.0
2023-02-22 12:00:00,23.55,23.798,23.244,23.671,1666550.0
2023-02-22 16:00:00,23.657,24.151,23.402,23.778,1405906.0
2023-02-22 20:00:00,23.775,24.349,23.459,24.147,514817.0
2023-02-23 00:00:00,24.158,24.695,23.96,24.451,1136376.0
2023-02-23 04:00:00,24.454,24.576,24.234,24.495,716060.0
2023-02-23 08:00:00,24.492,24.633,23.601,23.763,1257468.0
2023-02-23 12:00:00,23.756,24.399,23.611,23.875,1473429.0
2023-02-23 16:00:00,23.871,24.071,23.592,24.045,652853.0
2023-02-23 20:00:00,24.035,24.224,23.683,23.926,370316.0
2023-02-24 00:00:00,23.928,24.127,23.684,23.779,575509.0
2023-02-24 04:00:00,23.784,24.113,23.736,23.978,490284.0
2023-02-24 08:00:00,23.978,24.083,23.519,23.788,643505.0
2023-02-24 12:00:00,23.785,24.024,22.878,23.045,1377507.0
2023-02-24 16:00:00,23.036,23.062,22.501,23.044,1650592.0
2023-02-24 20:00:00,23.044,23.345,22.449,23.078,744950.0
2023-02-25 00:00:00,23.069,23.34,22.936,22.952,563789.0
2023-02-25 04:00:00,22.952,23.193,22.826,22.962,561759.0
2023-02-25 08:00:00,22.964,23.061,22.623,22.785,723337.0
2023-02-25 12:00:00,22.781,22.813,22.009,22.335,1201406.0
2023-02-25 16:00:00,22.342,22.514,21.65,21.911,903960.0
2023-02-25 20:00:00,21.908,22.491,21.41,22.37,1092053.0
2023-02-26 00:00:00,22.366,22.741,22.216,22.658,436362.0
2023-02-26 04:00:00,22.661,22.84,22.49,22.793,278121.0
2023-02-26 08:00:00,22.797,22.966,22.63,22.843,536834.0
2023-02-26 12:00:00,22.842,22.971,22.555,22.933,581086.0
2023-02-26 16:00:00,22.928,23.394,22.677,23.357,531088.0
2023-02-26 20:00:00,23.359,23.549,22.949,23.258,464149.0
2023-02-27 00:00:00,23.252,23.274,22.963,23.031,406034.0
2023-02-27 04:00:00,23.031,23.051,22.775,22.881,662651.0
2023-02-27 08:00:00,22.878,22.964,22.631,22.774,468658.0
2023-02-27 12:00:00,22.778,23.411,22.668,23.053,937207.0
2023-02-27 16:00:00,23.06,23.137,22.316,22.531,693424.0
2023-02-27 20:00:00,22.531,22.791,22.345,22.672,396281.0
2023-02-28 00:00:00,22.676,22.752,22.422,22.621,314108.0
2023-02-28 04:00:00,22.621,22.627,22.066,22.092,459780.0
2023-02-28 08:00:00,22.098,22.315,22.045,22.192,379997.0
2023-02-28 12:00:00,22.185,22.597,22.185,22.539,508236.0
2023-02-28 16:00:00,22.539,22.696,22.165,22.194,421125.0
2023-02-28 20:00:00,22.203,22.254,21.745,21.894,604336.0
2023-03-01 00:00:00,21.895,22.409,21.653,22.327,634860.0
2023-03-01 04:00:00,22.327,22.675,22.301,22.591,386859.0
2023-03-01 08:00:00,22.589,22.92,22.539,22.689,353895.0
2023-03-01 12:00:00,22.691,22.864,22.528,22.659,393883.0
2023-03-01 16:00:00,22.66,22.667,22.112,22.151,362428.0
2023-03-01 20:00:00,22.15,22.557,22.109,22.515,264775.0
2023-03-02 00:00:00,22.515,22.66,21.876,22.048,452959.0
2023-03-02 04:00:00,22.045,22.175,21.839,21.981,259180.0
2023-03-02 08:00:00,21.982,22.108,21.892,22.08,352914.0
2023-03-02 12:00:00,22.085,22.098,21.657,21.822,618198.0
2023-03-02 16:00:00,21.825,22.154,21.693,22.081,351837.0
2023-03-02 20:00:00,22.075,22.156,21.916,21.995,331827.0
2023-03-03 00:00:00,21.994,22.009,20.301,20.868,1744065.0
2023-03-03 04:00:00,20.859,21.246,20.816,21.062,426386.0
2023-03-03 08:00:00,21.063,21.226,21.06,21.144,257747.0
2023-03-03 12:00:00,21.142,21.451,21.014,21.265,617529.0
2023-03-03 16:00:00,21.267,21.466,21.151,21.437,267232.0
2023-03-03 20:00:00,21.44,21.545,21.166,21.42,246618.0
2023-03-04 00:00:00,21.419,21.627,21.292,21.321,225393.0
2023-03-04 04:00:00,21.322,21.369,21.035,21.169,196975.0
2023-03-04 08:00:00,21.173,21.256,21.069,21.167,128475.0
2023-03-04 12:00:00,21.166,21.199,20.929,20.96,207107.0
2023-03-04 16:00:00,20.96,21.049,20.589,20.678,273183.0
2023-03-04 20:00:00,20.689,21.008,20.2,20.988,718051.0
2023-03-05 00:00:00,20.992,21.719,20.931,21.338,1089452.0
2023-03-05 04:00:00,21.339,21.448,21.221,21.305,205891.0
2023-03-05 08:00:00,21.307,21.375,21.142,21.189,218349.0
2023-03-05 12:00:00,21.194,21.36,21.15,21.279,229712.0
2023-03-05 16:00:00,21.272,21.326,21.012,21.099,593383.0
2023-03-05 20:00:00,21.097,21.33,20.835,20.968,568032.0
2023-03-06 00:00:00,20.967,21.084,20.666,20.922,623882.0
2023-03-06 04:00:00,20.92,20.964,20.584,20.755,399726.0
2023-03-06 08:00:00,20.755,20.801,20.603,20.691,283692.0
2023-03-06 12:00:00,20.691,21.094,20.542,21.053,453868.0
2023-03-06 16:00:00,21.054,21.177,20.727,20.75,353472.0
2023-03-06 20:00:00,20.75,20.75,20.456,20.625,570264.0
2023-03-07 00:00:00,20.623,20.964,20.431,20.793,474957.0
2023-03-07 04:00:00,20.795,20.851,20.684,20.706,185013.0
2023-03-07 08:00:00,20.706,20.736,20.267,20.309,379971.0
2023-03-07 12:00:00,20.31,20.65,19.899,20.422,1313577.0
2023-03-07 16:00:00,20.424,20.511,19.965,20.011,541641.0
2023-03-07 20:00:00,20.01,20.287,19.692,20.247,501708.0
2023-03-08 00:00:00,20.25,20.395,19.797,19.998,510354.0
2023-03-08 04:00:00,20.002,20.068,19.115,19.192,1029200.0
2023-03-08 08:00:00,19.192,19.533,19.154,19.325,494693.0
2023-03-08 12:00:00,19.328,19.38,18.622,19.22,1970213.0
2023-03-08 16:00:00,19.22,19.396,18.466,18.674,1020222.0
2023-03-08 20:00:00,18.675,18.961,18.101,18.426,1204472.0
2023-03-09 00:00:00,18.422,18.675,18.361,18.587,679136.0
2023-03-09 04:00:00,18.588,18.779,18.466,18.492,513611.0
2023-03-09 08:00:00,18.494,18.616,18.239,18.545,783674.0
2023-03-09 12:00:00,18.544,18.682,18.132,18.36,1337753.0
2023-03-09 16:00:00,18.362,18.403,17.475,17.726,2339292.0
2023-03-09 20:00:00,17.727,17.737,16.669,17.326,3429368.0
2023-03-10 00:00:00,17.324,17.352,16.788,17.155,1596744.0
2023-03-10 04:00:00,17.156,17.193,16.595,17.0,1608279.0
2023-03-10 08:00:00,16.998,17.028,15.993,16.69,2712131.0
2023-03-10 12:00:00,16.687,17.93,16.594,17.649,4584364.0
2023-03-10 16:00:00,17.648,17.974,17.424,17.775,1481024.0
2023-03-10 20:00:00,17.778,18.354,17.45,18.169,1206899.0
2023-03-11 00:00:00,18.172,18.885,18.034,18.194,2245215.0
2023-03-11 04:00:00,18.196,18.286,16.973,17.084,1906506.0
2023-03-11 08:00:00,17.086,17.792,16.963,17.433,1624425.0
2023-03-11 12:00:00,17.432,17.567,17.095,17.18,862580.0
2023-03-11 16:00:00,17.18,17.983,17.007,17.969,1511512.0
2023-03-11 20:00:00,17.966,18.263,17.868,18.12,1018440.0
2023-03-12 00:00:00,18.117,18.198,17.839,17.984,729409.0
2023-03-12 04:00:00,17.987,18.161,17.772,17.909,446687.0
2023-03-12 08:00:00,17.906,18.341,17.843,18.162,578524.0
2023-03-12 12:00:00,18.164,18.178,17.776,17.889,731844.0
2023-03-12 16:00:00,17.889,18.92,17.822,18.44,1665885.0
2023-03-12 20:00:00,18.443,20.614,18.433,20.237,2789880.0
2023-03-13 00:00:00,20.233,20.589,19.457,19.543,1843024.0
2023-03-13 04:00:00,19.544,19.849,19.514,19.721,791736.0
2023-03-13 08:00:00,19.721,19.789,18.916,19.226,1206805.0
2023-03-13 12:00:00,19.225,21.427,18.877,20.735,3348585.0
2023-03-13 16:00:00,20.739,20.982,20.33,20.52,1091301.0
2023-03-13 20:00:00,20.517,20.624,20.141,20.396,575750.0
2023-03-14 00:00:00,20.395,20.496,20.153,20.423,693280.0
2023-03-14 04:00:00,20.424,20.685,19.931,20.008,816898.0
2023-03-14 08:00:00,20.009,20.227,19.765,20.12,806389.0
2023-03-14 12:00:00,20.118,22.139,20.034,21.929,3996682.0
2023-03-14 16:00:00,21.924,22.025,20.339,20.91,1661804.0
2023-03-14 20:00:00,20.911,21.042,20.207,20.861,901675.0
2023-03-15 00:00:00,20.86,21.232,20.588,21.061,696582.0
2023-03-15 04:00:00,21.053,21.47,20.977,21.228,561725.0
2023-03-15 08:00:00,21.237,21.253,20.186,20.587,769760.0
2023-03-15 12:00:00,20.586,21.091,19.063,19.248,2510377.0
2023-03-15 16:00:00,19.243,19.427,18.693,19.091,1979337.0
2023-03-15 20:00:00,19.099,19.474,19.0,19.247,530104.0
2023-03-16 00:00:00,19.246,19.5,18.889,19.34,674941.0
2023-03-16 04:00:00,19.336,19.638,19.065,19.523,525816.0
2023-03-16 08:00:00,19.521,19.816,19.261,19.655,713662.0
2023-03-16 12:00:00,19.661,19.7,19.02,19.573,1093707.0
2023-03-16 16:00:00,19.572,19.929,19.278,19.782,649525.0
2023-03-16 20:00:00,19.777,19.789,19.263,19.682,343347.0
2023-03-17 00:00:00,19.68,20.265,19.414,19.983,682926.0
2023-03-17 04:00:00,19.989,20.26,19.877,20.005,399642.0
2023-03-17 08:00:00,20.006,20.737,19.927,20.675,526722.0
2023-03-17 12:00:00,20.678,20.687,19.808,20.038,665224.0
2023-03-17 16:00:00,20.038,20.62,19.905,20.537,485173.0
2023-03-17 20:00:00,20.543,21.709,20.317,21.602,1072486.0
2023-03-18 00:00:00,21.61,22.981,21.291,22.659,1933593.0
2023-03-18 04:00:00,22.664,22.872,22.139,22.196,671645.0
2023-03-18 08:00:00,22.186,22.517,21.8,22.493,588518.0
2023-03-18 12:00:00,22.495,22.537,21.444,21.834,986108.0
2023-03-18 16:00:00,21.839,22.399,21.224,21.95,999647.0
2023-03-18 20:00:00,21.951,22.185,21.061,21.213,497897.0
2023-03-19 00:00:00,21.21,21.861,21.203,21.819,378149.0
2023-03-19 04:00:00,21.819,21.925,21.289,21.565,342043.0
2023-03-19 08:00:00,21.56,21.78,21.227,21.701,454894.0
2023-03-19 12:00:00,21.7,22.13,21.481,22.001,545575.0
2023-03-19 16:00:00,21.994,22.445,21.97,22.193,654930.0
2023-03-19 20:00:00,22.193,22.306,21.703,21.863,627474.0
2023-03-20 00:00:00,21.867,23.0,21.623,21.715,1661943.0
2023-03-20 04:00:00,21.711,23.174,21.361,23.097,1525874.0
2023-03-20 08:00:00,23.099,23.602,22.91,23.329,1509979.0
2023-03-20 12:00:00,23.316,23.92,22.926,23.159,1650544.0
2023-03-20 16:00:00,23.165,23.446,21.832,22.129,1725734.0
2023-03-20 20:00:00,22.145,22.799,22.018,22.145,729922.0
2023-03-21 00:00:00,22.14,22.729,22.006,22.441,1018887.0
2023-03-21 04:00:00,22.442,22.639,21.697,21.937,781459.0
2023-03-21 08:00:00,21.937,22.526,21.531,22.449,755876.0
2023-03-21 12:00:00,22.448,23.362,22.36,22.916,1410821.0
2023-03-21 16:00:00,22.917,23.219,22.122,22.532,981247.0
2023-03-21 20:00:00,22.534,22.672,22.25,22.536,546144.0
2023-03-22 00:00:00,22.532,22.544,22.016,22.316,536863.0
2023-03-22 04:00:00,22.315,22.557,22.229,22.321,326447.0
2023-03-22 08:00:00,22.323,22.725,22.103,22.483,626954.0
2023-03-22 12:00:00,22.483,23.1,22.33,22.642,840598.0
2023-03-22 16:00:00,22.643,23.0,20.932,21.103,2862878.0
2023-03-22 20:00:00,21.106,21.848,20.97,21.414,916854.0
2023-03-23 00:00:00,21.413,21.6,21.091,21.273,433977.0
2023-03-23 04:00:00,21.274,21.728,21.192,21.701,386699.0
2023-03-23 08:00:00,21.697,21.8,21.567,21.759,321356.0
2023-03-23 12:00:00,21.754,22.68,21.374,22.403,1141715.0
2023-03-23 16:00:00,22.408,22.756,21.715,22.1,908280.0
2023-03-23 20:00:00,22.103,22.261,21.888,22.177,321172.0
2023-03-24 00:00:00,22.176,22.269,22.02,22.083,239648.0
2023-03-24 04:00:00,22.083,22.138,21.879,21.985,217333.0
2023-03-24 08:00:00,21.982,22.023,21.049,21.415,699390.0
2023-03-24 12:00:00,21.411,21.767,20.983,21.205,970132.0
2023-03-24 16:00:00,21.205,21.323,20.276,20.748,1055572.0
2023-03-24 20:00:00,20.749,20.795,20.317,20.66,414107.0
2023-03-25 00:00:00,20.661,20.925,20.618,20.723,270917.0
2023-03-25 04:00:00,20.725,20.807,20.507,20.611,151092.0
2023-03-25 08:00:00,20.61,20.704,20.399,20.666,222010.0
2023-03-25 12:00:00,20.665,20.975,20.556,20.877,416341.0
2023-03-25 16:00:00,20.875,20.917,20.08,20.139,547800.0
2023-03-25 20:00:00,20.138,20.45,20.108,20.408,253980.0
2023-03-26 00:00:00,20.408,20.776,20.286,20.684,239171.0
2023-03-26 04:00:00,20.686,20.885,20.638,20.777,143391.0
2023-03-26 08:00:00,20.776,20.965,20.7,20.838,231741.0
2023-03-26 12:00:00,20.84,21.14,20.741,20.816,410863.0
2023-03-26 16:00:00,20.812,21.01,20.645,20.922,202047.0
2023-03-26 20:00:00,20.922,21.1,20.758,20.95,196082.0
2023-03-27 00:00:00,20.945,20.989,20.561,20.708,197401.0
2023-03-27 04:00:00,20.707,20.746,20.37,20.447,215857.0
2023-03-27 08:00:00,20.446,20.663,20.347,20.617,183670.0
2023-03-27 12:00:00,20.62,20.722,19.323,19.777,1246109.0
2023-03-27 16:00:00,19.778,19.959,19.594,19.68,599611.0
2023-03-27 20:00:00,19.68,19.938,19.577,19.896,253361.0
2023-03-28 00:00:00,19.895,20.013,19.606,19.724,357882.0
2023-03-28 04:00:00,19.725,20.079,19.712,19.88,300391.0
2023-03-28 08:00:00,19.885,20.193,19.611,20.09,454583.0
2023-03-28 12:00:00,20.091,20.4,19.825,20.244,576118.0
2023-03-28 16:00:00,20.24,20.886,20.042,20.706,670629.0
2023-03-28 20:00:00,20.71,20.759,20.23,20.443,261423.0
2023-03-29 00:00:00,20.45,20.865,20.428,20.655,250300.0
2023-03-29 04:00:00,20.655,21.297,20.631,21.207,581526.0
2023-03-29 08:00:00,21.209,21.564,21.118,21.216,429631.0
2023-03-29 12:00:00,21.217,21.36,20.945,21.247,442719.0
2023-03-29 16:00:00,21.242,21.256,20.953,21.183,276258.0
2023-03-29 20:00:00,21.181,21.331,20.904,21.098,192855.0
2023-03-30 00:00:00,21.097,21.684,20.565,21.055,1149262.0
2023-03-30 04:00:00,21.046,21.226,20.853,21.022,362624.0
2023-03-30 08:00:00,21.017,21.055,20.52,20.681,373675.0
2023-03-30 12:00:00,20.681,20.707,20.411,20.532,586341.0
2023-03-30 16:00:00,20.531,20.531,20.145,20.483,642248.0
2023-03-30 20:00:00,20.488,20.719,20.377,20.549,231000.0
2023-03-31 00:00:00,20.553,20.758,20.441,20.529,271669.0
2023-03-31 04:00:00,20.53,20.632,20.026,20.303,371931.0
2023-03-31 08:00:00,20.301,20.434,20.221,20.326,309880.0
2023-03-31 12:00:00,20.327,20.99,20.225,20.867,644683.0
2023-03-31 16:00:00,20.866,21.021,20.693,20.984,273708.0
2023-03-31 20:00:00,20.981,21.5,20.837,21.176,312805.0
2023-04-01 00:00:00,21.171,21.353,20.921,21.037,297752.0
2023-04-01 04:00:00,21.035,21.278,20.848,21.019,295226.0
2023-04-01 08:00:00,21.023,21.111,20.934,21.024,143271.0
2023-04-01 12:00:00,21.023,21.096,20.861,20.959,174215.0
2023-04-01 16:00:00,20.957,21.043,20.747,20.938,308571.0
2023-04-01 20:00:00,20.939,21.229,20.939,21.083,214829.0
2023-04-02 00:00:00,21.084,21.157,20.888,21.029,162339.0
2023-04-02 04:00:00,21.03,21.315,20.927,21.183,154368.0
2023-04-02 08:00:00,21.181,21.207,20.973,20.991,153989.0
2023-04-02 12:00:00,20.991,21.003,20.419,20.585,547979.0
2023-04-02 16:00:00,20.585,20.677,20.208,20.343,387125.0
2023-04-02 20:00:00,20.347,20.57,20.266,20.519,185735.0
2023-04-03 00:00:00,20.523,20.563,19.972,20.045,445930.0
2023-04-03 04:00:00,20.042,20.269,19.996,20.266,179654.0
2023-04-03 08:00:00,20.269,20.579,20.249,20.4,580512.0
2023-04-03 12:00:00,20.404,20.607,20.061,20.317,541465.0
2023-04-03 16:00:00,20.316,20.957,20.146,20.9,777523.0
2023-04-03 20:00:00,20.902,21.0,20.045,20.459,975744.0
2023-04-04 00:00:00,20.461,20.572,20.289,20.409,301523.0
2023-04-04 04:00:00,20.41,20.647,20.322,20.526,244816.0
2023-04-04 08:00:00,20.529,21.013,20.467,20.971,452758.0
2023-04-04 12:00:00,20.972,21.261,20.68,20.858,693519.0
2023-04-04 16:00:00,20.858,21.017,20.76,20.951,263697.0
2023-04-04 20:00:00,20.948,21.085,20.823,20.915,173781.0
2023-04-05 00:00:00,20.917,21.353,20.825,21.144,446119.0
2023-04-05 04:00:00,21.143,21.31,21.115,21.193,155148.0
2023-04-05 08:00:00,21.195,21.28,21.078,21.183,175283.0
2023-04-05 12:00:00,21.183,21.245,20.518,20.796,813149.0
2023-04-05 16:00:00,20.799,20.981,20.644,20.914,319249.0
2023-04-05 20:00:00,20.915,21.049,20.819,20.968,139031.0
2023-04-06 00:00:00,20.966,20.992,20.524,20.825,314129.0
2023-04-06 04:00:00,20.821,20.824,20.622,20.635,182246.0
2023-04-06 08:00:00,20.636,20.754,20.409,20.689,340103.0
2023-04-06 12:00:00,20.69,20.819,20.46,20.748,324359.0
2023-04-06 16:00:00,20.743,20.864,20.615,20.721,163439.0
2023-04-06 20:00:00,20.72,20.785,20.529,20.623,149570.0
2023-04-07 00:00:00,20.62,20.783,20.388,20.56,190873.0
2023-04-07 04:00:00,20.558,20.565,20.232,20.28,257856.0
2023-04-07 08:00:00,20.279,20.446,20.218,20.325,167948.0
2023-04-07 12:00:00,20.326,20.648,20.281,20.532,207451.0
2023-04-07 16:00:00,20.533,20.572,20.428,20.488,81793.0
2023-04-07 20:00:00,20.489,20.537,20.351,20.459,120960.0
2023-04-08 00:00:00,20.459,20.499,20.282,20.484,146155.0
2023-04-08 04:00:00,20.485,20.733,20.443,20.607,147680.0
2023-04-08 08:00:00,20.613,20.654,20.53,20.572,69904.0
2023-04-08 12:00:00,20.57,20.576,20.324,20.453,103849.0
2023-04-08 16:00:00,20.452,20.452,20.062,20.199,215146.0
2023-04-08 20:00:00,20.199,20.236,19.847,20.036,246270.0
2023-04-09 00:00:00,20.038,20.239,20.022,20.109,168458.0
2023-04-09 04:00:00,20.102,20.255,19.853,20.016,240225.0
2023-04-09 08:00:00,20.011,20.202,19.957,20.196,145962.0
2023-04-09 12:00:00,20.195,20.341,20.013,20.131,229287.0
2023-04-09 16:00:00,20.13,20.415,20.062,20.278,219617.0
2023-04-09 20:00:00,20.284,20.454,20.208,20.29,117523.0
2023-04-10 00:00:00,20.288,20.351,20.129,20.263,113208.0
2023-04-10 04:00:00,20.265,20.342,20.183,20.253,75844.0
2023-04-10 08:00:00,20.254,20.389,20.227,20.284,103167.0
2023-04-10 12:00:00,20.281,20.308,20.075,20.214,234405.0
2023-04-10 16:00:00,20.218,20.727,20.17,20.691,357973.0
2023-04-10 20:00:00,20.692,20.96,20.545,20.901,236846.0
2023-04-11 00:00:00,20.903,21.315,20.826,21.277,432651.0
2023-04-11 04:00:00,21.277,22.693,21.218,22.471,2466133.0
2023-04-11 08:00:00,22.475,22.615,22.22,22.233,886156.0
2023-04-11 12:00:00,22.237,23.499,22.138,23.309,3087222.0
2023-04-11 16:00:00,23.31,23.699,23.051,23.421,2590809.0
2023-04-11 20:00:00,23.428,23.468,22.786,22.999,1046094.0
2023-04-12 00:00:00,22.993,23.55,22.315,22.568,2663188.0
2023-04-12 04:00:00,22.568,24.083,22.507,23.691,2433184.0
2023-04-12 08:00:00,23.693,23.914,23.269,23.487,1507320.0
2023-04-12 12:00:00,23.488,24.486,23.255,23.6,4731836.0
2023-04-12 16:00:00,23.601,24.4,23.533,23.89,2119397.0
2023-04-12 20:00:00,23.895,24.175,23.607,23.812,708709.0
2023-04-13 00:00:00,23.812,24.128,23.636,23.996,1062255.0
2023-04-13 04:00:00,23.996,24.297,23.866,24.129,965624.0
2023-04-13 08:00:00,24.124,24.575,23.903,24.325,1855187.0
2023-04-13 12:00:00,24.327,25.298,24.257,24.615,2311776.0
2023-04-13 16:00:00,24.615,24.892,24.379,24.748,548215.0
2023-04-13 20:00:00,24.743,24.79,24.301,24.429,428039.0
2023-04-14 00:00:00,24.425,25.38,24.178,25.091,2140608.0
2023-04-14 04:00:00,25.091,25.513,24.855,24.913,1245076.0
2023-04-14 08:00:00,24.912,25.14,24.802,25.012,535369.0
2023-04-14 12:00:00,25.014,25.092,23.768,23.843,2065511.0
2023-04-14 16:00:00,23.843,24.743,23.723,24.534,1158209.0
2023-04-14 20:00:00,24.531,24.991,24.431,24.715,612271.0
2023-04-15 00:00:00,24.711,24.809,24.14,24.266,523241.0
2023-04-15 04:00:00,24.268,24.514,24.009,24.413,415606.0
2023-04-15 08:00:00,24.413,24.532,24.22,24.354,389301.0
2023-04-15 12:00:00,24.354,24.526,24.162,24.336,397070.0
2023-04-15 16:00:00,24.331,24.42,23.841,24.049,499510.0
2023-04-15 20:00:00,24.049,24.149,23.801,24.053,238051.0
2023-04-16 00:00:00,24.055,24.494,23.817,24.341,785708.0
2023-04-16 04:00:00,24.34,24.457,24.201,24.258,312145.0
2023-04-16 08:00:00,24.257,24.349,23.958,24.062,355996.0
2023-04-16 12:00:00,24.062,24.363,24.0,24.312,453864.0
2023-04-16 16:00:00,24.316,24.842,24.197,24.544,463898.0
2023-04-16 20:00:00,24.543,25.535,24.304,25.368,1368530.0
2023-04-17 00:00:00,25.361,26.021,24.801,25.808,2736573.0
2023-04-17 04:00:00,25.808,25.966,25.088,25.128,1127584.0
2023-04-17 08:00:00,25.132,25.377,24.638,24.91,983472.0
2023-04-17 12:00:00,24.907,25.464,24.269,24.52,1798657.0
2023-04-17 16:00:00,24.519,24.893,24.348,24.727,636281.0
2023-04-17 20:00:00,24.729,24.785,24.455,24.586,266901.0
2023-04-18 00:00:00,24.587,24.673,23.982,24.43,760233.0
2023-04-18 04:00:00,24.43,25.169,24.362,25.09,605993.0
2023-04-18 08:00:00,25.092,25.441,24.861,25.348,678821.0
2023-04-18 12:00:00,25.354,25.403,24.829,24.92,681631.0
2023-04-18 16:00:00,24.924,25.014,24.429,24.686,482464.0
2023-04-18 20:00:00,24.683,24.93,24.586,24.827,410684.0
2023-04-19 00:00:00,24.833,24.985,24.543,24.621,420020.0
2023-04-19 04:00:00,24.619,24.772,24.253,24.359,513297.0
2023-04-19 08:00:00,24.354,24.354,21.777,23.202,3859056.0
2023-04-19 12:00:00,23.202,23.545,22.918,23.317,914470.0
2023-04-19 16:00:00,23.324,23.49,22.833,22.999,755831.0
2023-04-19 20:00:00,22.993,23.165,22.12,22.676,919304.0
2023-04-20 00:00:00,22.676,23.1,22.365,22.858,799516.0
2023-04-20 04:00:00,22.859,23.068,22.567,22.605,630559.0
2023-04-20 08:00:00,22.608,22.868,22.235,22.342,579832.0
2023-04-20 12:00:00,22.343,23.179,22.062,22.126,1435669.0
2023-04-20 16:00:00,22.125,22.421,21.582,21.78,1795823.0
2023-04-20 20:00:00,21.781,22.296,21.685,22.197,390140.0
2023-04-21 00:00:00,22.193,22.414,21.986,22.305,426103.0
2023-04-21 04:00:00,22.306,22.355,21.815,22.268,549410.0
2023-04-21 08:00:00,22.27,22.396,21.921,22.026,364117.0
2023-04-21 12:00:00,22.023,22.302,21.789,21.872,538774.0
2023-04-21 16:00:00,21.874,21.936,20.876,21.207,1547438.0
2023-04-21 20:00:00,21.206,21.435,20.984,21.256,700057.0
2023-04-22 00:00:00,21.253,21.4,21.055,21.391,299450.0
2023-04-22 04:00:00,21.392,21.509,21.226,21.279,241349.0
2023-04-22 08:00:00,21.281,21.392,21.204,21.369,156891.0
2023-04-22 12:00:00,21.369,21.732,21.36,21.725,404954.0
2023-04-22 16:00:00,21.725,21.933,21.613,21.757,410615.0
2023-04-22 20:00:00,21.757,21.994,21.683,21.795,247456.0
2023-04-23 00:00:00,21.797,21.811,21.433,21.714,343100.0
2023-04-23 04:00:00,21.713,22.152,21.683,22.076,450815.0
2023-04-23 08:00:00,22.081,22.214,21.926,22.129,410764.0
2023-04-23 12:00:00,22.135,22.253,21.473,21.641,630965.0
2023-04-23 16:00:00,21.641,21.689,20.931,21.19,937904.0
2023-04-23 20:00:00,21.193,21.557,21.087,21.474,284336.0
2023-04-24 00:00:00,21.476,22.022,21.247,21.721,741095.0
2023-04-24 04:00:00,21.726,21.785,21.173,21.298,443033.0
2023-04-24 08:00:00,21.296,21.746,21.132,21.734,567831.0
2023-04-24 12:00:00,21.741,21.988,21.293,21.352,637692.0
2023-04-24 16:00:00,21.352,21.561,20.992,21.325,683479.0
2023-04-24 20:00:00,21.325,21.472,21.256,21.382,207959.0
2023-04-25 00:00:00,21.385,21.462,20.809,20.886,458837.0
2023-04-25 04:00:00,20.886,21.156,20.832,20.895,352136.0
2023-04-25 08:00:00,20.891,21.06,20.735,21.006,462975.0
2023-04-25 12:00:00,21.012,21.169,20.756,20.865,604184.0
2023-04-25 16:00:00,20.865,21.289,20.769,21.168,586093.0
2023-04-25 20:00:00,21.174,21.974,21.16,21.93,618445.0
2023-04-26 00:00:00,21.93,22.075,21.734,21.808,360453.0
2023-04-26 04:00:00,21.812,22.175,21.812,21.922,461381.0
2023-04-26 08:00:00,21.922,22.632,21.92,22.457,798058.0
2023-04-26 12:00:00,22.463,22.977,22.451,22.678,1180544.0
2023-04-26 16:00:00,22.678,22.844,20.775,21.077,2654033.0
2023-04-26 20:00:00,21.074,21.531,20.311,21.268,2015542.0
2023-04-27 00:00:00,21.268,22.076,21.175,21.622,1385624.0
2023-04-27 04:00:00,21.623,22.006,21.513,21.679,575886.0
2023-04-27 08:00:00,21.675,21.771,21.527,21.646,256771.0
2023-04-27 12:00:00,21.646,22.465,21.333,22.24,1158274.0
2023-04-27 16:00:00,22.245,22.532,22.022,22.33,661782.0
2023-04-27 20:00:00,22.329,22.499,22.125,22.328,369283.0
2023-04-28 00:00:00,22.332,22.684,22.188,22.309,375653.0
2023-04-28 04:00:00,22.309,22.651,22.299,22.617,289718.0
2023-04-28 08:00:00,22.613,22.878,22.334,22.489,658937.0
2023-04-28 12:00:00,22.489,22.749,22.171,22.384,756838.0
2023-04-28 16:00:00,22.381,23.467,22.373,23.3,1642306.0
2023-04-28 20:00:00,23.302,23.523,23.12,23.343,593803.0
2023-04-29 00:00:00,23.343,23.482,23.197,23.304,504187.0
2023-04-29 04:00:00,23.301,23.408,23.133,23.272,286491.0
2023-04-29 08:00:00,23.272,23.361,23.182,23.29,333652.0
2023-04-29 12:00:00,23.292,23.922,23.256,23.352,1532286.0
2023-04-29 16:00:00,23.352,23.395,22.86,23.307,677179.0
2023-04-29 20:00:00,23.305,23.306,22.934,23.183,446921.0
2023-04-30 00:00:00,23.184,23.205,22.978,23.153,284557.0
2023-04-30 04:00:00,23.152,23.494,23.075,23.416,356526.0
2023-04-30 08:00:00,23.418,23.738,23.418,23.494,597473.0
2023-04-30 12:00:00,23.494,24.013,23.334,23.672,1036094.0
2023-04-30 16:00:00,23.674,23.877,23.036,23.181,881054.0
2023-04-30 20:00:00,23.181,23.229,22.686,22.745,595611.0
2023-05-01 00:00:00,22.744,22.901,21.885,22.194,1531688.0
2023-05-01 04:00:00,22.193,22.373,22.008,22.326,428898.0
2023-05-01 08:00:00,22.323,22.353,22.151,22.215,249269.0
2023-05-01 12:00:00,22.213,22.311,21.737,21.882,895947.0
2023-05-01 16:00:00,21.88,21.988,21.542,21.748,1008394.0
2023-05-01 20:00:00,21.748,22.067,21.597,21.954,339819.0
2023-05-02 00:00:00,21.952,22.026,21.74,21.872,275925.0
2023-05-02 04:00:00,21.871,22.016,21.745,21.898,198943.0
2023-05-02 08:00:00,21.898,21.995,21.792,21.983,237443.0
2023-05-02 12:00:00,21.986,22.304,21.761,22.193,825849.0
2023-05-02 16:00:00,22.185,22.391,22.096,22.287,304693.0
2023-05-02 20:00:00,22.29,22.345,22.156,22.253,240628.0
2023-05-03 00:00:00,22.252,22.266,21.756,21.888,509841.0
2023-05-03 04:00:00,21.887,22.007,21.6,21.752,567396.0
2023-05-03 08:00:00,21.749,21.844,21.337,21.406,535664.0
2023-05-03 12:00:00,21.405,21.498,21.233,21.334,770452.0
2023-05-03 16:00:00,21.33,21.726,21.273,21.405,873404.0
2023-05-03 20:00:00,21.405,22.3,21.388,22.236,598489.0
2023-05-04 00:00:00,22.239,22.475,22.128,22.236,540257.0
2023-05-04 04:00:00,22.235,22.355,22.106,22.113,278078.0
2023-05-04 08:00:00,22.118,22.47,22.085,22.25,364188.0
2023-05-04 12:00:00,22.25,22.333,21.752,21.806,767693.0
2023-05-04 16:00:00,21.81,21.917,21.615,21.756,345136.0
2023-05-04 20:00:00,21.758,21.798,21.627,21.735,213127.0
2023-05-05 00:00:00,21.738,22.12,21.658,21.895,550659.0
2023-05-05 04:00:00,21.898,22.008,21.659,21.788,399544.0
2023-05-05 08:00:00,21.79,22.044,21.774,22.016,320128.0
2023-05-05 12:00:00,22.029,22.489,21.513,22.316,1243911.0
2023-05-05 16:00:00,22.313,22.957,22.313,22.876,1041723.0
2023-05-05 20:00:00,22.873,23.094,22.765,22.817,370421.0
2023-05-06 00:00:00,22.819,23.244,22.644,22.723,1088541.0
2023-05-06 04:00:00,22.722,22.805,22.545,22.638,410108.0
2023-05-06 08:00:00,22.64,22.679,22.441,22.665,548871.0
2023-05-06 12:00:00,22.665,22.695,21.548,21.777,1433623.0
2023-05-06 16:00:00,21.774,22.165,21.725,21.98,482842.0
2023-05-06 20:00:00,21.98,22.018,21.825,21.92,181467.0
2023-05-07 00:00:00,21.92,22.034,21.717,21.871,404327.0
2023-05-07 04:00:00,21.87,22.075,21.867,22.051,182623.0
2023-05-07 08:00:00,22.054,22.253,21.938,22.095,291617.0
2023-05-07 12:00:00,22.094,22.551,22.094,22.46,576384.0
2023-05-07 16:00:00,22.461,22.798,22.369,22.444,813233.0
2023-05-07 20:00:00,22.442,22.562,21.65,21.662,823406.0
2023-05-08 00:00:00,21.659,21.826,20.619,21.297,1849355.0
2023-05-08 04:00:00,21.296,21.433,20.897,21.213,718806.0
2023-05-08 08:00:00,21.213,21.332,21.04,21.269,659814.0
2023-05-08 12:00:00,21.264,21.403,21.065,21.154,936317.0
2023-05-08 16:00:00,21.159,21.197,19.925,20.389,2235219.0
2023-05-08 20:00:00,20.389,20.745,20.317,20.623,350660.0
2023-05-09 00:00:00,20.625,20.808,20.503,20.631,384006.0
2023-05-09 04:00:00,20.634,20.727,20.408,20.69,411003.0
2023-05-09 08:00:00,20.692,20.819,20.517,20.813,397904.0
2023-05-09 12:00:00,20.814,20.992,20.5,20.547,746993.0
2023-05-09 16:00:00,20.547,20.856,20.413,20.623,493614.0
2023-05-09 20:00:00,20.623,20.733,20.424,20.661,307759.0
2023-05-10 00:00:00,20.661,20.89,20.612,20.696,464503.0
2023-05-10 04:00:00,20.697,20.819,20.533,20.55,347390.0
2023-05-10 08:00:00,20.552,20.763,20.482,20.747,364366.0
2023-05-10 12:00:00,20.747,21.311,20.648,21.081,1379818.0
2023-05-10 16:00:00,21.084,21.195,19.748,20.97,2609111.0
2023-05-10 20:00:00,20.971,21.299,20.844,20.926,679864.0
2023-05-11 00:00:00,20.926,20.941,20.522,20.543,405171.0
2023-05-11 04:00:00,20.541,20.697,20.524,20.594,225184.0
2023-05-11 08:00:00,20.592,20.64,20.307,20.499,392163.0
2023-05-11 12:00:00,20.504,20.771,19.853,20.164,1332798.0
2023-05-11 16:00:00,20.161,20.2,19.637,20.002,1363648.0
2023-05-11 20:00:00,20.004,20.313,19.962,20.174,321331.0
2023-05-12 00:00:00,20.177,20.283,19.824,19.99,514964.0
2023-05-12 04:00:00,19.99,20.224,19.794,20.097,571050.0
2023-05-12 08:00:00,20.095,20.358,20.056,20.277,352882.0
2023-05-12 12:00:00,20.275,20.763,20.263,20.288,848821.0
2023-05-12 16:00:00,20.285,20.553,19.891,20.492,1178181.0
2023-05-12 20:00:00,20.495,20.942,20.414,20.914,573575.0
2023-05-13 00:00:00,20.904,21.185,20.803,21.154,554118.0
2023-05-13 04:00:00,21.154,21.249,20.987,21.22,418047.0
2023-05-13 08:00:00,21.221,21.296,21.032,21.085,286249.0
2023-05-13 12:00:00,21.083,21.142,20.774,20.877,473946.0
2023-05-13 16:00:00,20.873,21.135,20.789,20.949,381979.0
2023-05-13 20:00:00,20.941,21.029,20.832,20.841,196776.0
2023-05-14 00:00:00,20.841,20.996,20.625,20.95,577058.0
2023-05-14 04:00:00,20.951,21.187,20.914,21.093,280909.0
2023-05-14 08:00:00,21.095,21.118,20.942,20.968,172044.0
2023-05-14 12:00:00,20.97,21.285,20.85,21.182,429145.0
2023-05-14 16:00:00,21.182,21.203,20.854,20.92,255433.0
2023-05-14 20:00:00,20.917,20.991,20.826,20.926,135330.0
2023-05-15 00:00:00,20.926,21.306,20.585,21.227,778870.0
2023-05-15 04:00:00,21.226,21.499,21.101,21.395,597287.0
2023-05-15 08:00:00,21.394,21.53,21.265,21.287,325197.0
2023-05-15 12:00:00,21.288,21.458,21.176,21.382,469028.0
2023-05-15 16:00:00,21.383,21.491,21.114,21.165,410156.0
2023-05-15 20:00:00,21.168,21.168,20.927,20.986,325391.0
2023-05-16 00:00:00,20.985,21.132,20.658,20.874,586809.0
2023-05-16 04:00:00,20.871,21.067,20.76,21.038,291645.0
2023-05-16 08:00:00,21.038,21.103,20.808,20.881,275116.0
2023-05-16 12:00:00,20.882,20.905,20.646,20.783,527088.0
2023-05-16 16:00:00,20.782,20.829,20.452,20.504,413231.0
2023-05-16 20:00:00,20.502,20.735,20.443,20.678,528763.0
2023-05-17 00:00:00,20.678,21.079,20.578,20.959,504979.0
2023-05-17 04:00:00,20.96,21.004,20.54,20.559,358194.0
2023-05-17 08:00:00,20.559,20.695,20.47,20.524,396847.0
2023-05-17 12:00:00,20.523,20.73,20.418,20.596,536214.0
2023-05-17 16:00:00,20.596,21.138,20.545,21.034,998279.0
2023-05-17 20:00:00,21.031,21.21,20.934,21.052,371804.0
2023-05-18 00:00:00,21.053,21.093,20.885,21.041,313848.0
2023-05-18 04:00:00,21.041,21.055,20.727,20.924,487175.0
2023-05-18 08:00:00,20.926,20.956,20.749,20.83,338835.0
2023-05-18 12:00:00,20.829,20.837,20.448,20.518,721642.0
2023-05-18 16:00:00,20.517,20.608,20.046,20.342,946350.0
2023-05-18 20:00:00,20.34,20.526,20.281,20.338,243263.0
2023-05-19 00:00:00,20.339,20.424,20.286,20.346,225026.0
2023-05-19 04:00:00,20.348,20.473,20.306,20.431,144595.0
2023-05-19 08:00:00,20.432,20.519,20.374,20.453,159247.0
2023-05-19 12:00:00,20.452,20.59,20.217,20.409,445513.0
2023-05-19 16:00:00,20.408,20.518,20.317,20.369,208490.0
2023-05-19 20:00:00,20.37,20.402,20.326,20.349,78485.0
2023-05-20 00:00:00,20.349,20.367,20.154,20.284,168553.0
2023-05-20 04:00:00,20.284,20.291,20.09,20.169,219054.0
2023-05-20 08:00:00,20.169,20.257,20.161,20.218,141094.0
2023-05-20 12:00:00,20.22,20.316,20.177,20.27,146348.0
2023-05-20 16:00:00,20.27,20.356,20.197,20.289,178910.0
2023-05-20 20:00:00,20.292,20.308,20.207,20.274,130545.0
2023-05-21 00:00:00,20.275,20.391,20.227,20.244,180310.0
2023-05-21 04:00:00,20.246,20.295,20.228,20.288,57940.0
2023-05-21 08:00:00,20.286,20.337,20.081,20.143,226695.0
2023-05-21 12:00:00,20.142,20.195,19.801,19.932,642606.0
2023-05-21 16:00:00,19.924,20.003,19.827,19.982,347232.0
2023-05-21 20:00:00,19.982,20.058,19.333,19.61,659695.0
2023-05-22 00:00:00,19.61,19.673,19.272,19.539,615168.0
2023-05-22 04:00:00,19.539,19.794,19.513,19.698,338209.0
2023-05-22 08:00:00,19.697,19.917,19.697,19.87,410609.0
2023-05-22 12:00:00,19.87,20.035,19.577,19.667,701914.0
2023-05-22 16:00:00,19.667,19.766,19.57,19.693,406666.0
2023-05-22 20:00:00,19.694,19.749,19.501,19.516,305261.0
2023-05-23 00:00:00,19.516,20.17,19.406,20.039,869482.0
2023-05-23 04:00:00,20.039,20.106,19.726,19.838,481532.0
2023-05-23 08:00:00,19.839,19.937,19.739,19.928,287414.0
2023-05-23 12:00:00,19.926,20.067,19.806,20.011,533092.0
2023-05-23 16:00:00,20.011,20.155,19.881,20.027,522606.0
2023-05-23 20:00:00,20.027,20.121,19.978,20.026,256938.0
2023-05-24 00:00:00,20.027,20.072,19.44,19.549,737478.0
2023-05-24 04:00:00,19.55,19.599,19.374,19.426,564383.0
2023-05-24 08:00:00,19.425,19.565,19.323,19.421,408477.0
2023-05-24 12:00:00,19.422,19.486,18.632,19.168,1930147.0
2023-05-24 16:00:00,19.167,19.296,19.041,19.191,520478.0
2023-05-24 20:00:00,19.191,19.368,19.15,19.205,309561.0
2023-05-25 00:00:00,19.205,19.397,18.763,19.365,799643.0
2023-05-25 04:00:00,19.365,19.474,19.267,19.276,365128.0
2023-05-25 08:00:00,19.276,19.42,19.244,19.392,252584.0
2023-05-25 12:00:00,19.392,19.618,19.189,19.231,546432.0
2023-05-25 16:00:00,19.232,19.434,19.191,19.313,409280.0
2023-05-25 20:00:00,19.315,19.337,19.211,19.253,152194.0
2023-05-26 00:00:00,19.253,19.373,19.178,19.289,265936.0
2023-05-26 04:00:00,19.293,19.317,19.085,19.312,265743.0
2023-05-26 08:00:00,19.312,19.358,19.251,19.298,194537.0
2023-05-26 12:00:00,19.299,19.564,19.209,19.429,517850.0
2023-05-26 16:00:00,19.429,19.49,19.292,19.469,216243.0
2023-05-26 20:00:00,19.47,19.497,19.345,19.353,117049.0
2023-05-27 00:00:00,19.352,19.497,19.323,19.473,123047.0
2023-05-27 04:00:00,19.474,19.646,19.448,19.529,206187.0
2023-05-27 08:00:00,19.531,19.547,19.429,19.48,174251.0
2023-05-27 12:00:00,19.48,19.612,19.416,19.61,244341.0
2023-05-27 16:00:00,19.612,19.684,19.517,19.673,243318.0
2023-05-27 20:00:00,19.673,20.55,19.667,20.42,1188159.0
2023-05-28 00:00:00,20.42,20.815,20.28,20.481,1215576.0
2023-05-28 04:00:00,20.481,20.552,20.419,20.482,304579.0
2023-05-28 08:00:00,20.482,20.666,20.399,20.519,495878.0
2023-05-28 12:00:00,20.519,20.675,20.427,20.507,425605.0
2023-05-28 16:00:00,20.505,20.992,20.469,20.757,753211.0
2023-05-28 20:00:00,20.763,21.203,20.722,20.805,787204.0
2023-05-29 00:00:00,20.804,20.984,20.648,20.714,588318.0
2023-05-29 04:00:00,20.714,20.781,20.529,20.733,393164.0
2023-05-29 08:00:00,20.733,20.783,20.616,20.757,230083.0
2023-05-29 12:00:00,20.751,20.795,20.43,20.483,630194.0
2023-05-29 16:00:00,20.483,20.589,20.259,20.504,749787.0
2023-05-29 20:00:00,20.502,20.689,20.433,20.583,255209.0
2023-05-30 00:00:00,20.584,21.172,20.462,20.865,1031390.0
2023-05-30 04:00:00,20.865,20.921,20.655,20.744,634331.0
2023-05-30 08:00:00,20.744,21.372,20.744,21.282,862580.0
2023-05-30 12:00:00,21.28,21.398,20.887,20.957,976201.0
2023-05-30 16:00:00,20.958,21.405,20.801,21.353,786678.0
2023-05-30 20:00:00,21.357,21.4,21.137,21.255,323472.0
2023-05-31 00:00:00,21.255,21.337,20.939,21.102,430942.0
2023-05-31 04:00:00,21.1,21.14,20.5,20.712,999387.0
2023-05-31 08:00:00,20.71,20.803,20.514,20.62,334602.0
2023-05-31 12:00:00,20.622,20.706,20.352,20.479,605215.0
2023-05-31 16:00:00,20.479,20.734,20.446,20.637,347868.0
2023-05-31 20:00:00,20.64,20.836,20.621,20.813,207783.0
2023-06-01 00:00:00,20.813,20.979,20.41,20.705,820010.0
2023-06-01 04:00:00,20.705,20.751,20.55,20.621,296700.0
2023-06-01 08:00:00,20.618,20.737,20.59,20.712,195497.0
2023-06-01 12:00:00,20.714,20.9,20.622,20.692,592445.0
2023-06-01 16:00:00,20.694,20.877,20.507,20.68,731121.0
2023-06-01 20:00:00,20.679,20.721,20.401,20.489,252267.0
2023-06-02 00:00:00,20.489,20.792,20.284,20.767,544405.0
2023-06-02 04:00:00,20.765,21.142,20.709,20.986,562622.0
2023-06-02 08:00:00,20.987,21.291,20.984,21.244,319536.0
2023-06-02 12:00:00,21.244,21.296,20.953,21.204,540500.0
2023-06-02 16:00:00,21.199,21.382,21.066,21.301,330024.0
2023-06-02 20:00:00,21.302,21.367,21.178,21.254,196130.0
2023-06-03 00:00:00,21.254,21.312,21.07,21.122,178381.0
2023-06-03 04:00:00,21.12,21.179,21.029,21.173,230324.0
2023-06-03 08:00:00,21.171,21.243,21.082,21.175,270073.0
2023-06-03 12:00:00,21.171,21.245,21.08,21.24,197919.0
2023-06-03 16:00:00,21.239,21.346,21.04,21.052,468804.0
2023-06-03 20:00:00,21.054,21.189,20.951,21.184,204026.0
2023-06-04 00:00:00,21.186,21.313,21.033,21.256,262404.0
2023-06-04 04:00:00,21.258,21.855,21.222,21.611,812019.0
2023-06-04 08:00:00,21.612,21.727,21.473,21.699,300131.0
2023-06-04 12:00:00,21.699,22.149,21.681,22.037,1007615.0
2023-06-04 16:00:00,22.037,22.299,21.904,22.192,693991.0
2023-06-04 20:00:00,22.192,22.297,21.778,21.821,770622.0
2023-06-05 00:00:00,21.819,22.052,21.515,21.541,970371.0
2023-06-05 04:00:00,21.541,21.692,21.411,21.656,576461.0
2023-06-05 08:00:00,21.655,21.694,21.492,21.603,392843.0
2023-06-05 12:00:00,21.603,21.603,19.882,19.917,2396425.0
2023-06-05 16:00:00,19.919,20.52,19.145,20.024,4154289.0
2023-06-05 20:00:00,20.026,20.13,19.665,20.007,476351.0
2023-06-06 00:00:00,20.008,20.029,19.703,19.993,431688.0
2023-06-06 04:00:00,19.99,20.12,19.903,20.104,451286.0
2023-06-06 08:00:00,20.102,20.121,19.823,19.879,276487.0
2023-06-06 12:00:00,19.881,20.388,19.231,19.954,2899578.0
2023-06-06 16:00:00,19.955,20.668,19.902,20.586,1454589.0
2023-06-06 20:00:00,20.586,20.706,20.23,20.387,588648.0
2023-06-07 00:00:00,20.389,20.53,20.008,20.148,669965.0
2023-06-07 04:00:00,20.146,20.244,19.957,20.0,341047.0
2023-06-07 08:00:00,20.001,20.099,19.564,19.943,852661.0
2023-06-07 12:00:00,19.945,19.964,19.234,19.316,1371268.0
2023-06-07 16:00:00,19.319,19.319,18.6,18.973,1754263.0
2023-06-07 20:00:00,18.98,18.989,18.508,18.634,859415.0
2023-06-08 00:00:00,18.635,18.879,18.229,18.469,923241.0
2023-06-08 04:00:00,18.468,18.773,18.384,18.648,778868.0
2023-06-08 08:00:00,18.642,18.827,18.544,18.775,675166.0
2023-06-08 12:00:00,18.776,19.004,18.706,18.905,905365.0
2023-06-08 16:00:00,18.905,18.92,18.56,18.857,545938.0
2023-06-08 20:00:00,18.853,19.115,18.819,18.879,478807.0
2023-06-09 00:00:00,18.88,18.924,18.58,18.765,661142.0
2023-06-09 04:00:00,18.764,18.811,18.457,18.593,588189.0
2023-06-09 08:00:00,18.592,19.379,18.549,19.27,1260453.0
2023-06-09 12:00:00,19.271,19.338,18.501,18.679,1758864.0
2023-06-09 16:00:00,18.675,18.678,17.208,17.393,3648236.0
2023-06-09 20:00:00,17.391,17.752,17.108,17.395,2261266.0
2023-06-10 00:00:00,17.396,17.426,15.981,16.291,6179140.0
2023-06-10 04:00:00,16.29,16.479,12.606,14.395,17944417.0
2023-06-10 08:00:00,14.401,15.103,14.236,14.897,4021061.0
2023-06-10 12:00:00,14.896,14.911,14.402,14.775,3302203.0
2023-06-10 16:00:00,14.774,15.862,14.525,15.323,6620075.0
2023-06-10 20:00:00,15.327,15.894,15.194,15.615,1978588.0
2023-06-11 00:00:00,15.616,15.774,15.381,15.555,2242566.0
2023-06-11 04:00:00,15.557,15.721,15.28,15.391,1983494.0
2023-06-11 08:00:00,15.389,15.71,15.296,15.527,2095993.0
2023-06-11 12:00:00,15.525,15.682,15.109,15.227,2184353.0
2023-06-11 16:00:00,15.227,16.2,15.137,15.979,3737486.0
2023-06-11 20:00:00,15.983,16.155,15.378,15.541,2016018.0
2023-06-12 00:00:00,15.542,15.6,14.902,15.096,2507220.0
2023-06-12 04:00:00,15.1,15.32,14.991,15.082,1313109.0
2023-06-12 08:00:00,15.082,15.709,15.017,15.416,2259423.0
2023-06-12 12:00:00,15.415,15.481,15.135,15.199,1313595.0
2023-06-12 16:00:00,15.201,15.343,14.73,14.961,2957059.0
2023-06-12 20:00:00,14.956,15.393,14.901,15.19,1383085.0
2023-06-13 00:00:00,15.193,15.526,15.01,15.337,1723704.0
2023-06-13 04:00:00,15.335,15.516,15.121,15.415,1105210.0
2023-06-13 08:00:00,15.412,15.695,15.354,15.639,1897010.0
2023-06-13 12:00:00,15.635,16.014,14.763,14.806,3892700.0
2023-06-13 16:00:00,14.801,15.199,14.768,14.963,1661798.0
2023-06-13 20:00:00,14.963,15.085,14.862,15.037,757494.0
2023-06-14 00:00:00,15.033,15.299,14.917,15.24,1009593.0
2023-06-14 04:00:00,15.239,15.267,15.003,15.055,807252.0
2023-06-14 08:00:00,15.056,15.25,15.038,15.198,658911.0
2023-06-14 12:00:00,15.199,15.29,15.009,15.096,880079.0
2023-06-14 16:00:00,15.096,15.375,14.9,15.085,1769234.0
2023-06-14 20:00:00,15.086,15.128,14.053,14.483,3488062.0
2023-06-15 00:00:00,14.482,15.084,14.411,14.92,1550526.0
2023-06-15 04:00:00,14.921,14.927,14.637,14.821,1410184.0
2023-06-15 08:00:00,14.822,14.917,14.455,14.67,1448470.0
2023-06-15 12:00:00,14.671,14.795,14.355,14.483,1510940.0
2023-06-15 16:00:00,14.483,14.82,14.171,14.761,1927811.0
2023-06-15 20:00:00,14.761,15.082,14.593,14.769,1332363.0
2023-06-16 00:00:00,14.77,14.871,14.629,14.797,489939.0
2023-06-16 04:00:00,14.797,14.985,14.777,14.854,526592.0
2023-06-16 08:00:00,14.853,14.948,14.522,14.573,975473.0
2023-06-16 12:00:00,14.568,15.117,14.352,15.007,2084575.0
2023-06-16 16:00:00,15.008,15.471,14.895,15.28,1744523.0
2023-06-16 20:00:00,15.282,15.434,15.223,15.317,529661.0
2023-06-17 00:00:00,15.317,15.43,15.16,15.425,552429.0
2023-06-17 04:00:00,15.425,16.129,15.364,15.853,2429537.0
2023-06-17 08:00:00,15.855,15.946,15.722,15.765,719238.0
2023-06-17 12:00:00,15.769,15.921,15.564,15.658,951273.0
2023-06-17 16:00:00,15.661,15.789,15.617,15.659,485948.0
2023-06-17 20:00:00,15.658,15.767,15.582,15.642,336000.0
2023-06-18 00:00:00,15.643,15.671,15.412,15.589,576182.0
2023-06-18 04:00:00,15.588,15.7,15.471,15.586,513834.0
2023-06-18 08:00:00,15.586,15.75,15.506,15.721,379877.0
2023-06-18 12:00:00,15.722,15.799,15.61,15.716,468785.0
2023-06-18 16:00:00,15.715,15.832,15.682,15.816,339549.0
2023-06-18 20:00:00,15.814,15.837,15.267,15.444,1314759.0
2023-06-19 00:00:00,15.441,15.58,15.325,15.485,463925.0
2023-06-19 04:00:00,15.485,15.544,15.4,15.474,405096.0
2023-06-19 08:00:00,15.473,15.569,15.408,15.562,317569.0
2023-06-19 12:00:00,15.563,15.705,15.451,15.562,693326.0
2023-06-19 16:00:00,15.562,15.998,15.435,15.858,1606946.0
2023-06-19 20:00:00,15.86,16.148,15.796,16.102,809767.0
2023-06-20 00:00:00,16.102,16.31,16.009,16.027,1604342.0
2023-06-20 04:00:00,16.028,16.128,15.913,15.978,498975.0
2023-06-20 08:00:00,15.977,15.983,15.777,15.925,624870.0
2023-06-20 12:00:00,15.924,16.094,15.728,15.944,1148617.0
2023-06-20 16:00:00,15.943,16.501,15.849,16.357,2332061.0
2023-06-20 20:00:00,16.357,16.692,16.277,16.642,1126093.0
2023-06-21 00:00:00,16.641,17.23,16.56,16.761,1858050.0
2023-06-21 04:00:00,16.762,16.962,16.707,16.826,808340.0
2023-06-21 08:00:00,16.828,16.894,16.642,16.785,724693.0
2023-06-21 12:00:00,16.784,17.1,16.54,16.891,1415805.0
2023-06-21 16:00:00,16.891,17.294,16.811,17.13,1531210.0
2023-06-21 20:00:00,17.131,17.406,16.966,17.233,671802.0
2023-06-22 00:00:00,17.232,17.751,17.158,17.53,1085871.0
2023-06-22 04:00:00,17.533,17.557,17.146,17.375,704472.0
2023-06-22 08:00:00,17.375,17.408,16.606,16.849,1898896.0
2023-06-22 12:00:00,16.855,17.167,16.655,16.896,1323398.0
2023-06-22 16:00:00,16.896,17.11,16.796,16.937,800752.0
2023-06-22 20:00:00,16.94,16.956,16.574,16.634,490484.0
2023-06-23 00:00:00,16.632,16.8,16.512,16.784,694627.0
2023-06-23 04:00:00,16.785,16.862,16.679,16.777,427148.0
2023-06-23 08:00:00,16.775,16.838,16.537,16.588,653385.0
2023-06-23 12:00:00,16.589,17.053,16.141,16.97,2738916.0
2023-06-23 16:00:00,16.968,17.278,16.847,17.123,2153417.0
2023-06-23 20:00:00,17.12,17.537,16.919,17.137,953506.0
2023-06-24 00:00:00,17.136,17.539,17.044,17.365,1135613.0
2023-06-24 04:00:00,17.372,17.425,17.024,17.071,483204.0
2023-06-24 08:00:00,17.076,17.328,17.067,17.214,483242.0
2023-06-24 12:00:00,17.214,17.392,16.483,16.624,1429752.0
2023-06-24 16:00:00,16.617,16.794,16.412,16.686,808685.0
2023-06-24 20:00:00,16.684,16.693,16.357,16.638,490102.0
2023-06-25 00:00:00,16.64,16.988,16.565,16.981,607939.0
2023-06-25 04:00:00,16.985,17.369,16.931,17.28,1052515.0
2023-06-25 08:00:00,17.275,17.391,17.015,17.249,967759.0
2023-06-25 12:00:00,17.248,17.302,16.757,17.117,1216779.0
2023-06-25 16:00:00,17.115,17.282,16.882,16.984,814322.0
2023-06-25 20:00:00,16.984,17.111,16.786,16.957,469191.0
2023-06-26 00:00:00,16.957,16.96,16.523,16.749,1163462.0
2023-06-26 04:00:00,16.747,17.062,16.601,16.935,702098.0
2023-06-26 08:00:00,16.931,16.985,16.715,16.932,624680.0
2023-06-26 12:00:00,16.929,17.124,16.735,16.82,1065739.0
2023-06-26 16:00:00,16.82,16.82,16.1,16.311,1946115.0
2023-06-26 20:00:00,16.311,16.335,15.901,16.269,923309.0
2023-06-27 00:00:00,16.272,16.496,16.135,16.488,570603.0
2023-06-27 04:00:00,16.487,16.744,16.355,16.743,632962.0
2023-06-27 08:00:00,16.743,16.778,16.506,16.689,599273.0
2023-06-27 12:00:00,16.685,16.86,16.333,16.395,1133814.0
2023-06-27 16:00:00,16.397,16.814,16.346,16.717,661553.0
2023-06-27 20:00:00,16.719,16.95,16.5,16.627,643918.0
2023-06-28 00:00:00,16.63,16.753,16.117,16.4,1545725.0
2023-06-28 04:00:00,16.394,16.395,15.791,15.958,1493078.0
2023-06-28 08:00:00,15.958,16.226,15.912,16.206,592191.0
2023-06-28 12:00:00,16.205,16.521,16.073,16.328,1371967.0
2023-06-28 16:00:00,16.328,16.415,15.487,15.901,2183613.0
2023-06-28 20:00:00,15.901,16.1,15.775,15.976,799722.0
2023-06-29 00:00:00,15.975,16.191,15.863,16.038,518293.0
2023-06-29 04:00:00,16.039,16.352,16.005,16.255,538479.0
2023-06-29 08:00:00,16.255,18.289,16.243,18.052,5252929.0
2023-06-29 12:00:00,18.052,18.238,17.267,17.671,4124937.0
2023-06-29 16:00:00,17.67,17.807,17.518,17.734,1706648.0
2023-06-29 20:00:00,17.728,18.065,17.431,17.996,1605072.0
2023-06-30 00:00:00,17.997,19.09,17.866,18.955,5242644.0
2023-06-30 04:00:00,18.957,19.075,18.414,18.789,2799005.0
2023-06-30 08:00:00,18.789,19.028,18.589,18.871,1900129.0
2023-06-30 12:00:00,18.873,19.592,16.864,18.279,7792299.0
2023-06-30 16:00:00,18.277,20.032,18.164,19.099,4177607.0
2023-06-30 20:00:00,19.096,19.354,18.834,18.86,924562.0
2023-07-01 00:00:00,18.86,19.012,18.162,18.307,1946593.0
2023-07-01 04:00:00,18.308,18.475,17.904,18.434,2002289.0
2023-07-01 08:00:00,18.433,18.711,18.197,18.334,1277902.0
2023-07-01 12:00:00,18.339,18.577,18.246,18.432,934389.0
2023-07-01 16:00:00,18.431,18.482,18.262,18.33,610558.0
2023-07-01 20:00:00,18.329,18.748,18.329,18.695,499224.0
2023-07-02 00:00:00,18.695,18.918,18.442,18.771,2046026.0
2023-07-02 04:00:00,18.774,19.5,18.55,19.211,2694476.0
2023-07-02 08:00:00,19.211,19.412,19.009,19.038,1452091.0
2023-07-02 12:00:00,19.039,19.404,18.85,19.293,2314273.0
2023-07-02 16:00:00,19.294,19.49,19.075,19.367,1330110.0
2023-07-02 20:00:00,19.366,19.755,19.261,19.457,1387955.0
2023-07-03 00:00:00,19.457,19.661,19.168,19.573,1042848.0
2023-07-03 04:00:00,19.573,19.583,19.223,19.435,835670.0
2023-07-03 08:00:00,19.436,19.508,19.307,19.47,704657.0
2023-07-03 12:00:00,19.471,19.499,18.935,19.292,1814909.0
2023-07-03 16:00:00,19.294,19.361,19.016,19.281,949533.0
2023-07-03 20:00:00,19.284,19.321,18.86,19.263,693224.0
2023-07-04 00:00:00,19.263,19.505,19.215,19.294,818358.0
2023-07-04 04:00:00,19.294,19.317,19.059,19.097,564306.0
2023-07-04 08:00:00,19.095,19.255,19.063,19.244,411205.0
2023-07-04 12:00:00,19.245,19.951,19.207,19.857,2051380.0
2023-07-04 16:00:00,19.856,19.866,19.29,19.501,1546065.0
2023-07-04 20:00:00,19.503,19.574,19.1,19.137,779026.0
2023-07-05 00:00:00,19.137,19.303,19.093,19.288,518190.0
2023-07-05 04:00:00,19.289,19.38,19.183,19.314,382033.0
2023-07-05 08:00:00,19.314,19.334,18.26,18.7,2053232.0
2023-07-05 12:00:00,18.697,18.894,18.434,18.583,1118076.0
2023-07-05 16:00:00,18.583,18.883,18.5,18.6,544322.0
2023-07-05 20:00:00,18.602,19.034,18.536,18.99,474553.0
2023-07-06 00:00:00,18.993,19.754,18.948,19.461,2170753.0
2023-07-06 04:00:00,19.463,19.737,19.335,19.59,1089613.0
2023-07-06 08:00:00,19.594,20.375,19.542,19.892,2661580.0
2023-07-06 12:00:00,19.889,19.922,18.816,19.697,3767249.0
2023-07-06 16:00:00,19.692,20.95,19.5,20.894,3759033.0
2023-07-06 20:00:00,20.897,20.99,19.589,19.609,2530033.0
2023-07-07 00:00:00,19.604,20.506,19.427,20.201,3177638.0
2023-07-07 04:00:00,20.201,20.293,19.284,19.447,2621120.0
2023-07-07 08:00:00,19.445,20.344,19.26,20.159,3220634.0
2023-07-07 12:00:00,20.159,21.693,20.159,21.216,7824875.0
2023-07-07 16:00:00,21.213,21.533,21.04,21.432,3594476.0
2023-07-07 20:00:00,21.432,21.94,21.15,21.497,1950703.0
2023-07-08 00:00:00,21.499,21.98,21.412,21.676,3170695.0
2023-07-08 04:00:00,21.676,22.22,21.32,21.981,3371889.0
2023-07-08 08:00:00,21.98,22.485,21.8,21.936,4581020.0
2023-07-08 12:00:00,21.935,21.999,21.381,21.536,2759309.0
2023-07-08 16:00:00,21.533,22.007,21.395,21.618,2948650.0
2023-07-08 20:00:00,21.619,21.962,21.404,21.809,1313202.0
2023-07-09 00:00:00,21.81,22.4,21.528,21.67,3132129.0
2023-07-09 04:00:00,21.669,21.879,21.4,21.561,1495692.0
2023-07-09 08:00:00,21.561,21.895,21.504,21.606,1454542.0
2023-07-09 12:00:00,21.605,21.837,21.122,21.262,2462592.0
2023-07-09 16:00:00,21.263,21.399,21.174,21.298,907288.0
2023-07-09 20:00:00,21.297,21.478,21.0,21.326,1167744.0
2023-07-10 00:00:00,21.326,21.361,20.77,21.247,2813712.0
2023-07-10 04:00:00,21.248,21.273,20.57,20.735,1676210.0
2023-07-10 08:00:00,20.736,20.889,20.463,20.796,1901451.0
2023-07-10 12:00:00,20.801,21.32,20.666,21.144,2202021.0
2023-07-10 16:00:00,21.144,21.627,20.914,21.577,1646171.0
2023-07-10 20:00:00,21.578,21.794,21.076,21.292,2341520.0
2023-07-11 00:00:00,21.293,21.795,21.188,21.735,1538504.0
2023-07-11 04:00:00,21.737,22.25,21.694,22.103,2475205.0
2023-07-11 08:00:00,22.104,22.152,21.825,22.039,1439764.0
2023-07-11 12:00:00,22.036,22.39,21.878,22.142,3346742.0
2023-07-11 16:00:00,22.144,22.188,21.886,21.974,1209747.0
2023-07-11 20:00:00,21.975,22.11,21.722,22.067,988007.0
2023-07-12 00:00:00,22.062,22.281,21.901,21.915,1272223.0
2023-07-12 04:00:00,21.914,22.16,21.857,22.025,1142929.0
2023-07-12 08:00:00,22.025,22.185,21.941,22.128,897085.0
2023-07-12 12:00:00,22.125,22.946,21.983,22.406,5211047.0
2023-07-12 16:00:00,22.407,22.464,21.756,21.854,2074516.0
2023-07-12 20:00:00,21.853,22.136,21.774,21.948,987479.0
2023-07-13 00:00:00,21.947,22.022,21.546,21.659,1534070.0
2023-07-13 04:00:00,21.658,21.958,21.416,21.754,1457935.0
2023-07-13 08:00:00,21.753,22.491,21.716,22.413,1812716.0
2023-07-13 12:00:00,22.414,25.717,22.109,24.075,8185390.0
2023-07-13 16:00:00,24.075,26.891,24.071,26.224,11054768.0
2023-07-13 20:00:00,26.217,26.241,25.362,26.024,2226286.0
2023-07-14 00:00:00,26.019,33.0,25.611,28.57,9658388.0
2023-07-14 04:00:00,28.565,28.901,28.234,28.717,2980041.0
2023-07-14 08:00:00,28.72,29.762,27.626,28.07,5188645.0
2023-07-14 12:00:00,28.07,28.346,27.356,28.157,2855090.0
2023-07-14 16:00:00,28.168,28.25,25.5,26.057,7708875.0
2023-07-14 20:00:00,26.061,26.896,25.217,26.664,2424328.0
2023-07-15 00:00:00,26.665,27.993,26.442,27.157,3610204.0
2023-07-15 04:00:00,27.159,28.95,27.116,28.732,4206499.0
2023-07-15 08:00:00,28.733,29.1,28.459,28.927,3325840.0
2023-07-15 12:00:00,28.924,29.039,27.373,27.558,3876233.0
2023-07-15 16:00:00,27.558,28.192,27.04,27.887,3005133.0
2023-07-15 20:00:00,27.887,27.892,27.199,27.458,1205782.0
2023-07-16 00:00:00,27.46,27.937,26.4,27.032,3586564.0
2023-07-16 04:00:00,27.032,27.95,27.028,27.7,1669032.0
2023-07-16 08:00:00,27.702,28.333,27.623,28.063,2066054.0
2023-07-16 12:00:00,28.068,28.679,27.906,28.1,2292637.0
2023-07-16 16:00:00,28.095,28.132,27.32,27.369,1515021.0
2023-07-16 20:00:00,27.367,27.775,27.069,27.412,1260269.0
2023-07-17 00:00:00,27.411,28.444,27.226,28.018,2172292.0
2023-07-17 04:00:00,28.018,28.489,27.38,27.643,1890105.0
2023-07-17 08:00:00,27.643,27.649,26.531,27.138,3312884.0
2023-07-17 12:00:00,27.137,27.397,26.419,27.014,2590287.0
2023-07-17 16:00:00,27.013,27.26,25.58,26.17,4093224.0
2023-07-17 20:00:00,26.181,27.0,26.149,26.794,1671507.0
2023-07-18 00:00:00,26.794,27.102,26.436,26.572,1149857.0
2023-07-18 04:00:00,26.569,26.622,25.664,25.726,1858811.0
2023-07-18 08:00:00,25.726,26.129,24.857,25.014,3354786.0
2023-07-18 12:00:00,25.022,25.698,24.741,25.524,2922344.0
2023-07-18 16:00:00,25.523,25.779,24.854,25.293,2142067.0
2023-07-18 20:00:00,25.296,25.587,25.05,25.555,831350.0
2023-07-19 00:00:00,25.555,26.584,25.35,26.409,2137981.0
2023-07-19 04:00:00,26.408,26.524,26.077,26.206,1301302.0
2023-07-19 08:00:00,26.204,26.522,25.707,26.486,1672480.0
2023-07-19 12:00:00,26.487,26.745,25.794,26.359,2218356.0
2023-07-19 16:00:00,26.359,26.915,26.186,26.765,1711314.0
2023-07-19 20:00:00,26.764,26.995,26.253,26.304,1116565.0
2023-07-20 00:00:00,26.307,26.815,26.141,26.497,1143973.0
2023-07-20 04:00:00,26.497,26.96,26.316,26.868,1186105.0
2023-07-20 08:00:00,26.868,27.38,26.802,27.15,1888120.0
2023-07-20 12:00:00,27.147,27.234,25.565,25.686,3044191.0
2023-07-20 16:00:00,25.686,25.76,25.211,25.404,1703768.0
2023-07-20 20:00:00,25.406,25.685,25.023,25.38,879535.0
2023-07-21 00:00:00,25.378,25.62,25.083,25.48,1006532.0
2023-07-21 04:00:00,25.481,25.503,25.126,25.176,735004.0
2023-07-21 08:00:00,25.176,25.484,25.043,25.284,928225.0
2023-07-21 12:00:00,25.285,25.598,25.243,25.298,1198738.0
2023-07-21 16:00:00,25.303,26.0,25.176,25.788,1447462.0
2023-07-21 20:00:00,25.793,25.9,25.444,25.503,697314.0
2023-07-22 00:00:00,25.503,25.98,25.452,25.838,689976.0
2023-07-22 04:00:00,25.837,25.86,25.6,25.776,522186.0
2023-07-22 08:00:00,25.775,25.89,25.387,25.6,894261.0
2023-07-22 12:00:00,25.603,25.768,25.506,25.69,585383.0
2023-07-22 16:00:00,25.693,25.745,25.214,25.296,880998.0
2023-07-22 20:00:00,25.296,25.376,23.979,24.526,2224105.0
2023-07-23 00:00:00,24.521,24.797,24.146,24.71,1098292.0
2023-07-23 04:00:00,24.71,24.914,24.618,24.691,821589.0
2023-07-23 08:00:00,24.691,24.854,24.622,24.667,454413.0
2023-07-23 12:00:00,24.664,24.718,24.516,24.683,510604.0
2023-07-23 16:00:00,24.683,25.256,24.679,24.894,1311678.0
2023-07-23 20:00:00,24.896,25.0,24.521,24.755,532345.0
2023-07-24 00:00:00,24.756,24.838,24.215,24.346,1081984.0
2023-07-24 04:00:00,24.345,24.7,24.063,24.582,804711.0
2023-07-24 08:00:00,24.582,24.63,22.866,23.625,2977717.0
2023-07-24 12:00:00,23.624,23.68,22.852,23.209,2358783.0
2023-07-24 16:00:00,23.209,23.517,23.062,23.299,1097781.0
2023-07-24 20:00:00,23.299,23.61,23.24,23.365,632268.0
2023-07-25 00:00:00,23.365,23.536,23.14,23.384,731648.0
2023-07-25 04:00:00,23.382,23.396,22.965,23.1,841286.0
2023-07-25 08:00:00,23.1,23.401,23.024,23.176,814219.0
2023-07-25 12:00:00,23.173,23.589,22.72,23.197,1996322.0
2023-07-25 16:00:00,23.199,23.461,23.061,23.163,848585.0
2023-07-25 20:00:00,23.163,23.361,23.109,23.274,558470.0
2023-07-26 00:00:00,23.277,23.698,23.174,23.508,1494003.0
2023-07-26 04:00:00,23.508,23.619,23.369,23.465,687899.0
2023-07-26 08:00:00,23.466,23.977,23.434,23.814,1214238.0
2023-07-26 12:00:00,23.815,24.99,23.804,24.909,3868588.0
2023-07-26 16:00:00,24.908,25.693,24.467,25.374,4512402.0
2023-07-26 20:00:00,25.37,25.588,25.057,25.172,1491361.0
2023-07-27 00:00:00,25.173,25.51,24.662,24.918,2217550.0
2023-07-27 04:00:00,24.918,25.346,24.917,25.004,1117942.0
2023-07-27 08:00:00,25.001,25.491,24.925,25.39,1272930.0
2023-07-27 12:00:00,25.39,25.665,25.038,25.158,2092151.0
2023-07-27 16:00:00,25.158,25.35,24.719,24.956,1729754.0
2023-07-27 20:00:00,24.956,25.254,24.761,25.095,637718.0
2023-07-28 00:00:00,25.095,25.397,24.817,24.933,941795.0
2023-07-28 04:00:00,24.933,25.022,24.56,24.623,1061909.0
2023-07-28 08:00:00,24.623,24.847,24.52,24.642,775934.0
2023-07-28 12:00:00,24.641,25.569,24.64,25.232,1827960.0
2023-07-28 16:00:00,25.233,25.419,24.831,25.042,1180229.0
2023-07-28 20:00:00,25.04,25.127,24.807,24.811,347314.0
2023-07-29 00:00:00,24.815,25.204,24.748,25.133,846654.0
2023-07-29 04:00:00,25.133,25.255,25.039,25.065,458554.0
2023-07-29 08:00:00,25.065,25.177,24.912,24.965,617040.0
2023-07-29 12:00:00,24.964,25.199,24.913,25.086,612439.0
2023-07-29 16:00:00,25.085,25.36,25.032,25.22,723363.0
2023-07-29 20:00:00,25.22,25.392,25.136,25.169,437670.0
2023-07-30 00:00:00,25.169,25.217,25.033,25.043,554664.0
2023-07-30 04:00:00,25.042,25.133,24.844,24.932,551094.0
2023-07-30 08:00:00,24.933,25.063,24.825,24.976,527569.0
2023-07-30 12:00:00,24.978,25.096,24.711,24.885,880235.0
2023-07-30 16:00:00,24.885,25.01,23.755,24.245,1795634.0
2023-07-30 20:00:00,24.245,24.327,23.5,24.252,1508891.0
2023-07-31 00:00:00,24.251,24.774,24.117,24.634,991031.0
2023-07-31 04:00:00,24.635,24.68,24.366,24.495,597894.0
2023-07-31 08:00:00,24.497,24.599,24.351,24.47,577042.0
2023-07-31 12:00:00,24.471,24.685,23.914,23.938,1548509.0
2023-07-31 16:00:00,23.937,24.161,23.497,23.675,1136238.0
2023-07-31 20:00:00,23.675,23.933,23.55,23.731,767217.0
2023-08-01 00:00:00,23.731,23.989,22.782,23.4,2585573.0
2023-08-01 04:00:00,23.403,23.661,23.276,23.485,1017269.0
2023-08-01 08:00:00,23.485,23.632,23.306,23.345,687607.0
2023-08-01 12:00:00,23.344,23.486,22.8,23.274,1802906.0
2023-08-01 16:00:00,23.274,23.796,23.188,23.611,1065293.0
2023-08-01 20:00:00,23.617,24.077,23.471,24.058,977284.0
2023-08-02 00:00:00,24.059,24.285,23.65,23.67,1617544.0
2023-08-02 04:00:00,23.67,23.813,23.583,23.629,696514.0
2023-08-02 08:00:00,23.627,23.717,23.418,23.678,861251.0
2023-08-02 12:00:00,23.679,23.718,23.105,23.253,1890086.0
2023-08-02 16:00:00,23.253,23.334,22.802,23.179,1708157.0
2023-08-02 20:00:00,23.179,23.326,23.01,23.149,540700.0
2023-08-03 00:00:00,23.15,23.396,23.07,23.254,590571.0
2023-08-03 04:00:00,23.254,23.293,22.462,22.715,1703638.0
2023-08-03 08:00:00,22.715,22.852,22.447,22.743,1163884.0
2023-08-03 12:00:00,22.743,23.109,22.603,22.793,1485187.0
2023-08-03 16:00:00,22.793,23.076,22.691,22.891,808149.0
2023-08-03 20:00:00,22.889,23.115,22.463,22.641,957175.0
2023-08-04 00:00:00,22.642,22.791,22.483,22.749,1109152.0
2023-08-04 04:00:00,22.75,23.028,22.647,22.976,903445.0
2023-08-04 08:00:00,22.974,23.073,22.829,22.914,650824.0
2023-08-04 12:00:00,22.914,23.556,22.856,23.359,1850312.0
2023-08-04 16:00:00,23.361,23.467,22.76,22.949,1545830.0
2023-08-04 20:00:00,22.951,23.047,22.458,22.808,1230098.0
2023-08-05 00:00:00,22.808,22.839,22.487,22.726,1016955.0
2023-08-05 04:00:00,22.726,22.871,22.561,22.767,458800.0
2023-08-05 08:00:00,22.77,22.94,22.71,22.784,484406.0
2023-08-05 12:00:00,22.786,22.816,22.494,22.598,874420.0
2023-08-05 16:00:00,22.598,22.695,22.215,22.597,1073052.0
2023-08-05 20:00:00,22.598,22.712,22.489,22.658,371448.0
2023-08-06 00:00:00,22.658,22.907,22.581,22.842,567546.0
2023-08-06 04:00:00,22.842,23.129,22.831,23.019,902512.0
2023-08-06 08:00:00,23.019,23.477,22.987,23.207,1522717.0
2023-08-06 12:00:00,23.208,23.264,22.847,23.026,824260.0
2023-08-06 16:00:00,23.026,23.288,22.922,23.215,816447.0
2023-08-06 20:00:00,23.215,23.4,23.058,23.193,528066.0
2023-08-07 00:00:00,23.193,23.676,23.028,23.298,1073116.0
2023-08-07 04:00:00,23.3,23.425,22.981,23.157,768677.0
2023-08-07 08:00:00,23.158,23.169,23.028,23.101,571731.0
2023-08-07 12:00:00,23.103,23.171,22.643,22.771,1328254.0
2023-08-07 16:00:00,22.768,23.076,22.306,22.969,2257667.0
2023-08-07 20:00:00,22.969,23.12,22.919,23.117,369364.0
2023-08-08 00:00:00,23.116,23.238,23.021,23.148,627595.0
2023-08-08 04:00:00,23.149,23.39,23.1,23.24,786159.0
2023-08-08 08:00:00,23.241,23.39,23.166,23.389,538572.0
2023-08-08 12:00:00,23.39,23.908,23.191,23.727,1760475.0
2023-08-08 16:00:00,23.727,24.797,23.708,24.577,2954465.0
2023-08-08 20:00:00,24.575,24.65,24.061,24.216,1254090.0
2023-08-09 00:00:00,24.216,24.488,24.164,24.309,875209.0
2023-08-09 04:00:00,24.309,24.633,24.262,24.57,722842.0
2023-08-09 08:00:00,24.571,25.0,24.529,24.858,1667098.0
2023-08-09 12:00:00,24.856,24.984,24.438,24.571,2128049.0
2023-08-09 16:00:00,24.571,24.627,24.241,24.311,959001.0
2023-08-09 20:00:00,24.313,24.485,24.104,24.391,663374.0
2023-08-10 00:00:00,24.39,24.546,24.212,24.243,837080.0
2023-08-10 04:00:00,24.244,24.394,24.136,24.321,764847.0
2023-08-10 08:00:00,24.322,24.5,24.246,24.397,643771.0
2023-08-10 12:00:00,24.402,24.892,24.264,24.555,2016535.0
2023-08-10 16:00:00,24.554,24.645,24.355,24.598,829041.0
2023-08-10 20:00:00,24.597,24.75,24.551,24.626,541672.0
2023-08-11 00:00:00,24.628,24.935,24.628,24.686,1189784.0
2023-08-11 04:00:00,24.686,24.82,24.477,24.503,838890.0
2023-08-11 08:00:00,24.503,24.578,24.38,24.546,615971.0
2023-08-11 12:00:00,24.543,24.881,24.4,24.559,1303357.0
2023-08-11 16:00:00,24.557,24.666,24.353,24.456,749260.0
2023-08-11 20:00:00,24.458,24.647,24.382,24.623,489216.0
2023-08-12 00:00:00,24.624,24.768,24.394,24.479,729583.0
2023-08-12 04:00:00,24.479,24.574,24.422,24.544,417105.0
2023-08-12 08:00:00,24.545,24.567,24.452,24.557,289052.0
2023-08-12 12:00:00,24.559,24.71,24.507,24.664,542829.0
2023-08-12 16:00:00,24.665,24.843,24.626,24.738,644765.0
2023-08-12 20:00:00,24.735,25.32,24.706,24.913,1174396.0
2023-08-13 00:00:00,24.914,24.959,24.687,24.888,816467.0
2023-08-13 04:00:00,24.888,24.903,24.651,24.772,517977.0
2023-08-13 08:00:00,24.772,24.872,24.667,24.707,450999.0
2023-08-13 12:00:00,24.708,24.772,24.483,24.598,1165485.0
2023-08-13 16:00:00,24.597,24.698,24.407,24.664,896502.0
2023-08-13 20:00:00,24.661,24.681,24.222,24.227,751426.0
2023-08-14 00:00:00,24.229,24.44,24.054,24.391,1170320.0
2023-08-14 04:00:00,24.391,24.515,24.377,24.419,533223.0
2023-08-14 08:00:00,24.419,24.593,24.407,24.51,599779.0
2023-08-14 12:00:00,24.511,24.892,24.324,24.814,1142076.0
2023-08-14 16:00:00,24.817,25.314,24.529,24.831,2654666.0
2023-08-14 20:00:00,24.832,25.234,24.767,25.185,874454.0
2023-08-15 00:00:00,25.186,25.5,24.877,25.001,2154703.0
2023-08-15 04:00:00,24.998,25.07,24.722,24.884,968574.0
2023-08-15 08:00:00,24.886,25.052,24.727,24.84,1120689.0
2023-08-15 12:00:00,24.836,25.004,24.65,24.72,1097694.0
2023-08-15 16:00:00,24.722,24.85,23.671,24.056,3243676.0
2023-08-15 20:00:00,24.054,24.172,23.736,23.905,1082264.0
2023-08-16 00:00:00,23.904,24.026,23.614,23.688,1039377.0
2023-08-16 04:00:00,23.688,23.785,23.364,23.45,1376293.0
2023-08-16 08:00:00,23.45,23.585,23.216,23.503,1063388.0
2023-08-16 12:00:00,23.501,23.506,22.921,23.075,2113366.0
2023-08-16 16:00:00,23.074,23.635,22.843,23.336,1657880.0
2023-08-16 20:00:00,23.338,23.407,22.333,22.823,2672451.0
2023-08-17 00:00:00,22.824,23.437,22.447,23.315,2361852.0
2023-08-17 04:00:00,23.315,23.388,23.207,23.266,597405.0
2023-08-17 08:00:00,23.265,23.308,22.984,23.094,849481.0
2023-08-17 12:00:00,23.094,23.43,22.522,22.86,3531576.0
2023-08-17 16:00:00,22.861,23.339,22.554,23.085,1889024.0
2023-08-17 20:00:00,23.09,23.119,19.609,21.666,5847155.0
2023-08-18 00:00:00,21.661,22.025,21.303,21.547,1714325.0
2023-08-18 04:00:00,21.547,22.2,21.393,22.091,1658344.0
2023-08-18 08:00:00,22.088,22.186,21.801,22.021,974696.0
2023-08-18 12:00:00,22.021,22.061,21.567,21.612,1322245.0
2023-08-18 16:00:00,21.609,21.754,20.897,21.287,2361960.0
2023-08-18 20:00:00,21.286,21.509,21.234,21.342,852143.0
2023-08-19 00:00:00,21.345,21.669,21.285,21.426,728456.0
2023-08-19 04:00:00,21.424,21.848,21.367,21.818,790392.0
2023-08-19 08:00:00,21.819,21.894,21.588,21.641,595626.0
2023-08-19 12:00:00,21.637,21.996,21.625,21.974,721482.0
2023-08-19 16:00:00,21.964,22.178,21.783,21.883,1015729.0
2023-08-19 20:00:00,21.875,21.915,21.706,21.893,490582.0
2023-08-20 00:00:00,21.893,21.962,21.736,21.811,397351.0
2023-08-20 04:00:00,21.81,21.821,21.572,21.75,496095.0
2023-08-20 08:00:00,21.751,22.03,21.645,21.962,670371.0
2023-08-20 12:00:00,21.962,21.981,21.667,21.798,663469.0
2023-08-20 16:00:00,21.798,21.882,21.561,21.796,608178.0
2023-08-20 20:00:00,21.799,21.957,21.718,21.771,453135.0
2023-08-21 00:00:00,21.773,21.779,21.317,21.397,1077970.0
2023-08-21 04:00:00,21.403,21.697,21.284,21.349,975768.0
2023-08-21 08:00:00,21.35,21.363,20.945,21.239,1455616.0
2023-08-21 12:00:00,21.24,21.42,20.27,20.722,3258620.0
2023-08-21 16:00:00,20.721,21.386,20.662,21.288,1601964.0
2023-08-21 20:00:00,21.288,21.411,21.178,21.196,765656.0
2023-08-22 00:00:00,21.192,21.276,21.031,21.111,484038.0
2023-08-22 04:00:00,21.106,21.192,20.963,21.173,612805.0
2023-08-22 08:00:00,21.178,21.211,20.927,20.934,542478.0
2023-08-22 12:00:00,20.932,21.069,20.56,20.7,1552456.0
2023-08-22 16:00:00,20.699,20.732,19.99,20.059,2883590.0
2023-08-22 20:00:00,20.059,20.703,19.124,20.584,3187166.0
2023-08-23 00:00:00,20.582,20.76,20.461,20.584,1043662.0
2023-08-23 04:00:00,20.585,20.898,20.484,20.748,1107420.0
2023-08-23 08:00:00,20.749,20.934,20.616,20.631,803236.0
2023-08-23 12:00:00,20.631,21.003,20.303,20.915,2032332.0
2023-08-23 16:00:00,20.914,21.683,20.896,21.49,2920543.0
2023-08-23 20:00:00,21.486,21.819,21.254,21.721,1333751.0
2023-08-24 00:00:00,21.722,21.811,21.596,21.755,739139.0
2023-08-24 04:00:00,21.755,22.0,21.665,21.739,1349893.0
2023-08-24 08:00:00,21.738,21.91,21.623,21.772,924790.0
2023-08-24 12:00:00,21.773,21.778,21.021,21.047,2414216.0
2023-08-24 16:00:00,21.048,21.221,20.717,20.921,1574669.0
2023-08-24 20:00:00,20.922,21.093,20.659,21.052,885295.0
2023-08-25 00:00:00,21.052,21.056,20.46,20.732,1158263.0
2023-08-25 04:00:00,20.73,20.759,20.409,20.559,946888.0
2023-08-25 08:00:00,20.558,20.763,20.546,20.68,557106.0
2023-08-25 12:00:00,20.675,20.911,20.239,20.347,2508826.0
2023-08-25 16:00:00,20.342,20.469,20.088,20.238,1122194.0
2023-08-25 20:00:00,20.236,20.423,20.186,20.414,531995.0
2023-08-26 00:00:00,20.415,20.42,20.212,20.396,534637.0
2023-08-26 04:00:00,20.395,20.45,20.201,20.311,585353.0
2023-08-26 08:00:00,20.311,20.35,20.234,20.298,328287.0
2023-08-26 12:00:00,20.297,20.39,20.179,20.374,473396.0
2023-08-26 16:00:00,20.37,20.384,20.196,20.342,338192.0
2023-08-26 20:00:00,20.344,20.381,20.237,20.283,183031.0
2023-08-27 00:00:00,20.283,20.39,20.244,20.294,326995.0
2023-08-27 04:00:00,20.294,20.427,20.289,20.378,264526.0
2023-08-27 08:00:00,20.379,20.735,20.366,20.577,975120.0
2023-08-27 12:00:00,20.576,20.918,20.541,20.748,970103.0
2023-08-27 16:00:00,20.751,20.811,20.54,20.774,627494.0
2023-08-27 20:00:00,20.775,20.84,20.628,20.792,334571.0
2023-08-28 00:00:00,20.792,20.792,20.425,20.479,643588.0
2023-08-28 04:00:00,20.48,20.509,20.201,20.392,685422.0
2023-08-28 08:00:00,20.392,20.4,20.018,20.369,1030737.0
2023-08-28 12:00:00,20.365,20.792,20.34,20.541,1254077.0
2023-08-28 16:00:00,20.54,20.69,20.358,20.472,804021.0
2023-08-28 20:00:00,20.47,20.641,20.368,20.553,485982.0
2023-08-29 00:00:00,20.554,20.766,20.424,20.499,663315.0
2023-08-29 04:00:00,20.494,20.53,20.22,20.262,595931.0
2023-08-29 08:00:00,20.26,20.335,20.111,20.145,718902.0
2023-08-29 12:00:00,20.145,22.054,20.114,21.327,5602816.0
2023-08-29 16:00:00,21.327,21.978,21.195,21.582,2080697.0
2023-08-29 20:00:00,21.581,21.969,21.579,21.78,1077775.0
2023-08-30 00:00:00,21.783,22.016,21.463,21.632,974757.0
2023-08-30 04:00:00,21.632,21.746,21.549,21.638,496513.0
2023-08-30 08:00:00,21.641,21.736,21.369,21.413,605158.0
2023-08-30 12:00:00,21.413,21.526,20.669,20.838,2242657.0
2023-08-30 16:00:00,20.841,20.859,20.591,20.681,1092812.0
2023-08-30 20:00:00,20.681,20.892,20.658,20.817,338724.0
2023-08-31 00:00:00,20.817,20.817,20.606,20.646,439515.0
2023-08-31 04:00:00,20.648,20.841,20.626,20.774,443692.0
2023-08-31 08:00:00,20.773,21.089,20.67,20.889,875139.0
2023-08-31 12:00:00,20.892,20.893,20.192,20.334,1764077.0
2023-08-31 16:00:00,20.332,20.337,19.379,19.825,3148644.0
2023-08-31 20:00:00,19.825,19.913,19.42,19.733,1374023.0
2023-09-01 00:00:00,19.733,19.925,19.693,19.882,625420.0
2023-09-01 04:00:00,19.883,19.928,19.771,19.802,663020.0
2023-09-01 08:00:00,19.802,19.911,19.732,19.841,413040.0
2023-09-01 12:00:00,19.843,19.931,19.28,19.401,1855217.0
2023-09-01 16:00:00,19.4,19.564,19.017,19.283,2333346.0
2023-09-01 20:00:00,19.283,19.526,19.212,19.325,675165.0
2023-09-02 00:00:00,19.325,19.596,19.307,19.57,682672.0
2023-09-02 04:00:00,19.57,19.649,19.435,19.564,795269.0
2023-09-02 08:00:00,19.565,19.666,19.489,19.569,595887.0
2023-09-02 12:00:00,19.571,19.705,19.367,19.556,1048087.0
2023-09-02 16:00:00,19.556,19.598,19.1,19.403,1216315.0
2023-09-02 20:00:00,19.402,19.552,19.365,19.491,400978.0
2023-09-03 00:00:00,19.492,19.658,19.457,19.627,470584.0
2023-09-03 04:00:00,19.628,19.64,19.468,19.526,290336.0
2023-09-03 08:00:00,19.527,19.542,19.313,19.421,556302.0
2023-09-03 12:00:00,19.423,19.563,19.291,19.324,670881.0
2023-09-03 16:00:00,19.328,19.587,19.224,19.483,765480.0
2023-09-03 20:00:00,19.484,19.638,19.425,19.563,475692.0
2023-09-04 00:00:00,19.566,20.047,19.546,19.74,1346773.0
2023-09-04 04:00:00,19.741,19.86,19.626,19.771,766096.0
2023-09-04 08:00:00,19.774,19.882,19.584,19.585,791765.0
2023-09-04 12:00:00,19.587,19.65,19.204,19.412,1537079.0
2023-09-04 16:00:00,19.413,19.546,19.329,19.432,433017.0
2023-09-04 20:00:00,19.434,19.534,19.151,19.525,753411.0
2023-09-05 00:00:00,19.526,19.563,19.035,19.225,1230652.0
2023-09-05 04:00:00,19.224,19.477,19.217,19.405,653142.0
2023-09-05 08:00:00,19.405,19.625,19.253,19.547,1367526.0
2023-09-05 12:00:00,19.548,20.596,19.489,20.388,4413488.0
2023-09-05 16:00:00,20.39,20.585,20.167,20.239,1895353.0
2023-09-05 20:00:00,20.238,20.356,20.069,20.266,859837.0
2023-09-06 00:00:00,20.267,20.392,20.088,20.146,910100.0
2023-09-06 04:00:00,20.14,20.161,19.681,19.727,1783425.0
2023-09-06 08:00:00,19.727,19.867,19.702,19.749,807179.0
2023-09-06 12:00:00,19.746,19.835,19.138,19.392,2371146.0
2023-09-06 16:00:00,19.391,19.88,19.132,19.472,2721421.0
2023-09-06 20:00:00,19.474,19.665,19.47,19.626,474975.0
2023-09-07 00:00:00,19.625,19.815,19.562,19.764,890532.0
2023-09-07 04:00:00,19.765,19.825,19.549,19.556,836954.0
2023-09-07 08:00:00,19.556,19.596,19.36,19.403,773400.0
2023-09-07 12:00:00,19.403,19.627,19.331,19.52,1045827.0
2023-09-07 16:00:00,19.523,19.757,19.519,19.666,1054119.0
2023-09-07 20:00:00,19.658,19.995,19.609,19.909,1229762.0
2023-09-08 00:00:00,19.907,20.312,19.831,20.008,1200124.0
2023-09-08 04:00:00,20.009,20.076,19.826,19.907,1130890.0
2023-09-08 08:00:00,19.906,19.918,19.352,19.546,1942670.0
2023-09-08 12:00:00,19.545,19.697,19.505,19.532,714640.0
2023-09-08 16:00:00,19.531,19.574,19.38,19.57,666225.0
2023-09-08 20:00:00,19.57,19.645,19.457,19.606,340386.0
2023-09-09 00:00:00,19.605,19.609,19.462,19.524,298480.0
2023-09-09 04:00:00,19.524,19.58,19.458,19.466,350524.0
2023-09-09 08:00:00,19.466,19.574,19.45,19.56,315154.0
2023-09-09 12:00:00,19.56,19.581,19.47,19.518,448913.0
2023-09-09 16:00:00,19.519,19.57,19.365,19.438,501486.0
2023-09-09 20:00:00,19.439,19.534,19.42,19.441,235408.0
2023-09-10 00:00:00,19.442,19.442,19.185,19.206,1153353.0
2023-09-10 04:00:00,19.205,19.205,17.817,18.525,5869857.0
2023-09-10 08:00:00,18.524,18.524,18.2,18.321,1665456.0
2023-09-10 12:00:00,18.321,18.45,17.745,18.195,3316590.0
2023-09-10 16:00:00,18.194,18.277,17.802,18.176,2994761.0
2023-09-10 20:00:00,18.176,18.602,18.125,18.227,2097143.0
2023-09-11 00:00:00,18.227,18.484,17.973,18.344,2352665.0
2023-09-11 04:00:00,18.344,18.425,18.148,18.202,1349758.0
2023-09-11 08:00:00,18.203,18.224,17.342,17.662,4841941.0
2023-09-11 12:00:00,17.66,18.03,17.344,17.836,6454642.0
2023-09-11 16:00:00,17.835,18.0,17.414,17.512,2582890.0
2023-09-11 20:00:00,17.509,17.756,17.419,17.727,1456704.0
2023-09-12 00:00:00,17.724,18.551,17.562,18.186,4391048.0
2023-09-12 04:00:00,18.187,18.291,17.856,17.974,3019454.0
2023-09-12 08:00:00,17.974,18.85,17.925,18.312,3608815.0
2023-09-12 12:00:00,18.306,18.4,17.91,18.002,3744746.0
2023-09-12 16:00:00,18.0,18.324,17.685,17.934,2929570.0
2023-09-12 20:00:00,17.933,18.059,17.866,17.913,852523.0
2023-09-13 00:00:00,17.91,18.175,17.781,17.832,1367853.0
2023-09-13 04:00:00,17.834,19.02,17.689,17.89,3204405.0
2023-09-13 08:00:00,17.891,18.294,17.852,18.179,1902245.0
2023-09-13 12:00:00,18.179,18.561,17.947,18.348,2695317.0
2023-09-13 16:00:00,18.348,18.542,17.881,18.34,4034333.0
2023-09-13 20:00:00,18.344,18.505,18.247,18.399,1081082.0
2023-09-14 00:00:00,18.396,19.33,18.38,18.936,5068664.0
2023-09-14 04:00:00,18.932,18.946,18.614,18.791,1670105.0
2023-09-14 08:00:00,18.791,18.905,18.54,18.838,1939496.0
2023-09-14 12:00:00,18.837,19.2,18.741,18.968,2820689.0
2023-09-14 16:00:00,18.97,19.128,18.859,19.046,1792359.0
2023-09-14 20:00:00,19.048,19.1,18.775,18.84,876797.0
2023-09-15 00:00:00,18.842,19.19,18.71,19.141,1174030.0
2023-09-15 04:00:00,19.142,19.289,19.027,19.086,1093750.0
2023-09-15 08:00:00,19.087,19.245,18.988,19.006,1196871.0
2023-09-15 12:00:00,19.004,19.056,18.723,18.884,1419781.0
2023-09-15 16:00:00,18.886,18.915,18.551,18.734,964326.0
2023-09-15 20:00:00,18.728,19.522,18.676,19.149,1694985.0
2023-09-16 00:00:00,19.149,19.469,19.051,19.212,1425240.0
2023-09-16 04:00:00,19.208,19.378,19.06,19.104,984194.0
2023-09-16 08:00:00,19.101,19.244,19.029,19.151,885150.0
2023-09-16 12:00:00,19.147,19.187,18.851,18.962,916646.0
2023-09-16 16:00:00,18.963,19.132,18.922,18.952,552429.0
2023-09-16 20:00:00,18.952,19.143,18.944,19.121,444685.0
2023-09-17 00:00:00,19.121,19.134,18.723,19.03,988709.0
2023-09-17 04:00:00,19.028,19.059,18.884,18.904,464237.0
2023-09-17 08:00:00,18.905,19.107,18.87,19.025,513454.0
2023-09-17 12:00:00,19.025,19.077,18.947,18.978,401412.0
2023-09-17 16:00:00,18.978,18.994,18.74,18.886,825720.0
2023-09-17 20:00:00,18.887,18.888,18.617,18.807,1092151.0
2023-09-18 00:00:00,18.81,19.287,18.58,19.212,2157179.0
2023-09-18 04:00:00,19.208,19.311,18.994,19.124,1271010.0
2023-09-18 08:00:00,19.123,19.763,19.09,19.593,2072911.0
2023-09-18 12:00:00,19.593,20.158,19.531,19.947,2688324.0
2023-09-18 16:00:00,19.948,20.071,19.51,19.782,2298526.0
2023-09-18 20:00:00,19.783,19.895,19.601,19.64,625561.0
2023-09-19 00:00:00,19.638,19.992,19.567,19.968,941147.0
2023-09-19 04:00:00,19.969,19.989,19.736,19.794,721407.0
2023-09-19 08:00:00,19.792,20.412,19.764,20.221,2504697.0
2023-09-19 12:00:00,20.22,20.23,19.8,20.134,1996177.0
2023-09-19 16:00:00,20.133,20.16,19.821,19.92,1415702.0
2023-09-19 20:00:00,19.924,20.088,19.827,20.021,527521.0
2023-09-20 00:00:00,20.022,20.245,19.847,19.916,1247636.0
2023-09-20 04:00:00,19.91,19.974,19.787,19.957,768665.0
2023-09-20 08:00:00,19.956,20.168,19.86,20.059,1390852.0
2023-09-20 12:00:00,20.06,20.375,19.883,20.194,2018112.0
2023-09-20 16:00:00,20.195,20.545,19.85,20.113,2251940.0
2023-09-20 20:00:00,20.11,20.46,20.092,20.289,792907.0
2023-09-21 00:00:00,20.29,20.3,19.917,20.185,961271.0
2023-09-21 04:00:00,20.185,20.186,19.76,19.913,1324855.0
2023-09-21 08:00:00,19.912,19.958,19.482,19.594,2336941.0
2023-09-21 12:00:00,19.589,19.654,19.284,19.608,1662699.0
2023-09-21 16:00:00,19.606,19.713,19.53,19.624,590410.0
2023-09-21 20:00:00,19.626,19.632,19.416,19.449,562106.0
2023-09-22 00:00:00,19.448,19.685,19.224,19.663,1131545.0
2023-09-22 04:00:00,19.667,19.727,19.544,19.635,735675.0
2023-09-22 08:00:00,19.637,19.8,19.59,19.684,711746.0
2023-09-22 12:00:00,19.683,19.705,19.454,19.463,802386.0
2023-09-22 16:00:00,19.458,19.5,19.295,19.357,946779.0
2023-09-22 20:00:00,19.357,19.487,19.139,19.429,785915.0
2023-09-23 00:00:00,19.429,19.58,19.284,19.377,783300.0
2023-09-23 04:00:00,19.376,19.538,19.317,19.525,541409.0
2023-09-23 08:00:00,19.525,19.538,19.438,19.522,471268.0
2023-09-23 12:00:00,19.522,19.531,19.304,19.321,481399.0
2023-09-23 16:00:00,19.317,19.492,19.287,19.47,419329.0
2023-09-23 20:00:00,19.467,19.488,19.381,19.481,301602.0
2023-09-24 00:00:00,19.479,19.667,19.455,19.57,689787.0
2023-09-24 04:00:00,19.568,19.646,19.492,19.625,436670.0
2023-09-24 08:00:00,19.622,19.678,19.534,19.595,607952.0
2023-09-24 12:00:00,19.598,19.643,19.433,19.514,521385.0
2023-09-24 16:00:00,19.515,19.656,19.427,19.465,1030786.0
2023-09-24 20:00:00,19.465,19.527,19.176,19.363,1073062.0
2023-09-25 00:00:00,19.36,19.609,19.07,19.474,1536222.0
2023-09-25 04:00:00,19.475,19.548,19.33,19.484,791108.0
2023-09-25 08:00:00,19.485,19.583,19.396,19.541,804115.0
2023-09-25 12:00:00,19.541,19.675,19.448,19.569,1149164.0
2023-09-25 16:00:00,19.573,19.738,19.462,19.512,932327.0
2023-09-25 20:00:00,19.516,19.573,19.356,19.39,374283.0
2023-09-26 00:00:00,19.389,19.523,19.284,19.446,700216.0
2023-09-26 04:00:00,19.446,19.479,19.305,19.328,807613.0
2023-09-26 08:00:00,19.328,19.429,19.238,19.381,846845.0
2023-09-26 12:00:00,19.382,19.4,19.119,19.165,973805.0
2023-09-26 16:00:00,19.163,19.297,19.121,19.234,666389.0
2023-09-26 20:00:00,19.234,19.261,18.834,19.029,1126762.0
2023-09-27 00:00:00,19.028,19.13,18.934,19.026,741665.0
2023-09-27 04:00:00,19.028,19.043,18.892,18.945,408286.0
2023-09-27 08:00:00,18.947,19.476,18.866,19.4,1821122.0
2023-09-27 12:00:00,19.399,19.459,18.761,18.944,2320592.0
2023-09-27 16:00:00,18.942,19.022,18.717,18.976,1016430.0
2023-09-27 20:00:00,18.976,19.157,18.874,19.132,619083.0
2023-09-28 00:00:00,19.13,19.435,19.094,19.21,1157757.0
2023-09-28 04:00:00,19.209,19.284,19.172,19.232,564944.0
2023-09-28 08:00:00,19.232,19.325,19.112,19.168,763633.0
2023-09-28 12:00:00,19.168,19.632,19.15,19.602,1331559.0
2023-09-28 16:00:00,19.601,19.724,19.425,19.71,1436330.0
2023-09-28 20:00:00,19.713,19.991,19.568,19.954,937376.0
2023-09-29 00:00:00,19.955,20.34,19.836,20.209,1737658.0
2023-09-29 04:00:00,20.206,20.364,20.06,20.276,1081954.0
2023-09-29 08:00:00,20.276,20.308,20.035,20.08,880705.0
2023-09-29 12:00:00,20.08,20.463,20.007,20.334,1843980.0
2023-09-29 16:00:00,20.335,20.355,20.076,20.251,834340.0
2023-09-29 20:00:00,20.247,20.355,20.203,20.267,329102.0
2023-09-30 00:00:00,20.268,20.449,20.196,20.219,522242.0
2023-09-30 04:00:00,20.219,20.349,20.071,20.318,578399.0
2023-09-30 08:00:00,20.317,20.394,20.246,20.279,629140.0
2023-09-30 12:00:00,20.279,21.648,20.275,21.423,5843456.0
2023-09-30 16:00:00,21.423,21.808,21.26,21.391,2679177.0
2023-09-30 20:00:00,21.392,21.451,21.236,21.361,623829.0
2023-10-01 00:00:00,21.361,21.429,21.131,21.203,993766.0
2023-10-01 04:00:00,21.203,21.404,21.163,21.357,566023.0
2023-10-01 08:00:00,21.357,24.502,21.349,22.97,5739059.0
2023-10-01 12:00:00,22.968,23.435,22.83,23.099,2397377.0
2023-10-01 16:00:00,23.1,23.103,22.435,22.726,1880958.0
2023-10-01 20:00:00,22.725,24.527,22.589,23.884,4342095.0
2023-10-02 00:00:00,23.885,24.343,23.574,24.09,2083389.0
2023-10-02 04:00:00,24.09,24.816,23.944,24.33,2830176.0
2023-10-02 08:00:00,24.332,24.522,23.783,23.835,2262368.0
2023-10-02 12:00:00,23.834,24.489,23.579,24.065,3348765.0
2023-10-02 16:00:00,24.063,24.298,22.973,23.819,4048389.0
2023-10-02 20:00:00,23.824,23.83,22.92,23.382,2214215.0
2023-10-03 00:00:00,23.384,23.775,23.305,23.658,1470918.0
2023-10-03 04:00:00,23.654,24.254,23.475,23.82,2120278.0
2023-10-03 08:00:00,23.82,24.499,23.775,23.926,3061403.0
2023-10-03 12:00:00,23.927,24.81,23.754,23.996,5835213.0
2023-10-03 16:00:00,23.994,24.334,23.437,23.525,2701323.0
2023-10-03 20:00:00,23.526,23.75,23.205,23.615,1749555.0
2023-10-04 00:00:00,23.615,23.657,22.77,23.106,3958616.0
2023-10-04 04:00:00,23.102,23.252,22.773,23.167,1450010.0
2023-10-04 08:00:00,23.166,23.859,23.106,23.573,2393212.0
2023-10-04 12:00:00,23.578,23.64,22.675,22.702,3061788.0
2023-10-04 16:00:00,22.703,23.284,22.582,22.916,2638227.0
2023-10-04 20:00:00,22.918,23.308,22.856,23.12,615288.0
2023-10-05 00:00:00,23.118,23.758,23.041,23.228,2230510.0
2023-10-05 04:00:00,23.226,23.473,22.834,23.008,1516375.0
2023-10-05 08:00:00,23.007,23.35,22.882,23.216,1254051.0
2023-10-05 12:00:00,23.216,23.597,22.6,22.802,3348048.0
2023-10-05 16:00:00,22.801,23.057,22.495,22.796,2149693.0
2023-10-05 20:00:00,22.791,22.873,22.612,22.693,604345.0
2023-10-06 00:00:00,22.696,23.356,22.665,23.182,1489155.0
2023-10-06 04:00:00,23.18,23.47,22.951,23.334,1471489.0
2023-10-06 08:00:00,23.331,23.572,23.085,23.184,1796985.0
2023-10-06 12:00:00,23.183,23.67,22.69,23.504,3894695.0
2023-10-06 16:00:00,23.501,23.756,23.332,23.425,1603157.0
2023-10-06 20:00:00,23.422,23.784,23.294,23.402,889249.0
2023-10-07 00:00:00,23.4,23.744,23.337,23.672,1148480.0
2023-10-07 04:00:00,23.673,24.229,23.474,23.522,2201767.0
2023-10-07 08:00:00,23.52,23.84,23.359,23.476,1650889.0
2023-10-07 12:00:00,23.472,23.574,23.302,23.344,1002314.0
2023-10-07 16:00:00,23.343,23.452,23.076,23.125,931273.0
2023-10-07 20:00:00,23.124,23.352,23.11,23.299,356482.0
2023-10-08 00:00:00,23.294,23.632,23.163,23.52,1088293.0
2023-10-08 04:00:00,23.522,23.547,23.19,23.332,954739.0
2023-10-08 08:00:00,23.332,23.531,23.142,23.224,1186022.0
2023-10-08 12:00:00,23.225,23.506,23.054,23.49,1203842.0
2023-10-08 16:00:00,23.491,23.564,23.263,23.322,637884.0
2023-10-08 20:00:00,23.323,23.486,23.162,23.218,481328.0
2023-10-09 00:00:00,23.219,23.312,23.08,23.248,812840.0
2023-10-09 04:00:00,23.248,23.372,22.851,22.986,1024730.0
2023-10-09 08:00:00,22.986,23.008,21.934,22.177,3407940.0
2023-10-09 12:00:00,22.173,22.389,22.075,22.202,1211502.0
2023-10-09 16:00:00,22.203,22.426,21.566,22.195,3234419.0
2023-10-09 20:00:00,22.196,22.249,21.99,22.089,432017.0
2023-10-10 00:00:00,22.089,22.276,21.884,22.147,1156996.0
2023-10-10 04:00:00,22.15,22.396,22.051,22.321,664836.0
2023-10-10 08:00:00,22.321,22.446,22.106,22.125,1055210.0
2023-10-10 12:00:00,22.126,22.481,21.916,21.979,2133875.0
2023-10-10 16:00:00,21.975,22.076,21.687,22.033,1560941.0
2023-10-10 20:00:00,22.031,22.2,21.8,22.117,674629.0
2023-10-11 00:00:00,22.115,22.286,21.697,21.976,1603524.0
2023-10-11 04:00:00,21.974,22.386,21.951,22.011,1647734.0
2023-10-11 08:00:00,22.01,22.415,21.993,22.142,1239276.0
2023-10-11 12:00:00,22.143,22.325,21.897,22.001,1632009.0
2023-10-11 16:00:00,22.001,22.042,21.622,21.906,1618793.0
2023-10-11 20:00:00,21.906,22.032,21.744,22.014,481829.0
2023-10-12 00:00:00,22.012,22.057,21.45,21.705,1410007.0
2023-10-12 04:00:00,21.705,21.846,21.642,21.647,656306.0
2023-10-12 08:00:00,21.647,21.661,21.13,21.505,2407856.0
2023-10-12 12:00:00,21.504,21.535,21.237,21.281,1102346.0
2023-10-12 16:00:00,21.283,21.371,20.865,21.211,2238777.0
2023-10-12 20:00:00,21.21,21.357,21.13,21.286,509491.0
2023-10-13 00:00:00,21.285,21.471,21.12,21.131,701854.0
2023-10-13 04:00:00,21.132,21.462,21.112,21.383,783843.0
2023-10-13 08:00:00,21.381,21.58,21.299,21.478,890255.0
2023-10-13 12:00:00,21.481,21.622,21.347,21.418,1103916.0
2023-10-13 16:00:00,21.417,21.61,21.409,21.566,579152.0
2023-10-13 20:00:00,21.568,22.208,21.559,21.837,2370556.0
2023-10-14 00:00:00,21.837,22.061,21.79,22.022,833918.0
2023-10-14 04:00:00,22.026,22.13,21.934,22.055,722209.0
2023-10-14 08:00:00,22.06,22.344,21.905,21.973,2278120.0
2023-10-14 12:00:00,21.973,22.101,21.844,22.085,861247.0
2023-10-14 16:00:00,22.085,22.1,21.967,22.039,426291.0
2023-10-14 20:00:00,22.04,22.041,21.926,21.994,257367.0
2023-10-15 00:00:00,21.991,22.18,21.828,21.933,840346.0
2023-10-15 04:00:00,21.933,21.971,21.86,21.942,441579.0
2023-10-15 08:00:00,21.942,22.018,21.815,21.87,1083005.0
2023-10-15 12:00:00,21.87,21.942,21.651,21.734,1008204.0
2023-10-15 16:00:00,21.733,21.987,21.705,21.912,861960.0
2023-10-15 20:00:00,21.911,22.113,21.824,21.932,887120.0
2023-10-16 00:00:00,21.933,22.227,21.88,22.106,787485.0
2023-10-16 04:00:00,22.106,22.849,22.102,22.81,2607199.0
2023-10-16 08:00:00,22.816,23.164,22.635,23.143,1981912.0
2023-10-16 12:00:00,23.142,25.0,22.901,23.159,8193344.0
2023-10-16 16:00:00,23.16,24.148,23.15,23.866,2101747.0
2023-10-16 20:00:00,23.867,24.221,23.652,23.952,1759756.0
2023-10-17 00:00:00,23.95,24.35,23.774,24.0,2300059.0
2023-10-17 04:00:00,24.002,24.24,23.746,24.082,2283713.0
2023-10-17 08:00:00,24.081,24.585,24.05,24.086,3267416.0
2023-10-17 12:00:00,24.084,24.187,23.443,23.906,3664905.0
2023-10-17 16:00:00,23.906,24.4,23.715,24.172,2064178.0
2023-10-17 20:00:00,24.171,24.258,23.888,23.937,825488.0
2023-10-18 00:00:00,23.938,24.115,23.794,24.043,1390643.0
2023-10-18 04:00:00,24.042,24.437,23.865,23.895,2592869.0
2023-10-18 08:00:00,23.895,24.16,23.778,23.806,1150433.0
2023-10-18 12:00:00,23.808,23.918,23.613,23.692,1369606.0
2023-10-18 16:00:00,23.693,23.79,23.563,23.697,1198872.0
2023-10-18 20:00:00,23.7,23.741,23.355,23.418,1371759.0
2023-10-19 00:00:00,23.417,23.573,23.082,23.451,1407650.0
2023-10-19 04:00:00,23.447,23.893,23.442,23.845,1402425.0
2023-10-19 08:00:00,23.844,24.315,23.698,24.276,2085660.0
2023-10-19 12:00:00,24.275,24.89,24.057,24.762,3826684.0
2023-10-19 16:00:00,24.758,25.926,24.633,25.148,4870028.0
2023-10-19 20:00:00,25.151,25.25,24.732,24.923,1148014.0
2023-10-20 00:00:00,24.918,25.732,24.73,25.654,3199325.0
2023-10-20 04:00:00,25.65,26.511,25.562,26.227,4094671.0
2023-10-20 08:00:00,26.229,27.646,26.215,26.906,6021063.0
2023-10-20 12:00:00,26.9,27.156,26.566,26.904,2951704.0
2023-10-20 16:00:00,26.905,27.046,26.3,26.888,2519357.0
2023-10-20 20:00:00,26.887,27.352,26.708,27.011,1307304.0
2023-10-21 00:00:00,27.011,27.124,26.651,26.814,1435344.0
2023-10-21 04:00:00,26.814,28.685,26.662,28.063,4371439.0
2023-10-21 08:00:00,28.065,30.036,27.819,29.517,5165256.0
2023-10-21 12:00:00,29.518,29.678,28.606,29.034,4133244.0
2023-10-21 16:00:00,29.029,29.963,28.87,29.494,3120741.0
2023-10-21 20:00:00,29.496,30.412,29.218,29.327,2914274.0
2023-10-22 00:00:00,29.326,29.958,29.158,29.723,2310515.0
2023-10-22 04:00:00,29.724,30.02,28.051,28.813,3854803.0
2023-10-22 08:00:00,28.812,29.05,28.091,28.344,2539113.0
2023-10-22 12:00:00,28.346,28.885,28.291,28.434,2052598.0
2023-10-22 16:00:00,28.437,29.2,28.402,28.693,1318041.0
2023-10-22 20:00:00,28.689,29.356,28.66,29.047,1460548.0
2023-10-23 00:00:00,29.044,30.742,28.735,30.656,5654103.0
2023-10-23 04:00:00,30.654,31.38,29.867,30.115,6216101.0
2023-10-23 08:00:00,30.116,30.362,29.318,29.705,3169369.0
2023-10-23 12:00:00,29.703,29.874,28.795,28.984,3744721.0
2023-10-23 16:00:00,28.977,30.0,28.879,29.894,3753197.0
2023-10-23 20:00:00,29.898,32.954,29.735,31.926,7565590.0
2023-10-24 00:00:00,31.921,32.6,31.26,31.411,4943256.0
2023-10-24 04:00:00,31.411,31.78,30.643,31.249,2580255.0
2023-10-24 08:00:00,31.247,31.998,31.168,31.845,1827194.0
2023-10-24 12:00:00,31.845,32.634,30.441,30.907,5392330.0
2023-10-24 16:00:00,30.905,31.206,30.027,30.512,2822059.0
2023-10-24 20:00:00,30.507,30.813,29.512,30.17,2643765.0
2023-10-25 00:00:00,30.169,32.237,29.988,31.053,3337184.0
2023-10-25 04:00:00,31.054,31.874,30.644,30.955,2459903.0
2023-10-25 08:00:00,30.956,32.32,30.772,32.211,2810466.0
2023-10-25 12:00:00,32.218,33.978,32.214,33.395,5920259.0
2023-10-25 16:00:00,33.395,33.573,32.306,32.779,3291651.0
2023-10-25 20:00:00,32.783,33.096,31.856,32.456,1740495.0
2023-10-26 00:00:00,32.455,32.803,31.724,32.757,2221689.0
2023-10-26 04:00:00,32.759,33.29,32.0,32.838,2217202.0
2023-10-26 08:00:00,32.844,32.992,31.585,31.837,2801589.0
2023-10-26 12:00:00,31.838,32.399,30.893,31.297,3721293.0
2023-10-26 16:00:00,31.295,31.726,30.718,31.564,1910781.0
2023-10-26 20:00:00,31.556,33.249,31.473,32.78,2187201.0
2023-10-27 00:00:00,32.789,32.856,31.825,32.391,2363881.0
2023-10-27 04:00:00,32.395,32.896,32.12,32.356,1721871.0
2023-10-27 08:00:00,32.356,33.129,32.161,32.591,2025513.0
2023-10-27 12:00:00,32.59,33.425,31.893,32.192,3263807.0
2023-10-27 16:00:00,32.188,32.5,31.2,31.924,2455279.0
2023-10-27 20:00:00,31.923,32.276,31.467,31.738,1088772.0
2023-10-28 00:00:00,31.743,32.393,31.648,32.349,1046837.0
2023-10-28 04:00:00,32.351,32.48,32.056,32.284,758380.0
2023-10-28 08:00:00,32.277,32.528,32.044,32.192,1127812.0
2023-10-28 12:00:00,32.192,32.22,31.606,32.025,1297575.0
2023-10-28 16:00:00,32.025,32.104,31.428,31.578,887975.0
2023-10-28 20:00:00,31.585,31.987,31.327,31.628,615690.0
2023-10-29 00:00:00,31.629,31.847,31.234,31.574,1043605.0
2023-10-29 04:00:00,31.574,32.364,31.497,32.272,1072330.0
2023-10-29 08:00:00,32.276,32.365,32.121,32.257,721345.0
2023-10-29 12:00:00,32.257,32.713,32.165,32.626,1286829.0
2023-10-29 16:00:00,32.628,33.245,32.528,33.006,1359633.0
2023-10-29 20:00:00,33.004,33.042,32.493,32.835,638648.0
2023-10-30 00:00:00,32.836,33.117,32.528,32.749,1245329.0
2023-10-30 04:00:00,32.749,32.995,32.273,32.538,1444927.0
2023-10-30 08:00:00,32.543,35.215,32.471,34.957,4963810.0
2023-10-30 12:00:00,34.955,35.4,34.518,35.042,2382930.0
2023-10-30 16:00:00,35.042,35.049,34.225,34.894,1721470.0
2023-10-30 20:00:00,34.887,35.022,34.465,34.945,893575.0
2023-10-31 00:00:00,34.944,36.48,34.818,35.795,3519766.0
2023-10-31 04:00:00,35.794,36.654,35.547,35.727,2435721.0
2023-10-31 08:00:00,35.728,36.975,35.571,36.567,2674543.0
2023-10-31 12:00:00,36.575,36.666,35.584,36.107,3112946.0
2023-10-31 16:00:00,36.107,36.448,35.824,36.266,1316186.0
2023-10-31 20:00:00,36.257,38.651,36.241,38.4,3144725.0
2023-11-01 00:00:00,38.401,38.8,37.9,38.27,2901790.0
2023-11-01 04:00:00,38.271,39.578,37.801,38.464,2836675.0
2023-11-01 08:00:00,38.465,39.799,37.981,39.25,5470969.0
2023-11-01 12:00:00,39.25,42.0,38.801,40.618,9326608.0
2023-11-01 16:00:00,40.618,46.898,40.331,42.065,12921565.0
2023-11-01 20:00:00,42.065,43.812,40.637,41.23,5686379.0
2023-11-02 00:00:00,41.228,42.855,41.157,42.589,3351918.0
2023-11-02 04:00:00,42.589,43.417,41.115,43.087,3337343.0
2023-11-02 08:00:00,43.082,44.6,42.559,44.458,3800028.0
2023-11-02 12:00:00,44.457,44.5,40.0,40.064,7615472.0
2023-11-02 16:00:00,40.058,41.55,38.609,41.394,7627652.0
2023-11-02 20:00:00,41.392,42.125,39.556,40.241,3322862.0
2023-11-03 00:00:00,40.246,40.263,38.0,38.926,5445885.0
2023-11-03 04:00:00,38.92,39.116,38.0,39.048,2662827.0
2023-11-03 08:00:00,39.048,39.756,38.108,39.169,3701609.0
2023-11-03 12:00:00,39.172,40.25,38.808,39.809,3737031.0
2023-11-03 16:00:00,39.814,40.076,38.506,39.177,2713996.0
2023-11-03 20:00:00,39.177,39.933,39.042,39.469,1102780.0
2023-11-04 00:00:00,39.469,41.25,39.016,41.103,3132010.0
2023-11-04 04:00:00,41.104,42.07,40.4,41.678,3465581.0
2023-11-04 08:00:00,41.686,42.75,41.3,41.554,3251693.0
2023-11-04 12:00:00,41.553,42.226,40.804,41.287,2702972.0
2023-11-04 16:00:00,41.288,41.911,41.015,41.385,1542771.0
2023-11-04 20:00:00,41.389,42.733,41.305,42.412,1601277.0
2023-11-05 00:00:00,42.426,42.87,41.71,42.503,2135435.0
2023-11-05 04:00:00,42.503,42.524,41.408,41.552,1492215.0
2023-11-05 08:00:00,41.552,41.81,41.088,41.643,1208117.0
2023-11-05 12:00:00,41.648,41.878,40.421,40.734,2167306.0
2023-11-05 16:00:00,40.731,41.623,40.641,40.761,1151062.0
2023-11-05 20:00:00,40.761,41.579,40.0,41.157,1219205.0
2023-11-06 00:00:00,41.157,41.874,40.89,41.101,1344804.0
2023-11-06 04:00:00,41.109,41.224,39.634,39.924,2310580.0
2023-11-06 08:00:00,39.929,40.707,39.668,40.309,1389555.0
2023-11-06 12:00:00,40.309,40.756,39.88,40.233,1721852.0
2023-11-06 16:00:00,40.232,40.54,39.879,40.509,1447618.0
2023-11-06 20:00:00,40.505,42.222,40.035,42.166,1558629.0
2023-11-07 00:00:00,42.167,42.309,40.051,40.821,2596592.0
2023-11-07 04:00:00,40.822,41.714,40.653,41.562,1328444.0
2023-11-07 08:00:00,41.567,41.771,40.483,41.107,2137264.0
2023-11-07 12:00:00,41.104,42.142,40.726,41.205,3065076.0
2023-11-07 16:00:00,41.205,44.393,41.021,43.869,4563327.0
2023-11-07 20:00:00,43.884,44.862,42.769,42.945,2425988.0
2023-11-08 00:00:00,42.945,43.525,42.249,43.352,1786316.0
2023-11-08 04:00:00,43.351,43.775,43.007,43.463,1185193.0
2023-11-08 08:00:00,43.464,43.9,43.109,43.314,1355136.0
2023-11-08 12:00:00,43.313,43.618,42.319,42.766,1938813.0
2023-11-08 16:00:00,42.77,43.632,42.54,43.092,1377584.0
2023-11-08 20:00:00,43.088,43.531,42.616,43.117,1460906.0
2023-11-09 00:00:00,43.116,44.181,42.481,44.101,2387696.0
2023-11-09 04:00:00,44.108,44.639,43.8,43.891,1810557.0
2023-11-09 08:00:00,43.89,47.554,43.883,47.143,4366507.0
2023-11-09 12:00:00,47.143,49.0,45.725,46.42,6567949.0
2023-11-09 16:00:00,46.428,46.821,40.5,44.414,6715445.0
2023-11-09 20:00:00,44.393,45.75,43.019,45.286,1749888.0
2023-11-10 00:00:00,45.279,48.042,45.054,47.435,2679866.0
2023-11-10 04:00:00,47.431,48.99,46.842,47.61,2008086.0
2023-11-10 08:00:00,47.61,51.27,46.57,50.75,4480716.0
2023-11-10 12:00:00,50.73,52.0,48.61,50.87,5045036.0
2023-11-10 16:00:00,50.87,55.03,50.54,54.1,4171898.0
2023-11-10 20:00:00,54.1,57.55,53.06,56.69,3344906.0
2023-11-11 00:00:00,56.68,57.8,54.48,55.83,4494470.0
2023-11-11 04:00:00,55.82,56.01,53.51,54.25,2851276.0
2023-11-11 08:00:00,54.27,55.85,53.78,55.24,1933156.0
2023-11-11 12:00:00,55.26,63.96,55.02,60.94,8185848.0
2023-11-11 16:00:00,60.95,62.64,58.15,60.52,3875966.0
2023-11-11 20:00:00,60.51,60.51,55.29,56.37,3664160.0
2023-11-12 00:00:00,56.39,57.93,54.45,57.38,4742050.0
2023-11-12 04:00:00,57.38,61.9,56.46,61.07,4256316.0
2023-11-12 08:00:00,61.08,61.47,58.33,59.96,3154142.0
2023-11-12 12:00:00,59.97,60.4,57.6,58.66,2834330.0
2023-11-12 16:00:00,58.67,58.82,55.52,56.07,2388878.0
2023-11-12 20:00:00,56.08,57.59,55.61,56.29,1650609.0
2023-11-13 00:00:00,56.29,59.49,55.05,56.99,3853744.0
2023-11-13 04:00:00,56.98,59.64,56.63,58.24,2957075.0
2023-11-13 08:00:00,58.22,59.74,56.49,57.04,2686494.0
2023-11-13 12:00:00,57.05,60.0,54.2,55.65,7050792.0
2023-11-13 16:00:00,55.64,56.93,52.2,54.7,3890947.0
2023-11-13 20:00:00,54.69,54.69,51.48,51.63,3200824.0
2023-11-14 00:00:00,51.63,54.82,51.18,54.04,3877955.0
2023-11-14 04:00:00,54.02,55.46,53.76,55.12,1846105.0
2023-11-14 08:00:00,55.13,55.85,52.03,52.68,3147685.0
2023-11-14 12:00:00,52.69,58.16,52.05,56.25,8371559.0
2023-11-14 16:00:00,56.25,57.0,51.86,55.08,5070474.0
2023-11-14 20:00:00,55.08,57.48,54.76,56.79,2243022.0
2023-11-15 00:00:00,56.8,58.0,56.16,56.28,2244583.0
2023-11-15 04:00:00,56.29,59.8,56.24,59.18,2774691.0
2023-11-15 08:00:00,59.19,63.68,58.7,63.0,4304037.0
2023-11-15 12:00:00,63.0,63.87,61.35,62.42,3940690.0
2023-11-15 16:00:00,62.43,65.85,60.64,65.37,4931386.0
2023-11-15 20:00:00,65.39,67.24,64.24,65.5,2464611.0
2023-11-16 00:00:00,65.49,66.8,64.47,65.87,2552603.0
2023-11-16 04:00:00,65.87,68.34,64.76,65.69,3472799.0
2023-11-16 08:00:00,65.69,66.08,63.31,64.04,4097470.0
2023-11-16 12:00:00,64.04,64.72,60.41,61.59,5620330.0
2023-11-16 16:00:00,61.59,62.87,58.85,62.34,3637295.0
2023-11-16 20:00:00,62.34,62.88,56.31,57.78,4268413.0
2023-11-17 00:00:00,57.77,60.59,57.59,58.92,3300827.0
2023-11-17 04:00:00,58.92,60.0,58.0,58.17,1742789.0
2023-11-17 08:00:00,58.18,59.06,56.43,58.15,2775526.0
2023-11-17 12:00:00,58.16,59.67,54.07,55.04,4526278.0
2023-11-17 16:00:00,55.04,58.72,54.36,57.58,3269202.0
2023-11-17 20:00:00,57.56,59.5,57.48,58.49,1077933.0
2023-11-18 00:00:00,58.5,58.62,56.32,56.72,1389337.0
2023-11-18 04:00:00,56.72,57.49,54.64,56.34,2168771.0
2023-11-18 08:00:00,56.34,57.65,56.02,56.96,1125318.0
2023-11-18 12:00:00,56.96,58.37,55.41,57.97,2337589.0
2023-11-18 16:00:00,57.96,59.44,57.53,59.08,2164192.0
2023-11-18 20:00:00,59.08,59.34,58.03,58.61,903502.0
2023-11-19 00:00:00,58.59,58.6,56.55,58.24,1398970.0
2023-11-19 04:00:00,58.22,60.96,57.73,60.45,2036048.0
2023-11-19 08:00:00,60.45,61.84,59.41,59.87,2641534.0
2023-11-19 12:00:00,59.87,60.36,59.07,59.98,1830679.0
2023-11-19 16:00:00,59.99,61.3,59.36,61.18,1432176.0
2023-11-19 20:00:00,61.19,62.17,60.15,61.11,1389087.0
2023-11-20 00:00:00,61.11,61.34,59.77,59.94,1464807.0
2023-11-20 04:00:00,59.95,60.22,59.11,59.9,1173590.0
2023-11-20 08:00:00,59.9,61.1,59.27,60.07,1811690.0
2023-11-20 12:00:00,60.07,60.65,57.21,58.99,3380731.0
2023-11-20 16:00:00,58.99,59.4,56.52,57.52,3133823.0
2023-11-20 20:00:00,57.53,57.79,55.88,56.58,1412112.0
2023-11-21 00:00:00,56.57,57.41,55.1,55.99,1897892.0
2023-11-21 04:00:00,56.0,56.47,55.29,55.37,1102824.0
2023-11-21 08:00:00,55.37,57.11,55.35,56.28,1393003.0
2023-11-21 12:00:00,56.29,56.64,52.61,55.12,4652707.0
2023-11-21 16:00:00,55.11,56.23,52.25,54.79,4405225.0
2023-11-21 20:00:00,54.8,55.76,51.2,51.66,2697944.0
2023-11-22 00:00:00,51.67,54.42,51.43,54.32,1945358.0
2023-11-22 04:00:00,54.31,55.26,53.9,54.66,1310379.0
2023-11-22 08:00:00,54.64,55.26,54.36,54.54,1219039.0
2023-11-22 12:00:00,54.55,55.75,54.05,54.95,1913700.0
2023-11-22 16:00:00,54.96,57.66,54.37,57.31,2239039.0
2023-11-22 20:00:00,57.3,59.0,56.93,57.58,1597240.0
2023-11-23 00:00:00,57.57,58.53,57.02,57.66,1350034.0
2023-11-23 04:00:00,57.67,58.56,57.51,57.81,931478.0
2023-11-23 08:00:00,57.81,58.99,57.18,57.97,1735060.0
2023-11-23 12:00:00,57.97,59.65,56.42,56.61,2694483.0
2023-11-23 16:00:00,56.61,57.34,56.13,56.36,963853.0
2023-11-23 20:00:00,56.34,57.05,56.27,56.51,603258.0
2023-11-24 00:00:00,56.52,57.62,56.17,57.27,1025909.0
2023-11-24 04:00:00,57.28,57.45,56.65,57.34,634925.0
2023-11-24 08:00:00,57.35,58.78,57.08,58.03,1678853.0
2023-11-24 12:00:00,58.03,58.5,57.16,58.13,1345594.0
2023-11-24 16:00:00,58.12,58.45,56.81,57.14,1122845.0
2023-11-24 20:00:00,57.13,57.6,56.4,56.86,536809.0
2023-11-25 00:00:00,56.85,59.86,55.57,58.82,2632400.0
2023-11-25 04:00:00,58.83,58.99,58.37,58.6,665580.0
2023-11-25 08:00:00,58.6,58.83,57.3,57.79,1071255.0
2023-11-25 12:00:00,57.78,58.75,57.68,58.53,705428.0
2023-11-25 16:00:00,58.54,59.75,58.35,59.06,897886.0
2023-11-25 20:00:00,59.06,59.31,58.62,58.84,372862.0
2023-11-26 00:00:00,58.84,59.05,57.97,58.32,655178.0
2023-11-26 04:00:00,58.33,58.64,58.16,58.41,455800.0
2023-11-26 08:00:00,58.41,58.62,57.75,57.85,604151.0
2023-11-26 12:00:00,57.85,58.11,56.55,57.07,1722068.0
2023-11-26 16:00:00,57.07,57.28,56.05,57.18,1151678.0
2023-11-26 20:00:00,57.18,58.8,56.98,57.58,1062517.0
2023-11-27 00:00:00,57.59,58.08,56.11,56.58,1001829.0
2023-11-27 04:00:00,56.58,57.36,55.45,55.94,1638823.0
2023-11-27 08:00:00,55.95,56.3,54.6,55.01,1901346.0
2023-11-27 12:00:00,55.02,55.2,53.9,53.96,1587888.0
2023-11-27 16:00:00,53.96,55.14,53.42,54.13,1454790.0
2023-11-27 20:00:00,54.14,55.15,53.66,55.04,821386.0
2023-11-28 00:00:00,55.04,55.42,54.61,54.96,665658.0
2023-11-28 04:00:00,54.95,55.3,53.93,55.07,1241218.0
2023-11-28 08:00:00,55.07,56.35,54.64,56.18,1404961.0
2023-11-28 12:00:00,56.17,56.41,55.39,56.06,1542615.0
2023-11-28 16:00:00,56.06,58.45,55.93,58.04,2686769.0
2023-11-28 20:00:00,58.04,58.66,57.59,58.19,1042101.0
2023-11-29 00:00:00,58.2,58.88,57.72,58.53,1223606.0
2023-11-29 04:00:00,58.53,59.65,58.18,59.33,1492057.0
2023-11-29 08:00:00,59.33,61.81,59.33,60.66,3429655.0
2023-11-29 12:00:00,60.66,61.67,59.09,60.08,2985721.0
2023-11-29 16:00:00,60.08,60.39,58.84,60.07,1442020.0
2023-11-29 20:00:00,60.07,60.27,58.53,59.32,970946.0
2023-11-30 00:00:00,59.31,60.76,58.74,60.41,1372208.0
2023-11-30 04:00:00,60.4,61.26,59.64,59.99,1398889.0
2023-11-30 08:00:00,60.0,60.97,59.23,60.8,1481843.0
2023-11-30 12:00:00,60.8,61.75,59.16,59.59,2605830.0
2023-11-30 16:00:00,59.58,60.01,58.94,59.99,808747.0
2023-11-30 20:00:00,59.99,60.19,58.99,59.31,554082.0
2023-12-01 00:00:00,59.3,61.08,58.59,60.77,1764243.0
2023-12-01 04:00:00,60.78,61.3,60.23,60.88,1257851.0
2023-12-01 08:00:00,60.87,61.9,60.66,61.02,1624863.0
2023-12-01 12:00:00,61.03,61.18,59.73,60.14,1342927.0
2023-12-01 16:00:00,60.14,61.09,59.84,60.5,1676399.0
2023-12-01 20:00:00,60.5,60.71,59.57,59.77,779391.0
2023-12-02 00:00:00,59.76,61.2,59.68,61.04,1020154.0
2023-12-02 04:00:00,61.04,62.71,60.81,62.03,1769118.0
2023-12-02 08:00:00,62.03,62.53,61.63,62.16,1155800.0
2023-12-02 12:00:00,62.15,62.58,61.41,61.87,1231829.0
2023-12-02 16:00:00,61.87,63.48,61.36,63.0,1792672.0
2023-12-02 20:00:00,63.0,63.96,62.73,63.68,942807.0
2023-12-03 00:00:00,63.68,65.6,63.52,64.11,2776183.0
2023-12-03 04:00:00,64.12,64.31,63.47,63.95,893432.0
2023-12-03 08:00:00,63.96,64.15,63.02,63.54,761427.0
2023-12-03 12:00:00,63.55,63.6,62.39,62.99,1341381.0
2023-12-03 16:00:00,63.0,63.06,62.24,62.95,583754.0
2023-12-03 20:00:00,62.95,64.12,62.5,62.98,1186545.0
2023-12-04 00:00:00,62.99,64.96,62.91,64.24,1688478.0
2023-12-04 04:00:00,64.24,65.38,63.6,63.76,1960277.0
2023-12-04 08:00:00,63.76,64.39,59.02,62.09,4889619.0
2023-12-04 12:00:00,62.08,62.25,59.87,60.52,3087373.0
2023-12-04 16:00:00,60.52,61.32,60.32,61.04,899146.0
2023-12-04 20:00:00,61.03,62.1,60.66,61.66,992781.0
2023-12-05 00:00:00,61.66,62.22,59.56,60.59,2006295.0
2023-12-05 04:00:00,60.59,60.66,59.08,59.69,1394629.0
2023-12-05 08:00:00,59.67,60.45,59.42,60.18,917348.0
2023-12-05 12:00:00,60.17,61.74,59.98,60.99,1605770.0
2023-12-05 16:00:00,60.98,62.69,60.39,61.42,2723307.0
2023-12-05 20:00:00,61.43,61.66,60.13,61.03,937119.0
2023-12-06 00:00:00,61.04,64.53,61.02,64.41,3464091.0
2023-12-06 04:00:00,64.41,64.72,62.58,63.39,2313441.0
2023-12-06 08:00:00,63.4,66.77,61.6,63.01,5417486.0
2023-12-06 12:00:00,63.01,63.7,62.36,62.6,1656358.0
2023-12-06 16:00:00,62.61,64.45,62.5,64.44,1247890.0
2023-12-06 20:00:00,64.43,64.61,61.33,61.83,1660865.0
2023-12-07 00:00:00,61.84,63.99,61.62,62.92,1057581.0
2023-12-07 04:00:00,62.91,63.87,62.83,63.35,704633.0
2023-12-07 08:00:00,63.35,64.39,61.74,64.27,3016051.0
2023-12-07 12:00:00,64.26,66.29,63.65,65.91,2931939.0
2023-12-07 16:00:00,65.91,67.7,64.51,64.8,2799194.0
2023-12-07 20:00:00,64.8,69.49,64.66,67.77,2690149.0
2023-12-08 00:00:00,67.79,72.35,67.78,71.49,3458252.0
2023-12-08 04:00:00,71.49,72.89,70.85,71.38,2941424.0
2023-12-08 08:00:00,71.38,73.9,70.55,72.97,2530178.0
2023-12-08 12:00:00,72.97,74.45,71.59,71.94,3582583.0
2023-12-08 16:00:00,71.96,74.2,71.95,72.29,1914028.0
2023-12-08 20:00:00,72.29,75.52,72.26,74.94,1678864.0
2023-12-09 00:00:00,74.94,75.62,72.97,74.19,1694510.0
2023-12-09 04:00:00,74.19,77.83,73.67,76.97,2760339.0
2023-12-09 08:00:00,76.96,77.64,74.57,77.16,3302292.0
2023-12-09 12:00:00,77.15,77.5,75.02,75.58,2145011.0
2023-12-09 16:00:00,75.58,75.87,72.75,74.09,1982593.0
2023-12-09 20:00:00,74.1,74.37,71.5,72.33,1493963.0
2023-12-10 00:00:00,72.34,74.01,72.12,73.03,1143290.0
2023-12-10 04:00:00,73.03,73.68,71.63,72.48,1080479.0
2023-12-10 08:00:00,72.48,72.8,70.65,71.46,1492174.0
2023-12-10 12:00:00,71.45,74.66,71.39,73.73,1660585.0
2023-12-10 16:00:00,73.72,74.12,72.17,73.53,1157939.0
2023-12-10 20:00:00,73.53,74.92,73.34,74.86,1130031.0
2023-12-11 00:00:00,74.86,74.98,62.66,70.82,6021134.0
2023-12-11 04:00:00,70.82,71.16,67.79,68.45,2566233.0
2023-12-11 08:00:00,68.45,69.96,67.73,69.65,1477666.0
2023-12-11 12:00:00,69.65,69.85,66.79,69.24,2886397.0
2023-12-11 16:00:00,69.23,70.88,67.88,69.32,3631769.0
2023-12-11 20:00:00,69.33,70.64,67.72,70.23,1444282.0
2023-12-12 00:00:00,70.23,72.45,70.22,71.17,2132096.0
2023-12-12 04:00:00,71.17,71.77,69.6,71.74,1497864.0
2023-12-12 08:00:00,71.74,72.23,70.48,70.61,1315818.0
2023-12-12 12:00:00,70.62,71.87,68.21,68.48,2638248.0
2023-12-12 16:00:00,68.48,68.8,65.75,67.61,2278521.0
2023-12-12 20:00:00,67.62,69.09,66.87,68.6,899822.0
2023-12-13 00:00:00,68.59,68.76,65.12,65.5,2469619.0
2023-12-13 04:00:00,65.5,66.27,63.65,64.9,2161194.0
2023-12-13 08:00:00,64.9,66.63,64.78,65.39,1122660.0
2023-12-13 12:00:00,65.4,68.18,65.11,67.55,1662011.0
2023-12-13 16:00:00,67.56,70.6,66.74,70.35,1528555.0
2023-12-13 20:00:00,70.36,72.65,70.1,70.64,1718910.0
2023-12-14 00:00:00,70.66,71.09,69.68,70.09,919224.0
2023-12-14 04:00:00,70.1,71.91,69.71,71.56,1206689.0
2023-12-14 08:00:00,71.55,73.74,71.07,73.51,1520489.0
2023-12-14 12:00:00,73.51,73.85,68.0,71.64,3375594.0
2023-12-14 16:00:00,71.67,74.56,71.66,73.31,1935295.0
2023-12-14 20:00:00,73.31,76.3,72.69,75.7,1455899.0
2023-12-15 00:00:00,75.71,75.89,74.04,74.42,1427070.0
2023-12-15 04:00:00,74.43,77.11,74.38,76.62,2156835.0
2023-12-15 08:00:00,76.62,79.33,76.21,79.16,2343759.0
2023-12-15 12:00:00,79.16,79.6,75.2,76.06,3222862.0
2023-12-15 16:00:00,76.04,77.45,73.54,76.91,2367664.0
2023-12-15 20:00:00,76.91,77.24,72.14,72.52,1534751.0
2023-12-16 00:00:00,72.53,74.41,71.2,74.24,1874602.0
2023-12-16 04:00:00,74.23,74.6,73.64,74.37,757123.0
2023-12-16 08:00:00,74.38,75.17,73.77,75.15,887463.0
2023-12-16 12:00:00,75.17,77.25,74.9,77.14,1734229.0
2023-12-16 16:00:00,77.17,77.22,73.78,74.16,1316975.0
2023-12-16 20:00:00,74.18,74.57,72.84,73.74,941511.0
2023-12-17 00:00:00,73.73,74.16,72.6,73.53,794611.0
2023-12-17 04:00:00,73.54,74.27,72.03,72.35,1121174.0
2023-12-17 08:00:00,72.34,73.32,71.83,73.09,683833.0
2023-12-17 12:00:00,73.09,73.29,71.39,72.7,1328079.0
2023-12-17 16:00:00,72.71,75.14,72.27,73.57,1439462.0
2023-12-17 20:00:00,73.57,74.21,70.51,70.87,1100427.0
2023-12-18 00:00:00,70.86,71.96,68.58,69.91,1762238.0
2023-12-18 04:00:00,69.9,70.18,68.67,68.93,1109630.0
2023-12-18 08:00:00,68.93,69.95,66.91,69.02,2493025.0
2023-12-18 12:00:00,69.01,71.83,68.24,70.77,2029621.0
2023-12-18 16:00:00,70.77,72.69,70.4,72.34,1086505.0
2023-12-18 20:00:00,72.33,75.49,71.63,74.43,1605375.0
2023-12-19 00:00:00,74.44,76.06,73.86,75.28,1314759.0
2023-12-19 04:00:00,75.28,76.4,75.01,75.74,1112098.0
2023-12-19 08:00:00,75.74,76.1,74.52,74.66,942617.0
2023-12-19 12:00:00,74.67,75.17,72.79,73.72,1617956.0
2023-12-19 16:00:00,73.72,74.35,71.8,74.23,1363885.0
2023-12-19 20:00:00,74.25,75.47,72.27,73.0,1189669.0
2023-12-20 00:00:00,73.0,75.18,72.95,74.95,1325778.0
2023-12-20 04:00:00,74.95,76.23,74.3,76.1,1371159.0
2023-12-20 08:00:00,76.1,78.64,75.46,77.09,2213611.0
2023-12-20 12:00:00,77.07,81.45,76.37,80.75,3096892.0
2023-12-20 16:00:00,80.75,84.25,79.13,81.11,3619046.0
2023-12-20 20:00:00,81.12,82.45,79.15,82.2,2516980.0
2023-12-21 00:00:00,82.21,84.91,81.09,83.39,2732785.0
2023-12-21 04:00:00,83.38,87.15,83.02,86.81,2645719.0
2023-12-21 08:00:00,86.8,88.47,85.18,87.11,2616581.0
2023-12-21 12:00:00,87.11,88.86,85.56,87.54,2870400.0
2023-12-21 16:00:00,87.54,95.99,87.52,92.97,5756041.0
2023-12-21 20:00:00,92.96,95.62,91.32,93.9,1910813.0
2023-12-22 00:00:00,93.91,99.6,93.13,97.78,4642547.0
2023-12-22 04:00:00,97.77,99.35,92.34,93.85,3872742.0
2023-12-22 08:00:00,93.86,95.26,90.39,93.81,2993658.0
2023-12-22 12:00:00,93.81,96.81,92.05,96.35,2492910.0
2023-12-22 16:00:00,96.36,97.69,93.38,96.9,2327277.0
2023-12-22 20:00:00,96.9,98.45,95.8,97.9,1137491.0
2023-12-23 00:00:00,97.9,98.23,93.37,93.78,1847524.0
2023-12-23 04:00:00,93.76,96.54,92.8,95.39,1286999.0
2023-12-23 08:00:00,95.38,96.43,94.72,95.89,994483.0
2023-12-23 12:00:00,95.88,97.37,95.29,96.74,1506000.0
2023-12-23 16:00:00,96.74,104.0,96.14,102.96,3551696.0
2023-12-23 20:00:00,102.96,110.81,101.55,107.99,3381940.0
2023-12-24 00:00:00,107.99,118.0,107.35,116.21,4838062.0
2023-12-24 04:00:00,116.21,118.45,110.39,114.5,4038046.0
2023-12-24 08:00:00,114.5,114.78,107.7,110.43,3120768.0
2023-12-24 12:00:00,110.43,114.51,109.18,113.63,2483632.0
2023-12-24 16:00:00,113.62,117.12,112.21,115.19,2697010.0
2023-12-24 20:00:00,115.21,115.56,109.35,112.5,2220122.0
2023-12-25 00:00:00,112.51,113.17,107.42,112.04,2315888.0
2023-12-25 04:00:00,112.04,114.52,111.53,112.99,1500128.0
2023-12-25 08:00:00,112.97,113.72,109.72,111.84,1484979.0
2023-12-25 12:00:00,111.81,124.69,110.36,123.2,5036045.0
2023-12-25 16:00:00,123.2,127.02,121.12,121.4,3458263.0
2023-12-25 20:00:00,121.39,121.76,116.36,120.85,2462357.0
2023-12-26 00:00:00,120.86,121.39,116.65,119.46,1960955.0
2023-12-26 04:00:00,119.46,120.75,110.67,113.42,4327213.0
2023-12-26 08:00:00,113.38,116.0,111.27,114.83,2162710.0
2023-12-26 12:00:00,114.83,117.12,110.3,110.59,2986768.0
2023-12-26 16:00:00,110.59,113.0,101.64,106.68,5373455.0
2023-12-26 20:00:00,106.64,113.07,106.15,112.42,1852770.0
2023-12-27 00:00:00,112.42,113.65,107.97,108.61,2302988.0
2023-12-27 04:00:00,108.61,112.77,108.49,111.47,1467779.0
2023-12-27 08:00:00,111.45,115.51,110.92,112.83,1963133.0
2023-12-27 12:00:00,112.84,113.31,106.29,107.95,3567392.0
2023-12-27 16:00:00,107.95,110.76,104.55,109.09,3065266.0
2023-12-27 20:00:00,109.1,110.9,106.4,107.01,1034612.0
2023-12-28 00:00:00,107.01,109.77,103.04,104.66,2015694.0
2023-12-28 04:00:00,104.67,106.56,102.28,105.94,1983728.0
2023-12-28 08:00:00,105.94,106.31,103.23,104.91,1475444.0
2023-12-28 12:00:00,104.91,105.19,97.21,99.72,5340296.0
2023-12-28 16:00:00,99.72,101.76,98.38,101.11,2018967.0
2023-12-28 20:00:00,101.11,103.88,98.72,101.81,1737885.0
2023-12-29 00:00:00,101.82,106.0,99.34,104.92,2897542.0
2023-12-29 04:00:00,104.91,108.73,104.09,105.18,2065931.0
2023-12-29 08:00:00,105.2,110.18,105.04,107.72,2422254.0
2023-12-29 12:00:00,107.72,109.88,104.5,106.04,2593579.0
2023-12-29 16:00:00,106.04,108.17,102.67,105.88,2849661.0
2023-12-29 20:00:00,105.88,106.39,102.69,106.19,1079713.0
2023-12-30 00:00:00,106.2,107.63,102.94,103.57,1247333.0
2023-12-30 04:00:00,103.59,104.9,103.05,103.43,1017702.0
2023-12-30 08:00:00,103.43,103.49,100.66,102.22,1555463.0
2023-12-30 12:00:00,102.23,104.42,102.12,104.25,1185295.0
2023-12-30 16:00:00,104.25,104.92,102.58,103.32,953030.0
2023-12-30 20:00:00,103.33,104.37,101.25,101.94,721234.0
2023-12-31 00:00:00,101.94,102.99,99.59,100.7,1095195.0
